Picked up JAVA_TOOL_OPTIONS: -XX:MaxRAMPercentage=75.0 -XX:+ExitOnOutOfMemoryError
SLF4J(W): No SLF4J providers were found.
SLF4J(W): Defaulting to no-operation (NOP) logger implementation
SLF4J(W): See https://www.slf4j.org/codes.html#noProviders for further details.
switchboard-sample-service iteration=1 checkout-v2=false
runtime-evidence iteration=1 monotonicNanos=3577751020297 state=READY version=2 reconnects=0 snapshots=1 staleIntervals=0 staleMillis=0.000000
switchboard-sample-service iteration=2 checkout-v2=false
runtime-evidence iteration=2 monotonicNanos=3577854376839 state=READY version=2 reconnects=0 snapshots=1 staleIntervals=0 staleMillis=0.000000
switchboard-sample-service iteration=3 checkout-v2=false
runtime-evidence iteration=3 monotonicNanos=3577956270255 state=READY version=2 reconnects=0 snapshots=1 staleIntervals=0 staleMillis=0.000000
switchboard-sample-service iteration=4 checkout-v2=false
runtime-evidence iteration=4 monotonicNanos=3578058308755 state=READY version=2 reconnects=0 snapshots=1 staleIntervals=0 staleMillis=0.000000
switchboard-sample-service iteration=5 checkout-v2=false
runtime-evidence iteration=5 monotonicNanos=3578160930172 state=READY version=2 reconnects=0 snapshots=1 staleIntervals=0 staleMillis=0.000000
switchboard-sample-service iteration=6 checkout-v2=false
runtime-evidence iteration=6 monotonicNanos=3578263372589 state=READY version=2 reconnects=0 snapshots=1 staleIntervals=0 staleMillis=0.000000
switchboard-sample-service iteration=7 checkout-v2=false
runtime-evidence iteration=7 monotonicNanos=3578366083672 state=READY version=2 reconnects=0 snapshots=1 staleIntervals=0 staleMillis=0.000000
switchboard-sample-service iteration=8 checkout-v2=false
runtime-evidence iteration=8 monotonicNanos=3578468403547 state=READY version=2 reconnects=0 snapshots=1 staleIntervals=0 staleMillis=0.000000
switchboard-sample-service iteration=9 checkout-v2=false
runtime-evidence iteration=9 monotonicNanos=3578570179214 state=READY version=2 reconnects=0 snapshots=1 staleIntervals=0 staleMillis=0.000000
switchboard-sample-service iteration=10 checkout-v2=false
runtime-evidence iteration=10 monotonicNanos=3578673069006 state=READY version=2 reconnects=0 snapshots=1 staleIntervals=0 staleMillis=0.000000
switchboard-sample-service iteration=11 checkout-v2=false
runtime-evidence iteration=11 monotonicNanos=3578775260381 state=READY version=2 reconnects=0 snapshots=1 staleIntervals=0 staleMillis=0.000000
switchboard-sample-service iteration=12 checkout-v2=false
runtime-evidence iteration=12 monotonicNanos=3578878294131 state=READY version=2 reconnects=0 snapshots=1 staleIntervals=0 staleMillis=0.000000
switchboard-sample-service iteration=13 checkout-v2=false
runtime-evidence iteration=13 monotonicNanos=3578980865047 state=READY version=2 reconnects=0 snapshots=1 staleIntervals=0 staleMillis=0.000000
switchboard-sample-service iteration=14 checkout-v2=false
runtime-evidence iteration=14 monotonicNanos=3579083055922 state=READY version=2 reconnects=0 snapshots=1 staleIntervals=0 staleMillis=0.000000
switchboard-sample-service iteration=15 checkout-v2=false
runtime-evidence iteration=15 monotonicNanos=3579186615548 state=READY version=2 reconnects=0 snapshots=1 staleIntervals=0 staleMillis=0.000000
switchboard-sample-service iteration=16 checkout-v2=false
runtime-evidence iteration=16 monotonicNanos=3579292379006 state=READY version=2 reconnects=0 snapshots=1 staleIntervals=0 staleMillis=0.000000
switchboard-sample-service iteration=17 checkout-v2=false
runtime-evidence iteration=17 monotonicNanos=3579405866006 state=READY version=2 reconnects=0 snapshots=1 staleIntervals=0 staleMillis=0.000000
switchboard-sample-service iteration=18 checkout-v2=false
runtime-evidence iteration=18 monotonicNanos=3579525324673 state=READY version=2 reconnects=0 snapshots=1 staleIntervals=0 staleMillis=0.000000
switchboard-sample-service iteration=19 checkout-v2=false
runtime-evidence iteration=19 monotonicNanos=3579629117631 state=READY version=2 reconnects=0 snapshots=1 staleIntervals=0 staleMillis=0.000000
switchboard-sample-service iteration=20 checkout-v2=false
runtime-evidence iteration=20 monotonicNanos=3579731141714 state=READY version=2 reconnects=0 snapshots=1 staleIntervals=0 staleMillis=0.000000
switchboard-sample-service iteration=21 checkout-v2=false
runtime-evidence iteration=21 monotonicNanos=3579833093965 state=READY version=2 reconnects=0 snapshots=1 staleIntervals=0 staleMillis=0.000000
switchboard-sample-service iteration=22 checkout-v2=false
runtime-evidence iteration=22 monotonicNanos=3579935121923 state=READY version=2 reconnects=0 snapshots=1 staleIntervals=0 staleMillis=0.000000
switchboard-sample-service iteration=23 checkout-v2=false
runtime-evidence iteration=23 monotonicNanos=3580037323006 state=READY version=2 reconnects=0 snapshots=1 staleIntervals=0 staleMillis=0.000000
switchboard-sample-service iteration=24 checkout-v2=false
runtime-evidence iteration=24 monotonicNanos=3580139352673 state=READY version=2 reconnects=0 snapshots=1 staleIntervals=0 staleMillis=0.000000
switchboard-sample-service iteration=25 checkout-v2=false
runtime-evidence iteration=25 monotonicNanos=3580241516715 state=READY version=2 reconnects=0 snapshots=1 staleIntervals=0 staleMillis=0.000000
switchboard-sample-service iteration=26 checkout-v2=false
runtime-evidence iteration=26 monotonicNanos=3580343063715 state=READY version=2 reconnects=0 snapshots=1 staleIntervals=0 staleMillis=0.000000
switchboard-sample-service iteration=27 checkout-v2=false
runtime-evidence iteration=27 monotonicNanos=3580445754881 state=READY_STALE version=2 reconnects=1 snapshots=1 staleIntervals=0 staleMillis=0.000000
switchboard-sample-service iteration=28 checkout-v2=false
runtime-evidence iteration=28 monotonicNanos=3580573093548 state=READY_STALE version=2 reconnects=1 snapshots=1 staleIntervals=0 staleMillis=0.000000
switchboard-sample-service iteration=29 checkout-v2=false
runtime-evidence iteration=29 monotonicNanos=3580680970132 state=READY_STALE version=2 reconnects=1 snapshots=1 staleIntervals=0 staleMillis=0.000000
switchboard-sample-service iteration=30 checkout-v2=false
runtime-evidence iteration=30 monotonicNanos=3580865425548 state=READY_STALE version=2 reconnects=1 snapshots=1 staleIntervals=0 staleMillis=0.000000
switchboard-sample-service iteration=31 checkout-v2=false
runtime-evidence iteration=31 monotonicNanos=3580967856757 state=READY_STALE version=2 reconnects=1 snapshots=1 staleIntervals=0 staleMillis=0.000000
switchboard-sample-service iteration=32 checkout-v2=false
runtime-evidence iteration=32 monotonicNanos=3581069821548 state=READY version=2 reconnects=1 snapshots=1 staleIntervals=1 staleMillis=613.999209
switchboard-sample-service iteration=33 checkout-v2=false
runtime-evidence iteration=33 monotonicNanos=3581172138715 state=READY version=2 reconnects=1 snapshots=1 staleIntervals=1 staleMillis=613.999209
switchboard-sample-service iteration=34 checkout-v2=false
runtime-evidence iteration=34 monotonicNanos=3581274194549 state=READY version=2 reconnects=1 snapshots=1 staleIntervals=1 staleMillis=613.999209
switchboard-sample-service iteration=35 checkout-v2=false
runtime-evidence iteration=35 monotonicNanos=3581375716049 state=READY version=2 reconnects=1 snapshots=1 staleIntervals=1 staleMillis=613.999209
switchboard-sample-service iteration=36 checkout-v2=false
runtime-evidence iteration=36 monotonicNanos=3581476991382 state=READY version=2 reconnects=1 snapshots=1 staleIntervals=1 staleMillis=613.999209
switchboard-sample-service iteration=37 checkout-v2=false
runtime-evidence iteration=37 monotonicNanos=3581580757549 state=READY version=2 reconnects=1 snapshots=1 staleIntervals=1 staleMillis=613.999209
switchboard-sample-service iteration=38 checkout-v2=false
runtime-evidence iteration=38 monotonicNanos=3581683775340 state=READY version=2 reconnects=1 snapshots=1 staleIntervals=1 staleMillis=613.999209
switchboard-sample-service iteration=39 checkout-v2=false
runtime-evidence iteration=39 monotonicNanos=3581787266132 state=READY version=2 reconnects=1 snapshots=1 staleIntervals=1 staleMillis=613.999209
switchboard-sample-service iteration=40 checkout-v2=false
runtime-evidence iteration=40 monotonicNanos=3581889486090 state=READY version=2 reconnects=1 snapshots=1 staleIntervals=1 staleMillis=613.999209
switchboard-sample-service iteration=41 checkout-v2=false
runtime-evidence iteration=41 monotonicNanos=3581993288591 state=READY version=2 reconnects=1 snapshots=1 staleIntervals=1 staleMillis=613.999209
switchboard-sample-service iteration=42 checkout-v2=false
runtime-evidence iteration=42 monotonicNanos=3582095577132 state=READY version=2 reconnects=1 snapshots=1 staleIntervals=1 staleMillis=613.999209
switchboard-sample-service iteration=43 checkout-v2=false
runtime-evidence iteration=43 monotonicNanos=3582197887132 state=READY version=2 reconnects=1 snapshots=1 staleIntervals=1 staleMillis=613.999209
switchboard-sample-service iteration=44 checkout-v2=false
runtime-evidence iteration=44 monotonicNanos=3582299954549 state=READY version=2 reconnects=1 snapshots=1 staleIntervals=1 staleMillis=613.999209
switchboard-sample-service iteration=45 checkout-v2=false
runtime-evidence iteration=45 monotonicNanos=3582402580132 state=READY version=2 reconnects=1 snapshots=1 staleIntervals=1 staleMillis=613.999209
switchboard-sample-service iteration=46 checkout-v2=false
runtime-evidence iteration=46 monotonicNanos=3582533467424 state=READY_STALE version=2 reconnects=2 snapshots=1 staleIntervals=1 staleMillis=613.999209
switchboard-sample-service iteration=47 checkout-v2=false
runtime-evidence iteration=47 monotonicNanos=3582638334133 state=READY_STALE version=2 reconnects=2 snapshots=1 staleIntervals=1 staleMillis=613.999209
switchboard-sample-service iteration=48 checkout-v2=false
runtime-evidence iteration=48 monotonicNanos=3582802510258 state=READY_STALE version=2 reconnects=2 snapshots=1 staleIntervals=1 staleMillis=613.999209
switchboard-sample-service iteration=49 checkout-v2=false
runtime-evidence iteration=49 monotonicNanos=3582904140674 state=READY_STALE version=2 reconnects=2 snapshots=1 staleIntervals=1 staleMillis=613.999209
switchboard-sample-service iteration=50 checkout-v2=false
runtime-evidence iteration=50 monotonicNanos=3583006746508 state=READY_STALE version=2 reconnects=2 snapshots=1 staleIntervals=1 staleMillis=613.999209
switchboard-sample-service iteration=51 checkout-v2=false
runtime-evidence iteration=51 monotonicNanos=3583110556549 state=READY_STALE version=2 reconnects=2 snapshots=1 staleIntervals=1 staleMillis=613.999209
switchboard-sample-service iteration=52 checkout-v2=false
runtime-evidence iteration=52 monotonicNanos=3583215442508 state=READY_STALE version=2 reconnects=2 snapshots=1 staleIntervals=1 staleMillis=613.999209
switchboard-sample-service iteration=53 checkout-v2=false
runtime-evidence iteration=53 monotonicNanos=3583323255091 state=READY_STALE version=2 reconnects=2 snapshots=1 staleIntervals=1 staleMillis=613.999209
switchboard-sample-service iteration=54 checkout-v2=false
runtime-evidence iteration=54 monotonicNanos=3583425510925 state=READY version=2 reconnects=2 snapshots=1 staleIntervals=2 staleMillis=1536.341751
switchboard-sample-service iteration=55 checkout-v2=false
runtime-evidence iteration=55 monotonicNanos=3583527900925 state=READY version=2 reconnects=2 snapshots=1 staleIntervals=2 staleMillis=1536.341751
switchboard-sample-service iteration=56 checkout-v2=false
runtime-evidence iteration=56 monotonicNanos=3583629973300 state=READY version=2 reconnects=2 snapshots=1 staleIntervals=2 staleMillis=1536.341751
switchboard-sample-service iteration=57 checkout-v2=false
runtime-evidence iteration=57 monotonicNanos=3583732157966 state=READY version=2 reconnects=2 snapshots=1 staleIntervals=2 staleMillis=1536.341751
switchboard-sample-service iteration=58 checkout-v2=false
runtime-evidence iteration=58 monotonicNanos=3583834630591 state=READY version=2 reconnects=2 snapshots=1 staleIntervals=2 staleMillis=1536.341751
switchboard-sample-service iteration=59 checkout-v2=false
runtime-evidence iteration=59 monotonicNanos=3583936040341 state=READY version=2 reconnects=2 snapshots=1 staleIntervals=2 staleMillis=1536.341751
switchboard-sample-service iteration=60 checkout-v2=false
runtime-evidence iteration=60 monotonicNanos=3584198392508 state=READY version=2 reconnects=2 snapshots=1 staleIntervals=2 staleMillis=1536.341751
switchboard-sample-service iteration=61 checkout-v2=false
runtime-evidence iteration=61 monotonicNanos=3584300456717 state=READY version=2 reconnects=2 snapshots=1 staleIntervals=2 staleMillis=1536.341751
switchboard-sample-service iteration=62 checkout-v2=false
runtime-evidence iteration=62 monotonicNanos=3584402322883 state=READY version=2 reconnects=2 snapshots=1 staleIntervals=2 staleMillis=1536.341751
switchboard-sample-service iteration=63 checkout-v2=false
runtime-evidence iteration=63 monotonicNanos=3584504599967 state=READY version=2 reconnects=2 snapshots=1 staleIntervals=2 staleMillis=1536.341751
switchboard-sample-service iteration=64 checkout-v2=false
runtime-evidence iteration=64 monotonicNanos=3584606463300 state=READY version=2 reconnects=2 snapshots=1 staleIntervals=2 staleMillis=1536.341751
switchboard-sample-service iteration=65 checkout-v2=false
runtime-evidence iteration=65 monotonicNanos=3584711419050 state=READY version=2 reconnects=2 snapshots=1 staleIntervals=2 staleMillis=1536.341751
switchboard-sample-service iteration=66 checkout-v2=false
runtime-evidence iteration=66 monotonicNanos=3584814924342 state=READY version=2 reconnects=2 snapshots=1 staleIntervals=2 staleMillis=1536.341751
switchboard-sample-service iteration=67 checkout-v2=false
runtime-evidence iteration=67 monotonicNanos=3584920509134 state=READY version=2 reconnects=2 snapshots=1 staleIntervals=2 staleMillis=1536.341751
switchboard-sample-service iteration=68 checkout-v2=false
runtime-evidence iteration=68 monotonicNanos=3585037645925 state=READY version=2 reconnects=2 snapshots=1 staleIntervals=2 staleMillis=1536.341751
switchboard-sample-service iteration=69 checkout-v2=false
runtime-evidence iteration=69 monotonicNanos=3585141683175 state=READY version=2 reconnects=2 snapshots=1 staleIntervals=2 staleMillis=1536.341751
switchboard-sample-service iteration=70 checkout-v2=false
runtime-evidence iteration=70 monotonicNanos=3585251578717 state=READY version=2 reconnects=2 snapshots=1 staleIntervals=2 staleMillis=1536.341751
switchboard-sample-service iteration=71 checkout-v2=false
runtime-evidence iteration=71 monotonicNanos=3585356764342 state=READY version=2 reconnects=2 snapshots=1 staleIntervals=2 staleMillis=1536.341751
switchboard-sample-service iteration=72 checkout-v2=false
runtime-evidence iteration=72 monotonicNanos=3585458581676 state=READY version=2 reconnects=2 snapshots=1 staleIntervals=2 staleMillis=1536.341751
switchboard-sample-service iteration=73 checkout-v2=false
runtime-evidence iteration=73 monotonicNanos=3585559846926 state=READY version=2 reconnects=2 snapshots=1 staleIntervals=2 staleMillis=1536.341751
switchboard-sample-service iteration=74 checkout-v2=false
runtime-evidence iteration=74 monotonicNanos=3585661144259 state=READY version=2 reconnects=2 snapshots=1 staleIntervals=2 staleMillis=1536.341751
switchboard-sample-service iteration=75 checkout-v2=false
runtime-evidence iteration=75 monotonicNanos=3585763086301 state=READY version=2 reconnects=2 snapshots=1 staleIntervals=2 staleMillis=1536.341751
switchboard-sample-service iteration=76 checkout-v2=false
runtime-evidence iteration=76 monotonicNanos=3585865406634 state=READY version=2 reconnects=2 snapshots=1 staleIntervals=2 staleMillis=1536.341751
switchboard-sample-service iteration=77 checkout-v2=false
runtime-evidence iteration=77 monotonicNanos=3585966864467 state=READY version=2 reconnects=2 snapshots=1 staleIntervals=2 staleMillis=1536.341751
switchboard-sample-service iteration=78 checkout-v2=false
runtime-evidence iteration=78 monotonicNanos=3586068820759 state=READY version=2 reconnects=2 snapshots=1 staleIntervals=2 staleMillis=1536.341751
switchboard-sample-service iteration=79 checkout-v2=false
runtime-evidence iteration=79 monotonicNanos=3586172075551 state=READY version=2 reconnects=2 snapshots=1 staleIntervals=2 staleMillis=1536.341751
switchboard-sample-service iteration=80 checkout-v2=false
runtime-evidence iteration=80 monotonicNanos=3586273878426 state=READY version=2 reconnects=2 snapshots=1 staleIntervals=2 staleMillis=1536.341751
switchboard-sample-service iteration=81 checkout-v2=false
runtime-evidence iteration=81 monotonicNanos=3586375643426 state=READY version=2 reconnects=2 snapshots=1 staleIntervals=2 staleMillis=1536.341751
switchboard-sample-service iteration=82 checkout-v2=false
runtime-evidence iteration=82 monotonicNanos=3586476907509 state=READY version=2 reconnects=2 snapshots=1 staleIntervals=2 staleMillis=1536.341751
switchboard-sample-service iteration=83 checkout-v2=false
runtime-evidence iteration=83 monotonicNanos=3586581543843 state=READY version=2 reconnects=2 snapshots=1 staleIntervals=2 staleMillis=1536.341751
switchboard-sample-service iteration=84 checkout-v2=false
runtime-evidence iteration=84 monotonicNanos=3586682820593 state=READY version=2 reconnects=2 snapshots=1 staleIntervals=2 staleMillis=1536.341751
switchboard-sample-service iteration=85 checkout-v2=false
runtime-evidence iteration=85 monotonicNanos=3586784112426 state=READY version=2 reconnects=2 snapshots=1 staleIntervals=2 staleMillis=1536.341751
switchboard-sample-service iteration=86 checkout-v2=false
runtime-evidence iteration=86 monotonicNanos=3586885806593 state=READY version=2 reconnects=2 snapshots=1 staleIntervals=2 staleMillis=1536.341751
switchboard-sample-service iteration=87 checkout-v2=false
runtime-evidence iteration=87 monotonicNanos=3586986958510 state=READY version=2 reconnects=2 snapshots=1 staleIntervals=2 staleMillis=1536.341751
switchboard-sample-service iteration=88 checkout-v2=false
runtime-evidence iteration=88 monotonicNanos=3587089285801 state=READY version=2 reconnects=2 snapshots=1 staleIntervals=2 staleMillis=1536.341751
switchboard-sample-service iteration=89 checkout-v2=false
runtime-evidence iteration=89 monotonicNanos=3587191652885 state=READY version=2 reconnects=2 snapshots=1 staleIntervals=2 staleMillis=1536.341751
switchboard-sample-service iteration=90 checkout-v2=false
runtime-evidence iteration=90 monotonicNanos=3587294165093 state=READY version=2 reconnects=2 snapshots=1 staleIntervals=2 staleMillis=1536.341751
switchboard-sample-service iteration=91 checkout-v2=false
runtime-evidence iteration=91 monotonicNanos=3587396202176 state=READY version=2 reconnects=2 snapshots=1 staleIntervals=2 staleMillis=1536.341751
switchboard-sample-service iteration=92 checkout-v2=false
runtime-evidence iteration=92 monotonicNanos=3587497974801 state=READY version=2 reconnects=2 snapshots=1 staleIntervals=2 staleMillis=1536.341751
switchboard-sample-service iteration=93 checkout-v2=false
runtime-evidence iteration=93 monotonicNanos=3587601122427 state=READY version=2 reconnects=2 snapshots=1 staleIntervals=2 staleMillis=1536.341751
switchboard-sample-service iteration=94 checkout-v2=false
runtime-evidence iteration=94 monotonicNanos=3587702819843 state=READY version=2 reconnects=2 snapshots=1 staleIntervals=2 staleMillis=1536.341751
switchboard-sample-service iteration=95 checkout-v2=false
runtime-evidence iteration=95 monotonicNanos=3587806497093 state=READY version=2 reconnects=2 snapshots=1 staleIntervals=2 staleMillis=1536.341751
switchboard-sample-service iteration=96 checkout-v2=false
runtime-evidence iteration=96 monotonicNanos=3587909348802 state=READY version=2 reconnects=2 snapshots=1 staleIntervals=2 staleMillis=1536.341751
switchboard-sample-service iteration=97 checkout-v2=false
runtime-evidence iteration=97 monotonicNanos=3588011051218 state=READY version=2 reconnects=2 snapshots=1 staleIntervals=2 staleMillis=1536.341751
switchboard-sample-service iteration=98 checkout-v2=false
runtime-evidence iteration=98 monotonicNanos=3588112914177 state=READY version=2 reconnects=2 snapshots=1 staleIntervals=2 staleMillis=1536.341751
switchboard-sample-service iteration=99 checkout-v2=false
runtime-evidence iteration=99 monotonicNanos=3588214562677 state=READY version=2 reconnects=2 snapshots=1 staleIntervals=2 staleMillis=1536.341751
switchboard-sample-service iteration=100 checkout-v2=false
runtime-evidence iteration=100 monotonicNanos=3588703676677 state=READY version=2 reconnects=2 snapshots=1 staleIntervals=2 staleMillis=1536.341751
switchboard-sample-service iteration=101 checkout-v2=false
runtime-evidence iteration=101 monotonicNanos=3588808056052 state=READY version=2 reconnects=2 snapshots=1 staleIntervals=2 staleMillis=1536.341751
switchboard-sample-service iteration=102 checkout-v2=false
runtime-evidence iteration=102 monotonicNanos=3588910363677 state=READY version=2 reconnects=2 snapshots=1 staleIntervals=2 staleMillis=1536.341751
switchboard-sample-service iteration=103 checkout-v2=false
runtime-evidence iteration=103 monotonicNanos=3589012490302 state=READY version=2 reconnects=2 snapshots=1 staleIntervals=2 staleMillis=1536.341751
switchboard-sample-service iteration=104 checkout-v2=false
runtime-evidence iteration=104 monotonicNanos=3589114042886 state=READY version=2 reconnects=2 snapshots=1 staleIntervals=2 staleMillis=1536.341751
switchboard-sample-service iteration=105 checkout-v2=false
runtime-evidence iteration=105 monotonicNanos=3589215752802 state=READY version=2 reconnects=2 snapshots=1 staleIntervals=2 staleMillis=1536.341751
switchboard-sample-service iteration=106 checkout-v2=false
runtime-evidence iteration=106 monotonicNanos=3589316705552 state=READY version=2 reconnects=2 snapshots=1 staleIntervals=2 staleMillis=1536.341751
switchboard-sample-service iteration=107 checkout-v2=false
runtime-evidence iteration=107 monotonicNanos=3589418676802 state=READY version=2 reconnects=2 snapshots=1 staleIntervals=2 staleMillis=1536.341751
switchboard-sample-service iteration=108 checkout-v2=false
runtime-evidence iteration=108 monotonicNanos=3589519624844 state=READY version=2 reconnects=2 snapshots=1 staleIntervals=2 staleMillis=1536.341751
switchboard-sample-service iteration=109 checkout-v2=false
runtime-evidence iteration=109 monotonicNanos=3589621200761 state=READY version=2 reconnects=2 snapshots=1 staleIntervals=2 staleMillis=1536.341751
switchboard-sample-service iteration=110 checkout-v2=false
runtime-evidence iteration=110 monotonicNanos=3589724444178 state=READY version=2 reconnects=2 snapshots=1 staleIntervals=2 staleMillis=1536.341751
switchboard-sample-service iteration=111 checkout-v2=false
runtime-evidence iteration=111 monotonicNanos=3589826104719 state=READY version=2 reconnects=2 snapshots=1 staleIntervals=2 staleMillis=1536.341751
switchboard-sample-service iteration=112 checkout-v2=false
runtime-evidence iteration=112 monotonicNanos=3589928088219 state=READY version=2 reconnects=2 snapshots=1 staleIntervals=2 staleMillis=1536.341751
switchboard-sample-service iteration=113 checkout-v2=false
runtime-evidence iteration=113 monotonicNanos=3590029653969 state=READY version=2 reconnects=2 snapshots=1 staleIntervals=2 staleMillis=1536.341751
switchboard-sample-service iteration=114 checkout-v2=false
runtime-evidence iteration=114 monotonicNanos=3590130720094 state=READY version=2 reconnects=2 snapshots=1 staleIntervals=2 staleMillis=1536.341751
switchboard-sample-service iteration=115 checkout-v2=false
runtime-evidence iteration=115 monotonicNanos=3590232902636 state=READY version=2 reconnects=2 snapshots=1 staleIntervals=2 staleMillis=1536.341751
switchboard-sample-service iteration=116 checkout-v2=false
runtime-evidence iteration=116 monotonicNanos=3590335181845 state=READY version=2 reconnects=2 snapshots=1 staleIntervals=2 staleMillis=1536.341751
switchboard-sample-service iteration=117 checkout-v2=false
runtime-evidence iteration=117 monotonicNanos=3590437621345 state=READY version=2 reconnects=2 snapshots=1 staleIntervals=2 staleMillis=1536.341751
switchboard-sample-service iteration=118 checkout-v2=false
runtime-evidence iteration=118 monotonicNanos=3590538909886 state=READY version=2 reconnects=2 snapshots=1 staleIntervals=2 staleMillis=1536.341751
switchboard-sample-service iteration=119 checkout-v2=false
runtime-evidence iteration=119 monotonicNanos=3590640789053 state=READY version=2 reconnects=2 snapshots=1 staleIntervals=2 staleMillis=1536.341751
switchboard-sample-service iteration=120 checkout-v2=false
runtime-evidence iteration=120 monotonicNanos=3590743469553 state=READY version=2 reconnects=2 snapshots=1 staleIntervals=2 staleMillis=1536.341751
switchboard-sample-service iteration=121 checkout-v2=false
runtime-evidence iteration=121 monotonicNanos=3590844795303 state=READY version=2 reconnects=2 snapshots=1 staleIntervals=2 staleMillis=1536.341751
switchboard-sample-service iteration=122 checkout-v2=false
runtime-evidence iteration=122 monotonicNanos=3590947742845 state=READY version=2 reconnects=2 snapshots=1 staleIntervals=2 staleMillis=1536.341751
switchboard-sample-service iteration=123 checkout-v2=false
runtime-evidence iteration=123 monotonicNanos=3591049130803 state=READY version=2 reconnects=2 snapshots=1 staleIntervals=2 staleMillis=1536.341751
switchboard-sample-service iteration=124 checkout-v2=false
runtime-evidence iteration=124 monotonicNanos=3591151260512 state=READY version=2 reconnects=2 snapshots=1 staleIntervals=2 staleMillis=1536.341751
switchboard-sample-service iteration=125 checkout-v2=false
runtime-evidence iteration=125 monotonicNanos=3591252756595 state=READY version=2 reconnects=2 snapshots=1 staleIntervals=2 staleMillis=1536.341751
switchboard-sample-service iteration=126 checkout-v2=false
runtime-evidence iteration=126 monotonicNanos=3591353745345 state=READY version=2 reconnects=2 snapshots=1 staleIntervals=2 staleMillis=1536.341751
switchboard-sample-service iteration=127 checkout-v2=false
runtime-evidence iteration=127 monotonicNanos=3591454649637 state=READY version=2 reconnects=2 snapshots=1 staleIntervals=2 staleMillis=1536.341751
switchboard-sample-service iteration=128 checkout-v2=false
runtime-evidence iteration=128 monotonicNanos=3591555923678 state=READY version=2 reconnects=2 snapshots=1 staleIntervals=2 staleMillis=1536.341751
switchboard-sample-service iteration=129 checkout-v2=false
runtime-evidence iteration=129 monotonicNanos=3591657855012 state=READY version=2 reconnects=2 snapshots=1 staleIntervals=2 staleMillis=1536.341751
switchboard-sample-service iteration=130 checkout-v2=false
runtime-evidence iteration=130 monotonicNanos=3591759967595 state=READY version=2 reconnects=2 snapshots=1 staleIntervals=2 staleMillis=1536.341751
switchboard-sample-service iteration=131 checkout-v2=false
runtime-evidence iteration=131 monotonicNanos=3591861680262 state=READY version=2 reconnects=2 snapshots=1 staleIntervals=2 staleMillis=1536.341751
switchboard-sample-service iteration=132 checkout-v2=false
runtime-evidence iteration=132 monotonicNanos=3591962392970 state=READY version=2 reconnects=2 snapshots=1 staleIntervals=2 staleMillis=1536.341751
switchboard-sample-service iteration=133 checkout-v2=false
runtime-evidence iteration=133 monotonicNanos=3592063904012 state=READY version=2 reconnects=2 snapshots=1 staleIntervals=2 staleMillis=1536.341751
switchboard-sample-service iteration=134 checkout-v2=false
runtime-evidence iteration=134 monotonicNanos=3592165750929 state=READY version=2 reconnects=2 snapshots=1 staleIntervals=2 staleMillis=1536.341751
switchboard-sample-service iteration=135 checkout-v2=false
runtime-evidence iteration=135 monotonicNanos=3592266420179 state=READY version=2 reconnects=2 snapshots=1 staleIntervals=2 staleMillis=1536.341751
switchboard-sample-service iteration=136 checkout-v2=false
runtime-evidence iteration=136 monotonicNanos=3592367570512 state=READY version=2 reconnects=2 snapshots=1 staleIntervals=2 staleMillis=1536.341751
switchboard-sample-service iteration=137 checkout-v2=false
runtime-evidence iteration=137 monotonicNanos=3592468508471 state=READY version=2 reconnects=2 snapshots=1 staleIntervals=2 staleMillis=1536.341751
switchboard-sample-service iteration=138 checkout-v2=false
runtime-evidence iteration=138 monotonicNanos=3592569763429 state=READY version=2 reconnects=2 snapshots=1 staleIntervals=2 staleMillis=1536.341751
switchboard-sample-service iteration=139 checkout-v2=false
runtime-evidence iteration=139 monotonicNanos=3592672361846 state=READY version=2 reconnects=2 snapshots=1 staleIntervals=2 staleMillis=1536.341751
switchboard-sample-service iteration=140 checkout-v2=false
runtime-evidence iteration=140 monotonicNanos=3592775187721 state=READY version=2 reconnects=2 snapshots=1 staleIntervals=2 staleMillis=1536.341751
switchboard-sample-service iteration=141 checkout-v2=false
runtime-evidence iteration=141 monotonicNanos=3592877036304 state=READY version=2 reconnects=2 snapshots=1 staleIntervals=2 staleMillis=1536.341751
switchboard-sample-service iteration=142 checkout-v2=false
runtime-evidence iteration=142 monotonicNanos=3592978570679 state=READY version=2 reconnects=2 snapshots=1 staleIntervals=2 staleMillis=1536.341751
switchboard-sample-service iteration=143 checkout-v2=false
runtime-evidence iteration=143 monotonicNanos=3593080459554 state=READY version=2 reconnects=2 snapshots=1 staleIntervals=2 staleMillis=1536.341751
switchboard-sample-service iteration=144 checkout-v2=false
runtime-evidence iteration=144 monotonicNanos=3593309029388 state=READY version=2 reconnects=2 snapshots=1 staleIntervals=2 staleMillis=1536.341751
switchboard-sample-service iteration=145 checkout-v2=false
runtime-evidence iteration=145 monotonicNanos=3593412705138 state=READY version=2 reconnects=2 snapshots=1 staleIntervals=2 staleMillis=1536.341751
switchboard-sample-service iteration=146 checkout-v2=false
runtime-evidence iteration=146 monotonicNanos=3593515091429 state=READY version=2 reconnects=2 snapshots=1 staleIntervals=2 staleMillis=1536.341751
switchboard-sample-service iteration=147 checkout-v2=false
runtime-evidence iteration=147 monotonicNanos=3593616637971 state=READY version=2 reconnects=2 snapshots=1 staleIntervals=2 staleMillis=1536.341751
switchboard-sample-service iteration=148 checkout-v2=false
runtime-evidence iteration=148 monotonicNanos=3593717733138 state=READY version=2 reconnects=2 snapshots=1 staleIntervals=2 staleMillis=1536.341751
switchboard-sample-service iteration=149 checkout-v2=false
runtime-evidence iteration=149 monotonicNanos=3593818641263 state=READY version=2 reconnects=2 snapshots=1 staleIntervals=2 staleMillis=1536.341751
switchboard-sample-service iteration=150 checkout-v2=false
runtime-evidence iteration=150 monotonicNanos=3593920923430 state=READY version=2 reconnects=2 snapshots=1 staleIntervals=2 staleMillis=1536.341751
switchboard-sample-service iteration=151 checkout-v2=false
runtime-evidence iteration=151 monotonicNanos=3594025066138 state=READY version=2 reconnects=2 snapshots=1 staleIntervals=2 staleMillis=1536.341751
switchboard-sample-service iteration=152 checkout-v2=false
runtime-evidence iteration=152 monotonicNanos=3594126738055 state=READY version=2 reconnects=2 snapshots=1 staleIntervals=2 staleMillis=1536.341751
switchboard-sample-service iteration=153 checkout-v2=false
runtime-evidence iteration=153 monotonicNanos=3594227558138 state=READY version=2 reconnects=2 snapshots=1 staleIntervals=2 staleMillis=1536.341751
switchboard-sample-service iteration=154 checkout-v2=false
runtime-evidence iteration=154 monotonicNanos=3594328548721 state=READY version=2 reconnects=2 snapshots=1 staleIntervals=2 staleMillis=1536.341751
switchboard-sample-service iteration=155 checkout-v2=false
runtime-evidence iteration=155 monotonicNanos=3594429662305 state=READY version=2 reconnects=2 snapshots=1 staleIntervals=2 staleMillis=1536.341751
switchboard-sample-service iteration=156 checkout-v2=false
runtime-evidence iteration=156 monotonicNanos=3594530625430 state=READY version=2 reconnects=2 snapshots=1 staleIntervals=2 staleMillis=1536.341751
switchboard-sample-service iteration=157 checkout-v2=false
runtime-evidence iteration=157 monotonicNanos=3594631593180 state=READY version=2 reconnects=2 snapshots=1 staleIntervals=2 staleMillis=1536.341751
switchboard-sample-service iteration=158 checkout-v2=false
runtime-evidence iteration=158 monotonicNanos=3594732693097 state=READY version=2 reconnects=2 snapshots=1 staleIntervals=2 staleMillis=1536.341751
switchboard-sample-service iteration=159 checkout-v2=false
runtime-evidence iteration=159 monotonicNanos=3594833655097 state=READY version=2 reconnects=2 snapshots=1 staleIntervals=2 staleMillis=1536.341751
switchboard-sample-service iteration=160 checkout-v2=false
runtime-evidence iteration=160 monotonicNanos=3594934647555 state=READY version=2 reconnects=2 snapshots=1 staleIntervals=2 staleMillis=1536.341751
switchboard-sample-service iteration=161 checkout-v2=false
runtime-evidence iteration=161 monotonicNanos=3595036698388 state=READY version=2 reconnects=2 snapshots=1 staleIntervals=2 staleMillis=1536.341751
switchboard-sample-service iteration=162 checkout-v2=false
runtime-evidence iteration=162 monotonicNanos=3595137712055 state=READY version=2 reconnects=2 snapshots=1 staleIntervals=2 staleMillis=1536.341751
switchboard-sample-service iteration=163 checkout-v2=false
runtime-evidence iteration=163 monotonicNanos=3595238796680 state=READY version=2 reconnects=2 snapshots=1 staleIntervals=2 staleMillis=1536.341751
switchboard-sample-service iteration=164 checkout-v2=false
runtime-evidence iteration=164 monotonicNanos=3595340639430 state=READY version=2 reconnects=2 snapshots=1 staleIntervals=2 staleMillis=1536.341751
switchboard-sample-service iteration=165 checkout-v2=false
runtime-evidence iteration=165 monotonicNanos=3595441657805 state=READY version=2 reconnects=2 snapshots=1 staleIntervals=2 staleMillis=1536.341751
switchboard-sample-service iteration=166 checkout-v2=false
runtime-evidence iteration=166 monotonicNanos=3595542785972 state=READY version=2 reconnects=2 snapshots=1 staleIntervals=2 staleMillis=1536.341751
switchboard-sample-service iteration=167 checkout-v2=false
runtime-evidence iteration=167 monotonicNanos=3595643638222 state=READY version=2 reconnects=2 snapshots=1 staleIntervals=2 staleMillis=1536.341751
switchboard-sample-service iteration=168 checkout-v2=false
runtime-evidence iteration=168 monotonicNanos=3595744505597 state=READY version=2 reconnects=2 snapshots=1 staleIntervals=2 staleMillis=1536.341751
switchboard-sample-service iteration=169 checkout-v2=false
runtime-evidence iteration=169 monotonicNanos=3595845610889 state=READY version=2 reconnects=2 snapshots=1 staleIntervals=2 staleMillis=1536.341751
switchboard-sample-service iteration=170 checkout-v2=false
runtime-evidence iteration=170 monotonicNanos=3595946719972 state=READY version=2 reconnects=2 snapshots=1 staleIntervals=2 staleMillis=1536.341751
switchboard-sample-service iteration=171 checkout-v2=false
runtime-evidence iteration=171 monotonicNanos=3596049574806 state=READY version=2 reconnects=2 snapshots=1 staleIntervals=2 staleMillis=1536.341751
switchboard-sample-service iteration=172 checkout-v2=false
runtime-evidence iteration=172 monotonicNanos=3596151510306 state=READY version=2 reconnects=2 snapshots=1 staleIntervals=2 staleMillis=1536.341751
switchboard-sample-service iteration=173 checkout-v2=false
runtime-evidence iteration=173 monotonicNanos=3596252778347 state=READY version=2 reconnects=2 snapshots=1 staleIntervals=2 staleMillis=1536.341751
switchboard-sample-service iteration=174 checkout-v2=false
runtime-evidence iteration=174 monotonicNanos=3596353738972 state=READY version=2 reconnects=2 snapshots=1 staleIntervals=2 staleMillis=1536.341751
switchboard-sample-service iteration=175 checkout-v2=false
runtime-evidence iteration=175 monotonicNanos=3596454859597 state=READY version=2 reconnects=2 snapshots=1 staleIntervals=2 staleMillis=1536.341751
switchboard-sample-service iteration=176 checkout-v2=false
runtime-evidence iteration=176 monotonicNanos=3596555549222 state=READY version=2 reconnects=2 snapshots=1 staleIntervals=2 staleMillis=1536.341751
switchboard-sample-service iteration=177 checkout-v2=false
runtime-evidence iteration=177 monotonicNanos=3596656785848 state=READY version=2 reconnects=2 snapshots=1 staleIntervals=2 staleMillis=1536.341751
switchboard-sample-service iteration=178 checkout-v2=false
runtime-evidence iteration=178 monotonicNanos=3596758124348 state=READY version=2 reconnects=2 snapshots=1 staleIntervals=2 staleMillis=1536.341751
switchboard-sample-service iteration=179 checkout-v2=false
runtime-evidence iteration=179 monotonicNanos=3596859943556 state=READY version=2 reconnects=2 snapshots=1 staleIntervals=2 staleMillis=1536.341751
switchboard-sample-service iteration=180 checkout-v2=false
runtime-evidence iteration=180 monotonicNanos=3596961555848 state=READY version=2 reconnects=2 snapshots=1 staleIntervals=2 staleMillis=1536.341751
switchboard-sample-service iteration=181 checkout-v2=false
runtime-evidence iteration=181 monotonicNanos=3597062803931 state=READY version=2 reconnects=2 snapshots=1 staleIntervals=2 staleMillis=1536.341751
switchboard-sample-service iteration=182 checkout-v2=false
runtime-evidence iteration=182 monotonicNanos=3597165633264 state=READY version=2 reconnects=2 snapshots=1 staleIntervals=2 staleMillis=1536.341751
switchboard-sample-service iteration=183 checkout-v2=false
runtime-evidence iteration=183 monotonicNanos=3597270109473 state=READY version=2 reconnects=2 snapshots=1 staleIntervals=2 staleMillis=1536.341751
switchboard-sample-service iteration=184 checkout-v2=false
runtime-evidence iteration=184 monotonicNanos=3597371546890 state=READY version=2 reconnects=2 snapshots=1 staleIntervals=2 staleMillis=1536.341751
switchboard-sample-service iteration=185 checkout-v2=false
runtime-evidence iteration=185 monotonicNanos=3597472583223 state=READY version=2 reconnects=2 snapshots=1 staleIntervals=2 staleMillis=1536.341751
switchboard-sample-service iteration=186 checkout-v2=false
runtime-evidence iteration=186 monotonicNanos=3597573482806 state=READY version=2 reconnects=2 snapshots=1 staleIntervals=2 staleMillis=1536.341751
switchboard-sample-service iteration=187 checkout-v2=false
runtime-evidence iteration=187 monotonicNanos=3597676550140 state=READY version=2 reconnects=2 snapshots=1 staleIntervals=2 staleMillis=1536.341751
switchboard-sample-service iteration=188 checkout-v2=false
runtime-evidence iteration=188 monotonicNanos=3597779916681 state=READY version=2 reconnects=2 snapshots=1 staleIntervals=2 staleMillis=1536.341751
switchboard-sample-service iteration=189 checkout-v2=false
runtime-evidence iteration=189 monotonicNanos=3597883631181 state=READY version=2 reconnects=2 snapshots=1 staleIntervals=2 staleMillis=1536.341751
switchboard-sample-service iteration=190 checkout-v2=false
runtime-evidence iteration=190 monotonicNanos=3597989850890 state=READY version=2 reconnects=2 snapshots=1 staleIntervals=2 staleMillis=1536.341751
switchboard-sample-service iteration=191 checkout-v2=false
runtime-evidence iteration=191 monotonicNanos=3598092569223 state=READY version=2 reconnects=2 snapshots=1 staleIntervals=2 staleMillis=1536.341751
switchboard-sample-service iteration=192 checkout-v2=false
runtime-evidence iteration=192 monotonicNanos=3598193905015 state=READY version=2 reconnects=2 snapshots=1 staleIntervals=2 staleMillis=1536.341751
switchboard-sample-service iteration=193 checkout-v2=false
runtime-evidence iteration=193 monotonicNanos=3598296256932 state=READY version=2 reconnects=2 snapshots=1 staleIntervals=2 staleMillis=1536.341751
switchboard-sample-service iteration=194 checkout-v2=false
runtime-evidence iteration=194 monotonicNanos=3598397612473 state=READY version=2 reconnects=2 snapshots=1 staleIntervals=2 staleMillis=1536.341751
switchboard-sample-service iteration=195 checkout-v2=false
runtime-evidence iteration=195 monotonicNanos=3598498923932 state=READY version=2 reconnects=2 snapshots=1 staleIntervals=2 staleMillis=1536.341751
switchboard-sample-service iteration=196 checkout-v2=false
runtime-evidence iteration=196 monotonicNanos=3598603208515 state=READY version=2 reconnects=2 snapshots=1 staleIntervals=2 staleMillis=1536.341751
switchboard-sample-service iteration=197 checkout-v2=false
runtime-evidence iteration=197 monotonicNanos=3598706597724 state=READY version=2 reconnects=2 snapshots=1 staleIntervals=2 staleMillis=1536.341751
switchboard-sample-service iteration=198 checkout-v2=false
runtime-evidence iteration=198 monotonicNanos=3598808073474 state=READY version=2 reconnects=2 snapshots=1 staleIntervals=2 staleMillis=1536.341751
switchboard-sample-service iteration=199 checkout-v2=false
runtime-evidence iteration=199 monotonicNanos=3598910301099 state=READY version=2 reconnects=2 snapshots=1 staleIntervals=2 staleMillis=1536.341751
switchboard-sample-service iteration=200 checkout-v2=false
runtime-evidence iteration=200 monotonicNanos=3599012047307 state=READY version=2 reconnects=2 snapshots=1 staleIntervals=2 staleMillis=1536.341751
switchboard-sample-service iteration=201 checkout-v2=false
runtime-evidence iteration=201 monotonicNanos=3599113599099 state=READY version=2 reconnects=2 snapshots=1 staleIntervals=2 staleMillis=1536.341751
switchboard-sample-service iteration=202 checkout-v2=false
runtime-evidence iteration=202 monotonicNanos=3599214517432 state=READY version=2 reconnects=2 snapshots=1 staleIntervals=2 staleMillis=1536.341751
switchboard-sample-service iteration=203 checkout-v2=false
runtime-evidence iteration=203 monotonicNanos=3599315749974 state=READY version=2 reconnects=2 snapshots=1 staleIntervals=2 staleMillis=1536.341751
switchboard-sample-service iteration=204 checkout-v2=false
runtime-evidence iteration=204 monotonicNanos=3599417620474 state=READY version=2 reconnects=2 snapshots=1 staleIntervals=2 staleMillis=1536.341751
switchboard-sample-service iteration=205 checkout-v2=false
runtime-evidence iteration=205 monotonicNanos=3599518927557 state=READY version=2 reconnects=2 snapshots=1 staleIntervals=2 staleMillis=1536.341751
switchboard-sample-service iteration=206 checkout-v2=false
runtime-evidence iteration=206 monotonicNanos=3599620657266 state=READY version=2 reconnects=2 snapshots=1 staleIntervals=2 staleMillis=1536.341751
switchboard-sample-service iteration=207 checkout-v2=false
runtime-evidence iteration=207 monotonicNanos=3599721684307 state=READY version=2 reconnects=2 snapshots=1 staleIntervals=2 staleMillis=1536.341751
switchboard-sample-service iteration=208 checkout-v2=false
runtime-evidence iteration=208 monotonicNanos=3599823469266 state=READY version=2 reconnects=2 snapshots=1 staleIntervals=2 staleMillis=1536.341751
switchboard-sample-service iteration=209 checkout-v2=false
runtime-evidence iteration=209 monotonicNanos=3599924419682 state=READY version=2 reconnects=2 snapshots=1 staleIntervals=2 staleMillis=1536.341751
switchboard-sample-service iteration=210 checkout-v2=false
runtime-evidence iteration=210 monotonicNanos=3600025736224 state=READY version=2 reconnects=2 snapshots=1 staleIntervals=2 staleMillis=1536.341751
switchboard-sample-service iteration=211 checkout-v2=false
runtime-evidence iteration=211 monotonicNanos=3600126744849 state=READY version=2 reconnects=2 snapshots=1 staleIntervals=2 staleMillis=1536.341751
switchboard-sample-service iteration=212 checkout-v2=false
runtime-evidence iteration=212 monotonicNanos=3600227871349 state=READY version=2 reconnects=2 snapshots=1 staleIntervals=2 staleMillis=1536.341751
switchboard-sample-service iteration=213 checkout-v2=false
runtime-evidence iteration=213 monotonicNanos=3600328827016 state=READY version=2 reconnects=2 snapshots=1 staleIntervals=2 staleMillis=1536.341751
switchboard-sample-service iteration=214 checkout-v2=false
runtime-evidence iteration=214 monotonicNanos=3600430820016 state=READY version=2 reconnects=2 snapshots=1 staleIntervals=2 staleMillis=1536.341751
switchboard-sample-service iteration=215 checkout-v2=false
runtime-evidence iteration=215 monotonicNanos=3600532514099 state=READY version=2 reconnects=2 snapshots=1 staleIntervals=2 staleMillis=1536.341751
switchboard-sample-service iteration=216 checkout-v2=false
runtime-evidence iteration=216 monotonicNanos=3600634812474 state=READY version=2 reconnects=2 snapshots=1 staleIntervals=2 staleMillis=1536.341751
switchboard-sample-service iteration=217 checkout-v2=false
runtime-evidence iteration=217 monotonicNanos=3600736906599 state=READY version=2 reconnects=2 snapshots=1 staleIntervals=2 staleMillis=1536.341751
switchboard-sample-service iteration=218 checkout-v2=false
runtime-evidence iteration=218 monotonicNanos=3600839276558 state=READY version=2 reconnects=2 snapshots=1 staleIntervals=2 staleMillis=1536.341751
switchboard-sample-service iteration=219 checkout-v2=false
runtime-evidence iteration=219 monotonicNanos=3600940577975 state=READY version=2 reconnects=2 snapshots=1 staleIntervals=2 staleMillis=1536.341751
switchboard-sample-service iteration=220 checkout-v2=false
runtime-evidence iteration=220 monotonicNanos=3601042401141 state=READY version=2 reconnects=2 snapshots=1 staleIntervals=2 staleMillis=1536.341751
switchboard-sample-service iteration=221 checkout-v2=false
runtime-evidence iteration=221 monotonicNanos=3601144135433 state=READY version=2 reconnects=2 snapshots=1 staleIntervals=2 staleMillis=1536.341751
switchboard-sample-service iteration=222 checkout-v2=false
runtime-evidence iteration=222 monotonicNanos=3601247581183 state=READY version=2 reconnects=2 snapshots=1 staleIntervals=2 staleMillis=1536.341751
switchboard-sample-service iteration=223 checkout-v2=false
runtime-evidence iteration=223 monotonicNanos=3601349201683 state=READY version=2 reconnects=2 snapshots=1 staleIntervals=2 staleMillis=1536.341751
switchboard-sample-service iteration=224 checkout-v2=false
runtime-evidence iteration=224 monotonicNanos=3601450956141 state=READY version=2 reconnects=2 snapshots=1 staleIntervals=2 staleMillis=1536.341751
switchboard-sample-service iteration=225 checkout-v2=false
runtime-evidence iteration=225 monotonicNanos=3601552712308 state=READY version=2 reconnects=2 snapshots=1 staleIntervals=2 staleMillis=1536.341751
switchboard-sample-service iteration=226 checkout-v2=false
runtime-evidence iteration=226 monotonicNanos=3601664697683 state=READY version=2 reconnects=2 snapshots=1 staleIntervals=2 staleMillis=1536.341751
switchboard-sample-service iteration=227 checkout-v2=false
runtime-evidence iteration=227 monotonicNanos=3601766349850 state=READY version=2 reconnects=2 snapshots=1 staleIntervals=2 staleMillis=1536.341751
switchboard-sample-service iteration=228 checkout-v2=false
runtime-evidence iteration=228 monotonicNanos=3601867567183 state=READY version=2 reconnects=2 snapshots=1 staleIntervals=2 staleMillis=1536.341751
switchboard-sample-service iteration=229 checkout-v2=false
runtime-evidence iteration=229 monotonicNanos=3601968695100 state=READY version=2 reconnects=2 snapshots=1 staleIntervals=2 staleMillis=1536.341751
switchboard-sample-service iteration=230 checkout-v2=false
runtime-evidence iteration=230 monotonicNanos=3602070165016 state=READY version=2 reconnects=2 snapshots=1 staleIntervals=2 staleMillis=1536.341751
switchboard-sample-service iteration=231 checkout-v2=false
runtime-evidence iteration=231 monotonicNanos=3602172540767 state=READY version=2 reconnects=2 snapshots=1 staleIntervals=2 staleMillis=1536.341751
switchboard-sample-service iteration=232 checkout-v2=false
runtime-evidence iteration=232 monotonicNanos=3602274235850 state=READY version=2 reconnects=2 snapshots=1 staleIntervals=2 staleMillis=1536.341751
switchboard-sample-service iteration=233 checkout-v2=false
runtime-evidence iteration=233 monotonicNanos=3602375978225 state=READY version=2 reconnects=2 snapshots=1 staleIntervals=2 staleMillis=1536.341751
switchboard-sample-service iteration=234 checkout-v2=false
runtime-evidence iteration=234 monotonicNanos=3602477781600 state=READY version=2 reconnects=2 snapshots=1 staleIntervals=2 staleMillis=1536.341751
switchboard-sample-service iteration=235 checkout-v2=false
runtime-evidence iteration=235 monotonicNanos=3602580163892 state=READY version=2 reconnects=2 snapshots=1 staleIntervals=2 staleMillis=1536.341751
switchboard-sample-service iteration=236 checkout-v2=false
runtime-evidence iteration=236 monotonicNanos=3602681906975 state=READY version=2 reconnects=2 snapshots=1 staleIntervals=2 staleMillis=1536.341751
switchboard-sample-service iteration=237 checkout-v2=false
runtime-evidence iteration=237 monotonicNanos=3602784680558 state=READY version=2 reconnects=2 snapshots=1 staleIntervals=2 staleMillis=1536.341751
switchboard-sample-service iteration=238 checkout-v2=false
runtime-evidence iteration=238 monotonicNanos=3602885793434 state=READY version=2 reconnects=2 snapshots=1 staleIntervals=2 staleMillis=1536.341751
switchboard-sample-service iteration=239 checkout-v2=false
runtime-evidence iteration=239 monotonicNanos=3602986839225 state=READY version=2 reconnects=2 snapshots=1 staleIntervals=2 staleMillis=1536.341751
switchboard-sample-service iteration=240 checkout-v2=false
runtime-evidence iteration=240 monotonicNanos=3603088812767 state=READY version=2 reconnects=2 snapshots=1 staleIntervals=2 staleMillis=1536.341751
switchboard-sample-service iteration=241 checkout-v2=false
runtime-evidence iteration=241 monotonicNanos=3603190806392 state=READY version=2 reconnects=2 snapshots=1 staleIntervals=2 staleMillis=1536.341751
switchboard-sample-service iteration=242 checkout-v2=false
runtime-evidence iteration=242 monotonicNanos=3603293120975 state=READY version=2 reconnects=2 snapshots=1 staleIntervals=2 staleMillis=1536.341751
switchboard-sample-service iteration=243 checkout-v2=false
runtime-evidence iteration=243 monotonicNanos=3603396655267 state=READY version=2 reconnects=2 snapshots=1 staleIntervals=2 staleMillis=1536.341751
switchboard-sample-service iteration=244 checkout-v2=false
runtime-evidence iteration=244 monotonicNanos=3603498769850 state=READY version=2 reconnects=2 snapshots=1 staleIntervals=2 staleMillis=1536.341751
switchboard-sample-service iteration=245 checkout-v2=false
runtime-evidence iteration=245 monotonicNanos=3603601199392 state=READY version=2 reconnects=2 snapshots=1 staleIntervals=2 staleMillis=1536.341751
switchboard-sample-service iteration=246 checkout-v2=false
runtime-evidence iteration=246 monotonicNanos=3603702919184 state=READY version=2 reconnects=2 snapshots=1 staleIntervals=2 staleMillis=1536.341751
switchboard-sample-service iteration=247 checkout-v2=false
runtime-evidence iteration=247 monotonicNanos=3603805605101 state=READY version=2 reconnects=2 snapshots=1 staleIntervals=2 staleMillis=1536.341751
switchboard-sample-service iteration=248 checkout-v2=false
runtime-evidence iteration=248 monotonicNanos=3603906885142 state=READY version=2 reconnects=2 snapshots=1 staleIntervals=2 staleMillis=1536.341751
switchboard-sample-service iteration=249 checkout-v2=false
runtime-evidence iteration=249 monotonicNanos=3604008330809 state=READY version=2 reconnects=2 snapshots=1 staleIntervals=2 staleMillis=1536.341751
switchboard-sample-service iteration=250 checkout-v2=false
runtime-evidence iteration=250 monotonicNanos=3604109777101 state=READY version=2 reconnects=2 snapshots=1 staleIntervals=2 staleMillis=1536.341751
switchboard-sample-service iteration=251 checkout-v2=false
runtime-evidence iteration=251 monotonicNanos=3604211687976 state=READY version=2 reconnects=2 snapshots=1 staleIntervals=2 staleMillis=1536.341751
switchboard-sample-service iteration=252 checkout-v2=false
runtime-evidence iteration=252 monotonicNanos=3604313217559 state=READY version=2 reconnects=2 snapshots=1 staleIntervals=2 staleMillis=1536.341751
switchboard-sample-service iteration=253 checkout-v2=false
runtime-evidence iteration=253 monotonicNanos=3604414729393 state=READY version=2 reconnects=2 snapshots=1 staleIntervals=2 staleMillis=1536.341751
switchboard-sample-service iteration=254 checkout-v2=false
runtime-evidence iteration=254 monotonicNanos=3604515703059 state=READY version=2 reconnects=2 snapshots=1 staleIntervals=2 staleMillis=1536.341751
switchboard-sample-service iteration=255 checkout-v2=false
runtime-evidence iteration=255 monotonicNanos=3604617776476 state=READY version=2 reconnects=2 snapshots=1 staleIntervals=2 staleMillis=1536.341751
switchboard-sample-service iteration=256 checkout-v2=false
runtime-evidence iteration=256 monotonicNanos=3604721769018 state=READY version=2 reconnects=2 snapshots=1 staleIntervals=2 staleMillis=1536.341751
switchboard-sample-service iteration=257 checkout-v2=false
runtime-evidence iteration=257 monotonicNanos=3604824341893 state=READY version=2 reconnects=2 snapshots=1 staleIntervals=2 staleMillis=1536.341751
switchboard-sample-service iteration=258 checkout-v2=false
runtime-evidence iteration=258 monotonicNanos=3604925608726 state=READY version=2 reconnects=2 snapshots=1 staleIntervals=2 staleMillis=1536.341751
switchboard-sample-service iteration=259 checkout-v2=false
runtime-evidence iteration=259 monotonicNanos=3605027407185 state=READY version=2 reconnects=2 snapshots=1 staleIntervals=2 staleMillis=1536.341751
switchboard-sample-service iteration=260 checkout-v2=false
runtime-evidence iteration=260 monotonicNanos=3605129050018 state=READY version=2 reconnects=2 snapshots=1 staleIntervals=2 staleMillis=1536.341751
switchboard-sample-service iteration=261 checkout-v2=false
runtime-evidence iteration=261 monotonicNanos=3605233593643 state=READY version=2 reconnects=2 snapshots=1 staleIntervals=2 staleMillis=1536.341751
switchboard-sample-service iteration=262 checkout-v2=false
runtime-evidence iteration=262 monotonicNanos=3605335464101 state=READY version=2 reconnects=2 snapshots=1 staleIntervals=2 staleMillis=1536.341751
switchboard-sample-service iteration=263 checkout-v2=false
runtime-evidence iteration=263 monotonicNanos=3605438259351 state=READY version=2 reconnects=2 snapshots=1 staleIntervals=2 staleMillis=1536.341751
switchboard-sample-service iteration=264 checkout-v2=false
runtime-evidence iteration=264 monotonicNanos=3605540171351 state=READY version=2 reconnects=2 snapshots=1 staleIntervals=2 staleMillis=1536.341751
switchboard-sample-service iteration=265 checkout-v2=false
runtime-evidence iteration=265 monotonicNanos=3605656970518 state=READY version=2 reconnects=2 snapshots=1 staleIntervals=2 staleMillis=1536.341751
switchboard-sample-service iteration=266 checkout-v2=false
runtime-evidence iteration=266 monotonicNanos=3605759029768 state=READY version=2 reconnects=2 snapshots=1 staleIntervals=2 staleMillis=1536.341751
switchboard-sample-service iteration=267 checkout-v2=false
runtime-evidence iteration=267 monotonicNanos=3605861493602 state=READY version=2 reconnects=2 snapshots=1 staleIntervals=2 staleMillis=1536.341751
switchboard-sample-service iteration=268 checkout-v2=false
runtime-evidence iteration=268 monotonicNanos=3605963154685 state=READY version=2 reconnects=2 snapshots=1 staleIntervals=2 staleMillis=1536.341751
switchboard-sample-service iteration=269 checkout-v2=false
runtime-evidence iteration=269 monotonicNanos=3606066714602 state=READY version=2 reconnects=2 snapshots=1 staleIntervals=2 staleMillis=1536.341751
switchboard-sample-service iteration=270 checkout-v2=false
runtime-evidence iteration=270 monotonicNanos=3606170503518 state=READY version=2 reconnects=2 snapshots=1 staleIntervals=2 staleMillis=1536.341751
switchboard-sample-service iteration=271 checkout-v2=false
runtime-evidence iteration=271 monotonicNanos=3606272741393 state=READY version=2 reconnects=2 snapshots=1 staleIntervals=2 staleMillis=1536.341751
switchboard-sample-service iteration=272 checkout-v2=false
runtime-evidence iteration=272 monotonicNanos=3606375831977 state=READY version=2 reconnects=2 snapshots=1 staleIntervals=2 staleMillis=1536.341751
switchboard-sample-service iteration=273 checkout-v2=false
runtime-evidence iteration=273 monotonicNanos=3606476816769 state=READY version=2 reconnects=2 snapshots=1 staleIntervals=2 staleMillis=1536.341751
switchboard-sample-service iteration=274 checkout-v2=false
runtime-evidence iteration=274 monotonicNanos=3606581920852 state=READY version=2 reconnects=2 snapshots=1 staleIntervals=2 staleMillis=1536.341751
switchboard-sample-service iteration=275 checkout-v2=false
runtime-evidence iteration=275 monotonicNanos=3606689208685 state=READY version=2 reconnects=2 snapshots=1 staleIntervals=2 staleMillis=1536.341751
switchboard-sample-service iteration=276 checkout-v2=false
runtime-evidence iteration=276 monotonicNanos=3606790498935 state=READY version=2 reconnects=2 snapshots=1 staleIntervals=2 staleMillis=1536.341751
switchboard-sample-service iteration=277 checkout-v2=false
runtime-evidence iteration=277 monotonicNanos=3606892411727 state=READY version=2 reconnects=2 snapshots=1 staleIntervals=2 staleMillis=1536.341751
switchboard-sample-service iteration=278 checkout-v2=false
runtime-evidence iteration=278 monotonicNanos=3606994389977 state=READY version=2 reconnects=2 snapshots=1 staleIntervals=2 staleMillis=1536.341751
switchboard-sample-service iteration=279 checkout-v2=false
runtime-evidence iteration=279 monotonicNanos=3607095725227 state=READY version=2 reconnects=2 snapshots=1 staleIntervals=2 staleMillis=1536.341751
switchboard-sample-service iteration=280 checkout-v2=false
runtime-evidence iteration=280 monotonicNanos=3607196556644 state=READY version=2 reconnects=2 snapshots=1 staleIntervals=2 staleMillis=1536.341751
switchboard-sample-service iteration=281 checkout-v2=false
runtime-evidence iteration=281 monotonicNanos=3607297727936 state=READY version=2 reconnects=2 snapshots=1 staleIntervals=2 staleMillis=1536.341751
switchboard-sample-service iteration=282 checkout-v2=false
runtime-evidence iteration=282 monotonicNanos=3607400361894 state=READY version=2 reconnects=2 snapshots=1 staleIntervals=2 staleMillis=1536.341751
switchboard-sample-service iteration=283 checkout-v2=false
runtime-evidence iteration=283 monotonicNanos=3607502288102 state=READY version=2 reconnects=2 snapshots=1 staleIntervals=2 staleMillis=1536.341751
switchboard-sample-service iteration=284 checkout-v2=false
runtime-evidence iteration=284 monotonicNanos=3607604027852 state=READY version=2 reconnects=2 snapshots=1 staleIntervals=2 staleMillis=1536.341751
switchboard-sample-service iteration=285 checkout-v2=false
runtime-evidence iteration=285 monotonicNanos=3607706051936 state=READY version=2 reconnects=2 snapshots=1 staleIntervals=2 staleMillis=1536.341751
switchboard-sample-service iteration=286 checkout-v2=false
runtime-evidence iteration=286 monotonicNanos=3607807485728 state=READY version=2 reconnects=2 snapshots=1 staleIntervals=2 staleMillis=1536.341751
switchboard-sample-service iteration=287 checkout-v2=false
runtime-evidence iteration=287 monotonicNanos=3607909824061 state=READY version=2 reconnects=2 snapshots=1 staleIntervals=2 staleMillis=1536.341751
switchboard-sample-service iteration=288 checkout-v2=false
runtime-evidence iteration=288 monotonicNanos=3608011541144 state=READY version=2 reconnects=2 snapshots=1 staleIntervals=2 staleMillis=1536.341751
switchboard-sample-service iteration=289 checkout-v2=false
runtime-evidence iteration=289 monotonicNanos=3608112986144 state=READY version=2 reconnects=2 snapshots=1 staleIntervals=2 staleMillis=1536.341751
switchboard-sample-service iteration=290 checkout-v2=false
runtime-evidence iteration=290 monotonicNanos=3608214539769 state=READY version=2 reconnects=2 snapshots=1 staleIntervals=2 staleMillis=1536.341751
switchboard-sample-service iteration=291 checkout-v2=false
runtime-evidence iteration=291 monotonicNanos=3608316680103 state=READY version=2 reconnects=2 snapshots=1 staleIntervals=2 staleMillis=1536.341751
switchboard-sample-service iteration=292 checkout-v2=false
runtime-evidence iteration=292 monotonicNanos=3608418108811 state=READY version=2 reconnects=2 snapshots=1 staleIntervals=2 staleMillis=1536.341751
switchboard-sample-service iteration=293 checkout-v2=false
runtime-evidence iteration=293 monotonicNanos=3608519448728 state=READY version=2 reconnects=2 snapshots=1 staleIntervals=2 staleMillis=1536.341751
switchboard-sample-service iteration=294 checkout-v2=false
runtime-evidence iteration=294 monotonicNanos=3608620671145 state=READY version=2 reconnects=2 snapshots=1 staleIntervals=2 staleMillis=1536.341751
switchboard-sample-service iteration=295 checkout-v2=false
runtime-evidence iteration=295 monotonicNanos=3608721724561 state=READY version=2 reconnects=2 snapshots=1 staleIntervals=2 staleMillis=1536.341751
switchboard-sample-service iteration=296 checkout-v2=false
runtime-evidence iteration=296 monotonicNanos=3608823037561 state=READY version=2 reconnects=2 snapshots=1 staleIntervals=2 staleMillis=1536.341751
switchboard-sample-service iteration=297 checkout-v2=false
runtime-evidence iteration=297 monotonicNanos=3608925234478 state=READY version=2 reconnects=2 snapshots=1 staleIntervals=2 staleMillis=1536.341751
switchboard-sample-service iteration=298 checkout-v2=false
runtime-evidence iteration=298 monotonicNanos=3609026843103 state=READY version=2 reconnects=2 snapshots=1 staleIntervals=2 staleMillis=1536.341751
switchboard-sample-service iteration=299 checkout-v2=false
runtime-evidence iteration=299 monotonicNanos=3609129635686 state=READY version=2 reconnects=2 snapshots=1 staleIntervals=2 staleMillis=1536.341751
switchboard-sample-service iteration=300 checkout-v2=false
runtime-evidence iteration=300 monotonicNanos=3609232851395 state=READY version=2 reconnects=2 snapshots=1 staleIntervals=2 staleMillis=1536.341751
switchboard-sample-service iteration=301 checkout-v2=false
runtime-evidence iteration=301 monotonicNanos=3609335026562 state=READY version=2 reconnects=2 snapshots=1 staleIntervals=2 staleMillis=1536.341751
switchboard-sample-service iteration=302 checkout-v2=false
runtime-evidence iteration=302 monotonicNanos=3609438242312 state=READY version=2 reconnects=2 snapshots=1 staleIntervals=2 staleMillis=1536.341751
switchboard-sample-service iteration=303 checkout-v2=false
runtime-evidence iteration=303 monotonicNanos=3609541795562 state=READY version=2 reconnects=2 snapshots=1 staleIntervals=2 staleMillis=1536.341751
switchboard-sample-service iteration=304 checkout-v2=false
runtime-evidence iteration=304 monotonicNanos=3609644844020 state=READY version=2 reconnects=2 snapshots=1 staleIntervals=2 staleMillis=1536.341751
switchboard-sample-service iteration=305 checkout-v2=false
runtime-evidence iteration=305 monotonicNanos=3609746695853 state=READY version=2 reconnects=2 snapshots=1 staleIntervals=2 staleMillis=1536.341751
switchboard-sample-service iteration=306 checkout-v2=false
runtime-evidence iteration=306 monotonicNanos=3609847786562 state=READY version=2 reconnects=2 snapshots=1 staleIntervals=2 staleMillis=1536.341751
switchboard-sample-service iteration=307 checkout-v2=false
runtime-evidence iteration=307 monotonicNanos=3609950644895 state=READY version=2 reconnects=2 snapshots=1 staleIntervals=2 staleMillis=1536.341751
switchboard-sample-service iteration=308 checkout-v2=false
runtime-evidence iteration=308 monotonicNanos=3610053532645 state=READY version=2 reconnects=2 snapshots=1 staleIntervals=2 staleMillis=1536.341751
switchboard-sample-service iteration=309 checkout-v2=false
runtime-evidence iteration=309 monotonicNanos=3610154712520 state=READY version=2 reconnects=2 snapshots=1 staleIntervals=2 staleMillis=1536.341751
switchboard-sample-service iteration=310 checkout-v2=false
runtime-evidence iteration=310 monotonicNanos=3610257101104 state=READY version=2 reconnects=2 snapshots=1 staleIntervals=2 staleMillis=1536.341751
switchboard-sample-service iteration=311 checkout-v2=false
runtime-evidence iteration=311 monotonicNanos=3610359388229 state=READY version=2 reconnects=2 snapshots=1 staleIntervals=2 staleMillis=1536.341751
switchboard-sample-service iteration=312 checkout-v2=false
runtime-evidence iteration=312 monotonicNanos=3610460761520 state=READY version=2 reconnects=2 snapshots=1 staleIntervals=2 staleMillis=1536.341751
switchboard-sample-service iteration=313 checkout-v2=false
runtime-evidence iteration=313 monotonicNanos=3610562460812 state=READY version=2 reconnects=2 snapshots=1 staleIntervals=2 staleMillis=1536.341751
switchboard-sample-service iteration=314 checkout-v2=false
runtime-evidence iteration=314 monotonicNanos=3610664142062 state=READY version=2 reconnects=2 snapshots=1 staleIntervals=2 staleMillis=1536.341751
switchboard-sample-service iteration=315 checkout-v2=false
runtime-evidence iteration=315 monotonicNanos=3610765825396 state=READY version=2 reconnects=2 snapshots=1 staleIntervals=2 staleMillis=1536.341751
switchboard-sample-service iteration=316 checkout-v2=false
runtime-evidence iteration=316 monotonicNanos=3610867619687 state=READY version=2 reconnects=2 snapshots=1 staleIntervals=2 staleMillis=1536.341751
switchboard-sample-service iteration=317 checkout-v2=false
runtime-evidence iteration=317 monotonicNanos=3610968835396 state=READY version=2 reconnects=2 snapshots=1 staleIntervals=2 staleMillis=1536.341751
switchboard-sample-service iteration=318 checkout-v2=false
runtime-evidence iteration=318 monotonicNanos=3611070588104 state=READY version=2 reconnects=2 snapshots=1 staleIntervals=2 staleMillis=1536.341751
switchboard-sample-service iteration=319 checkout-v2=false
runtime-evidence iteration=319 monotonicNanos=3611171626396 state=READY version=2 reconnects=2 snapshots=1 staleIntervals=2 staleMillis=1536.341751
switchboard-sample-service iteration=320 checkout-v2=false
runtime-evidence iteration=320 monotonicNanos=3611284872979 state=READY version=2 reconnects=2 snapshots=1 staleIntervals=2 staleMillis=1536.341751
switchboard-sample-service iteration=321 checkout-v2=false
runtime-evidence iteration=321 monotonicNanos=3611386966271 state=READY version=2 reconnects=2 snapshots=1 staleIntervals=2 staleMillis=1536.341751
switchboard-sample-service iteration=322 checkout-v2=false
runtime-evidence iteration=322 monotonicNanos=3611488886188 state=READY version=2 reconnects=2 snapshots=1 staleIntervals=2 staleMillis=1536.341751
switchboard-sample-service iteration=323 checkout-v2=false
runtime-evidence iteration=323 monotonicNanos=3611591396938 state=READY version=2 reconnects=2 snapshots=1 staleIntervals=2 staleMillis=1536.341751
switchboard-sample-service iteration=324 checkout-v2=false
runtime-evidence iteration=324 monotonicNanos=3611694653688 state=READY version=2 reconnects=2 snapshots=1 staleIntervals=2 staleMillis=1536.341751
switchboard-sample-service iteration=325 checkout-v2=false
runtime-evidence iteration=325 monotonicNanos=3611796219688 state=READY version=2 reconnects=2 snapshots=1 staleIntervals=2 staleMillis=1536.341751
switchboard-sample-service iteration=326 checkout-v2=false
runtime-evidence iteration=326 monotonicNanos=3611896999271 state=READY version=2 reconnects=2 snapshots=1 staleIntervals=2 staleMillis=1536.341751
switchboard-sample-service iteration=327 checkout-v2=false
runtime-evidence iteration=327 monotonicNanos=3611999237855 state=READY version=2 reconnects=2 snapshots=1 staleIntervals=2 staleMillis=1536.341751
switchboard-sample-service iteration=328 checkout-v2=false
runtime-evidence iteration=328 monotonicNanos=3612100732896 state=READY version=2 reconnects=2 snapshots=1 staleIntervals=2 staleMillis=1536.341751
switchboard-sample-service iteration=329 checkout-v2=false
runtime-evidence iteration=329 monotonicNanos=3612201853313 state=READY version=2 reconnects=2 snapshots=1 staleIntervals=2 staleMillis=1536.341751
switchboard-sample-service iteration=330 checkout-v2=false
runtime-evidence iteration=330 monotonicNanos=3612304186105 state=READY version=2 reconnects=2 snapshots=1 staleIntervals=2 staleMillis=1536.341751
switchboard-sample-service iteration=331 checkout-v2=false
runtime-evidence iteration=331 monotonicNanos=3612418117938 state=READY version=2 reconnects=2 snapshots=1 staleIntervals=2 staleMillis=1536.341751
switchboard-sample-service iteration=332 checkout-v2=false
runtime-evidence iteration=332 monotonicNanos=3612520299563 state=READY version=2 reconnects=2 snapshots=1 staleIntervals=2 staleMillis=1536.341751
switchboard-sample-service iteration=333 checkout-v2=false
runtime-evidence iteration=333 monotonicNanos=3612621742313 state=READY version=2 reconnects=2 snapshots=1 staleIntervals=2 staleMillis=1536.341751
switchboard-sample-service iteration=334 checkout-v2=false
runtime-evidence iteration=334 monotonicNanos=3612723732563 state=READY version=2 reconnects=2 snapshots=1 staleIntervals=2 staleMillis=1536.341751
switchboard-sample-service iteration=335 checkout-v2=false
runtime-evidence iteration=335 monotonicNanos=3612828390313 state=READY version=2 reconnects=2 snapshots=1 staleIntervals=2 staleMillis=1536.341751
switchboard-sample-service iteration=336 checkout-v2=false
runtime-evidence iteration=336 monotonicNanos=3612936495438 state=READY version=2 reconnects=2 snapshots=1 staleIntervals=2 staleMillis=1536.341751
switchboard-sample-service iteration=337 checkout-v2=false
runtime-evidence iteration=337 monotonicNanos=3613038613397 state=READY version=2 reconnects=2 snapshots=1 staleIntervals=2 staleMillis=1536.341751
switchboard-sample-service iteration=338 checkout-v2=false
runtime-evidence iteration=338 monotonicNanos=3613141294022 state=READY version=2 reconnects=2 snapshots=1 staleIntervals=2 staleMillis=1536.341751
switchboard-sample-service iteration=339 checkout-v2=false
runtime-evidence iteration=339 monotonicNanos=3613242450688 state=READY version=2 reconnects=2 snapshots=1 staleIntervals=2 staleMillis=1536.341751
switchboard-sample-service iteration=340 checkout-v2=false
runtime-evidence iteration=340 monotonicNanos=3613343593272 state=READY version=2 reconnects=2 snapshots=1 staleIntervals=2 staleMillis=1536.341751
switchboard-sample-service iteration=341 checkout-v2=false
runtime-evidence iteration=341 monotonicNanos=3613446926314 state=READY version=2 reconnects=2 snapshots=1 staleIntervals=2 staleMillis=1536.341751
switchboard-sample-service iteration=342 checkout-v2=false
runtime-evidence iteration=342 monotonicNanos=3613547797105 state=READY version=2 reconnects=2 snapshots=1 staleIntervals=2 staleMillis=1536.341751
switchboard-sample-service iteration=343 checkout-v2=false
runtime-evidence iteration=343 monotonicNanos=3613649562897 state=READY version=2 reconnects=2 snapshots=1 staleIntervals=2 staleMillis=1536.341751
switchboard-sample-service iteration=344 checkout-v2=false
runtime-evidence iteration=344 monotonicNanos=3613752461105 state=READY version=2 reconnects=2 snapshots=1 staleIntervals=2 staleMillis=1536.341751
switchboard-sample-service iteration=345 checkout-v2=false
runtime-evidence iteration=345 monotonicNanos=3613853744064 state=READY version=2 reconnects=2 snapshots=1 staleIntervals=2 staleMillis=1536.341751
switchboard-sample-service iteration=346 checkout-v2=false
runtime-evidence iteration=346 monotonicNanos=3613955564689 state=READY version=2 reconnects=2 snapshots=1 staleIntervals=2 staleMillis=1536.341751
switchboard-sample-service iteration=347 checkout-v2=false
runtime-evidence iteration=347 monotonicNanos=3614057148106 state=READY version=2 reconnects=2 snapshots=1 staleIntervals=2 staleMillis=1536.341751
switchboard-sample-service iteration=348 checkout-v2=false
runtime-evidence iteration=348 monotonicNanos=3614158847147 state=READY version=2 reconnects=2 snapshots=1 staleIntervals=2 staleMillis=1536.341751
switchboard-sample-service iteration=349 checkout-v2=false
runtime-evidence iteration=349 monotonicNanos=3614260038314 state=READY version=2 reconnects=2 snapshots=1 staleIntervals=2 staleMillis=1536.341751
switchboard-sample-service iteration=350 checkout-v2=false
runtime-evidence iteration=350 monotonicNanos=3614360756147 state=READY version=2 reconnects=2 snapshots=1 staleIntervals=2 staleMillis=1536.341751
switchboard-sample-service iteration=351 checkout-v2=false
runtime-evidence iteration=351 monotonicNanos=3614463289939 state=READY version=2 reconnects=2 snapshots=1 staleIntervals=2 staleMillis=1536.341751
switchboard-sample-service iteration=352 checkout-v2=false
runtime-evidence iteration=352 monotonicNanos=3614564583356 state=READY version=2 reconnects=2 snapshots=1 staleIntervals=2 staleMillis=1536.341751
switchboard-sample-service iteration=353 checkout-v2=false
runtime-evidence iteration=353 monotonicNanos=3614665820647 state=READY version=2 reconnects=2 snapshots=1 staleIntervals=2 staleMillis=1536.341751
switchboard-sample-service iteration=354 checkout-v2=false
runtime-evidence iteration=354 monotonicNanos=3614767236648 state=READY version=2 reconnects=2 snapshots=1 staleIntervals=2 staleMillis=1536.341751
switchboard-sample-service iteration=355 checkout-v2=false
runtime-evidence iteration=355 monotonicNanos=3614869018731 state=READY version=2 reconnects=2 snapshots=1 staleIntervals=2 staleMillis=1536.341751
switchboard-sample-service iteration=356 checkout-v2=false
runtime-evidence iteration=356 monotonicNanos=3614970954523 state=READY version=2 reconnects=2 snapshots=1 staleIntervals=2 staleMillis=1536.341751
switchboard-sample-service iteration=357 checkout-v2=false
runtime-evidence iteration=357 monotonicNanos=3615073734606 state=READY version=2 reconnects=2 snapshots=1 staleIntervals=2 staleMillis=1536.341751
switchboard-sample-service iteration=358 checkout-v2=false
runtime-evidence iteration=358 monotonicNanos=3615176209189 state=READY version=2 reconnects=2 snapshots=1 staleIntervals=2 staleMillis=1536.341751
switchboard-sample-service iteration=359 checkout-v2=false
runtime-evidence iteration=359 monotonicNanos=3615277712814 state=READY version=2 reconnects=2 snapshots=1 staleIntervals=2 staleMillis=1536.341751
switchboard-sample-service iteration=360 checkout-v2=false
runtime-evidence iteration=360 monotonicNanos=3615378937106 state=READY version=2 reconnects=2 snapshots=1 staleIntervals=2 staleMillis=1536.341751
switchboard-sample-service iteration=361 checkout-v2=false
runtime-evidence iteration=361 monotonicNanos=3615479629315 state=READY version=2 reconnects=2 snapshots=1 staleIntervals=2 staleMillis=1536.341751
switchboard-sample-service iteration=362 checkout-v2=false
runtime-evidence iteration=362 monotonicNanos=3615580692606 state=READY version=2 reconnects=2 snapshots=1 staleIntervals=2 staleMillis=1536.341751
switchboard-sample-service iteration=363 checkout-v2=false
runtime-evidence iteration=363 monotonicNanos=3615681679648 state=READY version=2 reconnects=2 snapshots=1 staleIntervals=2 staleMillis=1536.341751
switchboard-sample-service iteration=364 checkout-v2=false
runtime-evidence iteration=364 monotonicNanos=3615782519898 state=READY version=2 reconnects=2 snapshots=1 staleIntervals=2 staleMillis=1536.341751
switchboard-sample-service iteration=365 checkout-v2=false
runtime-evidence iteration=365 monotonicNanos=3615884095731 state=READY version=2 reconnects=2 snapshots=1 staleIntervals=2 staleMillis=1536.341751
switchboard-sample-service iteration=366 checkout-v2=false
runtime-evidence iteration=366 monotonicNanos=3615986416690 state=READY version=2 reconnects=2 snapshots=1 staleIntervals=2 staleMillis=1536.341751
switchboard-sample-service iteration=367 checkout-v2=false
runtime-evidence iteration=367 monotonicNanos=3616088164231 state=READY version=2 reconnects=2 snapshots=1 staleIntervals=2 staleMillis=1536.341751
switchboard-sample-service iteration=368 checkout-v2=false
runtime-evidence iteration=368 monotonicNanos=3616190437107 state=READY version=2 reconnects=2 snapshots=1 staleIntervals=2 staleMillis=1536.341751
switchboard-sample-service iteration=369 checkout-v2=false
runtime-evidence iteration=369 monotonicNanos=3616292070815 state=READY version=2 reconnects=2 snapshots=1 staleIntervals=2 staleMillis=1536.341751
switchboard-sample-service iteration=370 checkout-v2=false
runtime-evidence iteration=370 monotonicNanos=3616394890565 state=READY version=2 reconnects=2 snapshots=1 staleIntervals=2 staleMillis=1536.341751
switchboard-sample-service iteration=371 checkout-v2=false
runtime-evidence iteration=371 monotonicNanos=3616498258482 state=READY version=2 reconnects=2 snapshots=1 staleIntervals=2 staleMillis=1536.341751
switchboard-sample-service iteration=372 checkout-v2=false
runtime-evidence iteration=372 monotonicNanos=3616602739148 state=READY version=2 reconnects=2 snapshots=1 staleIntervals=2 staleMillis=1536.341751
switchboard-sample-service iteration=373 checkout-v2=false
runtime-evidence iteration=373 monotonicNanos=3616706086940 state=READY version=2 reconnects=2 snapshots=1 staleIntervals=2 staleMillis=1536.341751
switchboard-sample-service iteration=374 checkout-v2=false
runtime-evidence iteration=374 monotonicNanos=3616810961482 state=READY version=2 reconnects=2 snapshots=1 staleIntervals=2 staleMillis=1536.341751
switchboard-sample-service iteration=375 checkout-v2=false
runtime-evidence iteration=375 monotonicNanos=3616912756940 state=READY version=2 reconnects=2 snapshots=1 staleIntervals=2 staleMillis=1536.341751
switchboard-sample-service iteration=376 checkout-v2=false
runtime-evidence iteration=376 monotonicNanos=3617013503732 state=READY version=2 reconnects=2 snapshots=1 staleIntervals=2 staleMillis=1536.341751
switchboard-sample-service iteration=377 checkout-v2=false
runtime-evidence iteration=377 monotonicNanos=3617116262065 state=READY version=2 reconnects=2 snapshots=1 staleIntervals=2 staleMillis=1536.341751
switchboard-sample-service iteration=378 checkout-v2=false
runtime-evidence iteration=378 monotonicNanos=3617218320815 state=READY version=2 reconnects=2 snapshots=1 staleIntervals=2 staleMillis=1536.341751
switchboard-sample-service iteration=379 checkout-v2=false
runtime-evidence iteration=379 monotonicNanos=3617324888357 state=READY version=2 reconnects=2 snapshots=1 staleIntervals=2 staleMillis=1536.341751
switchboard-sample-service iteration=380 checkout-v2=false
runtime-evidence iteration=380 monotonicNanos=3617426813274 state=READY version=2 reconnects=2 snapshots=1 staleIntervals=2 staleMillis=1536.341751
switchboard-sample-service iteration=381 checkout-v2=false
runtime-evidence iteration=381 monotonicNanos=3617528682732 state=READY version=2 reconnects=2 snapshots=1 staleIntervals=2 staleMillis=1536.341751
switchboard-sample-service iteration=382 checkout-v2=false
runtime-evidence iteration=382 monotonicNanos=3617630208816 state=READY version=2 reconnects=2 snapshots=1 staleIntervals=2 staleMillis=1536.341751
switchboard-sample-service iteration=383 checkout-v2=false
runtime-evidence iteration=383 monotonicNanos=3617733154566 state=READY version=2 reconnects=2 snapshots=1 staleIntervals=2 staleMillis=1536.341751
switchboard-sample-service iteration=384 checkout-v2=false
runtime-evidence iteration=384 monotonicNanos=3617835024941 state=READY version=2 reconnects=2 snapshots=1 staleIntervals=2 staleMillis=1536.341751
switchboard-sample-service iteration=385 checkout-v2=false
runtime-evidence iteration=385 monotonicNanos=3617937885691 state=READY version=2 reconnects=2 snapshots=1 staleIntervals=2 staleMillis=1536.341751
switchboard-sample-service iteration=386 checkout-v2=false
runtime-evidence iteration=386 monotonicNanos=3618040489232 state=READY version=2 reconnects=2 snapshots=1 staleIntervals=2 staleMillis=1536.341751
switchboard-sample-service iteration=387 checkout-v2=false
runtime-evidence iteration=387 monotonicNanos=3618141550607 state=READY version=2 reconnects=2 snapshots=1 staleIntervals=2 staleMillis=1536.341751
switchboard-sample-service iteration=388 checkout-v2=false
runtime-evidence iteration=388 monotonicNanos=3618244280733 state=READY version=2 reconnects=2 snapshots=1 staleIntervals=2 staleMillis=1536.341751
switchboard-sample-service iteration=389 checkout-v2=false
runtime-evidence iteration=389 monotonicNanos=3618346307233 state=READY version=2 reconnects=2 snapshots=1 staleIntervals=2 staleMillis=1536.341751
switchboard-sample-service iteration=390 checkout-v2=false
runtime-evidence iteration=390 monotonicNanos=3618448441233 state=READY version=2 reconnects=2 snapshots=1 staleIntervals=2 staleMillis=1536.341751
switchboard-sample-service iteration=391 checkout-v2=false
runtime-evidence iteration=391 monotonicNanos=3618549508941 state=READY version=2 reconnects=2 snapshots=1 staleIntervals=2 staleMillis=1536.341751
switchboard-sample-service iteration=392 checkout-v2=false
runtime-evidence iteration=392 monotonicNanos=3618651418733 state=READY version=2 reconnects=2 snapshots=1 staleIntervals=2 staleMillis=1536.341751
switchboard-sample-service iteration=393 checkout-v2=false
runtime-evidence iteration=393 monotonicNanos=3618755816983 state=READY version=2 reconnects=2 snapshots=1 staleIntervals=2 staleMillis=1536.341751
switchboard-sample-service iteration=394 checkout-v2=false
runtime-evidence iteration=394 monotonicNanos=3618858799858 state=READY version=2 reconnects=2 snapshots=1 staleIntervals=2 staleMillis=1536.341751
switchboard-sample-service iteration=395 checkout-v2=false
runtime-evidence iteration=395 monotonicNanos=3618960799150 state=READY version=2 reconnects=2 snapshots=1 staleIntervals=2 staleMillis=1536.341751
switchboard-sample-service iteration=396 checkout-v2=false
runtime-evidence iteration=396 monotonicNanos=3619061557400 state=READY version=2 reconnects=2 snapshots=1 staleIntervals=2 staleMillis=1536.341751
switchboard-sample-service iteration=397 checkout-v2=false
runtime-evidence iteration=397 monotonicNanos=3619162725233 state=READY version=2 reconnects=2 snapshots=1 staleIntervals=2 staleMillis=1536.341751
switchboard-sample-service iteration=398 checkout-v2=false
runtime-evidence iteration=398 monotonicNanos=3619265370900 state=READY version=2 reconnects=2 snapshots=1 staleIntervals=2 staleMillis=1536.341751
switchboard-sample-service iteration=399 checkout-v2=false
runtime-evidence iteration=399 monotonicNanos=3619366532316 state=READY version=2 reconnects=2 snapshots=1 staleIntervals=2 staleMillis=1536.341751
switchboard-sample-service iteration=400 checkout-v2=false
runtime-evidence iteration=400 monotonicNanos=3619473760400 state=READY version=2 reconnects=2 snapshots=1 staleIntervals=2 staleMillis=1536.341751
switchboard-sample-service iteration=401 checkout-v2=false
runtime-evidence iteration=401 monotonicNanos=3619576620983 state=READY version=2 reconnects=2 snapshots=1 staleIntervals=2 staleMillis=1536.341751
switchboard-sample-service iteration=402 checkout-v2=false
runtime-evidence iteration=402 monotonicNanos=3619679701150 state=READY version=2 reconnects=2 snapshots=1 staleIntervals=2 staleMillis=1536.341751
switchboard-sample-service iteration=403 checkout-v2=false
runtime-evidence iteration=403 monotonicNanos=3619781535858 state=READY version=2 reconnects=2 snapshots=1 staleIntervals=2 staleMillis=1536.341751
switchboard-sample-service iteration=404 checkout-v2=false
runtime-evidence iteration=404 monotonicNanos=3619882674192 state=READY version=2 reconnects=2 snapshots=1 staleIntervals=2 staleMillis=1536.341751
switchboard-sample-service iteration=405 checkout-v2=false
runtime-evidence iteration=405 monotonicNanos=3619983755275 state=READY version=2 reconnects=2 snapshots=1 staleIntervals=2 staleMillis=1536.341751
switchboard-sample-service iteration=406 checkout-v2=false
runtime-evidence iteration=406 monotonicNanos=3620084540942 state=READY version=2 reconnects=2 snapshots=1 staleIntervals=2 staleMillis=1536.341751
switchboard-sample-service iteration=407 checkout-v2=false
runtime-evidence iteration=407 monotonicNanos=3620186139317 state=READY version=2 reconnects=2 snapshots=1 staleIntervals=2 staleMillis=1536.341751
switchboard-sample-service iteration=408 checkout-v2=false
runtime-evidence iteration=408 monotonicNanos=3620288785192 state=READY version=2 reconnects=2 snapshots=1 staleIntervals=2 staleMillis=1536.341751
switchboard-sample-service iteration=409 checkout-v2=false
runtime-evidence iteration=409 monotonicNanos=3620389721609 state=READY version=2 reconnects=2 snapshots=1 staleIntervals=2 staleMillis=1536.341751
switchboard-sample-service iteration=410 checkout-v2=false
runtime-evidence iteration=410 monotonicNanos=3620490648275 state=READY version=2 reconnects=2 snapshots=1 staleIntervals=2 staleMillis=1536.341751
switchboard-sample-service iteration=411 checkout-v2=false
runtime-evidence iteration=411 monotonicNanos=3620591543192 state=READY version=2 reconnects=2 snapshots=1 staleIntervals=2 staleMillis=1536.341751
switchboard-sample-service iteration=412 checkout-v2=false
runtime-evidence iteration=412 monotonicNanos=3620692598734 state=READY version=2 reconnects=2 snapshots=1 staleIntervals=2 staleMillis=1536.341751
switchboard-sample-service iteration=413 checkout-v2=false
runtime-evidence iteration=413 monotonicNanos=3620793502859 state=READY version=2 reconnects=2 snapshots=1 staleIntervals=2 staleMillis=1536.341751
switchboard-sample-service iteration=414 checkout-v2=false
runtime-evidence iteration=414 monotonicNanos=3620894497775 state=READY version=2 reconnects=2 snapshots=1 staleIntervals=2 staleMillis=1536.341751
switchboard-sample-service iteration=415 checkout-v2=false
runtime-evidence iteration=415 monotonicNanos=3620995788275 state=READY version=2 reconnects=2 snapshots=1 staleIntervals=2 staleMillis=1536.341751
switchboard-sample-service iteration=416 checkout-v2=false
runtime-evidence iteration=416 monotonicNanos=3621097456026 state=READY version=2 reconnects=2 snapshots=1 staleIntervals=2 staleMillis=1536.341751
switchboard-sample-service iteration=417 checkout-v2=false
runtime-evidence iteration=417 monotonicNanos=3621198887942 state=READY version=2 reconnects=2 snapshots=1 staleIntervals=2 staleMillis=1536.341751
switchboard-sample-service iteration=418 checkout-v2=false
runtime-evidence iteration=418 monotonicNanos=3621302942484 state=READY version=2 reconnects=2 snapshots=1 staleIntervals=2 staleMillis=1536.341751
switchboard-sample-service iteration=419 checkout-v2=false
runtime-evidence iteration=419 monotonicNanos=3621405414151 state=READY version=2 reconnects=2 snapshots=1 staleIntervals=2 staleMillis=1536.341751
switchboard-sample-service iteration=420 checkout-v2=false
runtime-evidence iteration=420 monotonicNanos=3621507371776 state=READY version=2 reconnects=2 snapshots=1 staleIntervals=2 staleMillis=1536.341751
switchboard-sample-service iteration=421 checkout-v2=false
runtime-evidence iteration=421 monotonicNanos=3621611948359 state=READY version=2 reconnects=2 snapshots=1 staleIntervals=2 staleMillis=1536.341751
switchboard-sample-service iteration=422 checkout-v2=false
runtime-evidence iteration=422 monotonicNanos=3621717595943 state=READY version=2 reconnects=2 snapshots=1 staleIntervals=2 staleMillis=1536.341751
switchboard-sample-service iteration=423 checkout-v2=false
runtime-evidence iteration=423 monotonicNanos=3621818612151 state=READY version=2 reconnects=2 snapshots=1 staleIntervals=2 staleMillis=1536.341751
switchboard-sample-service iteration=424 checkout-v2=false
runtime-evidence iteration=424 monotonicNanos=3621919653151 state=READY version=2 reconnects=2 snapshots=1 staleIntervals=2 staleMillis=1536.341751
switchboard-sample-service iteration=425 checkout-v2=false
runtime-evidence iteration=425 monotonicNanos=3622021020693 state=READY version=2 reconnects=2 snapshots=1 staleIntervals=2 staleMillis=1536.341751
switchboard-sample-service iteration=426 checkout-v2=false
runtime-evidence iteration=426 monotonicNanos=3622125049818 state=READY version=2 reconnects=2 snapshots=1 staleIntervals=2 staleMillis=1536.341751
switchboard-sample-service iteration=427 checkout-v2=false
runtime-evidence iteration=427 monotonicNanos=3622227409776 state=READY version=2 reconnects=2 snapshots=1 staleIntervals=2 staleMillis=1536.341751
switchboard-sample-service iteration=428 checkout-v2=false
runtime-evidence iteration=428 monotonicNanos=3622331448151 state=READY version=2 reconnects=2 snapshots=1 staleIntervals=2 staleMillis=1536.341751
switchboard-sample-service iteration=429 checkout-v2=false
runtime-evidence iteration=429 monotonicNanos=3622434443985 state=READY version=2 reconnects=2 snapshots=1 staleIntervals=2 staleMillis=1536.341751
switchboard-sample-service iteration=430 checkout-v2=false
runtime-evidence iteration=430 monotonicNanos=3622535944693 state=READY version=2 reconnects=2 snapshots=1 staleIntervals=2 staleMillis=1536.341751
switchboard-sample-service iteration=431 checkout-v2=false
runtime-evidence iteration=431 monotonicNanos=3622641573193 state=READY version=2 reconnects=2 snapshots=1 staleIntervals=2 staleMillis=1536.341751
switchboard-sample-service iteration=432 checkout-v2=false
runtime-evidence iteration=432 monotonicNanos=3622765583360 state=READY version=2 reconnects=2 snapshots=1 staleIntervals=2 staleMillis=1536.341751
switchboard-sample-service iteration=433 checkout-v2=false
runtime-evidence iteration=433 monotonicNanos=3622866985360 state=READY version=2 reconnects=2 snapshots=1 staleIntervals=2 staleMillis=1536.341751
switchboard-sample-service iteration=434 checkout-v2=false
runtime-evidence iteration=434 monotonicNanos=3622968473818 state=READY version=2 reconnects=2 snapshots=1 staleIntervals=2 staleMillis=1536.341751
switchboard-sample-service iteration=435 checkout-v2=false
runtime-evidence iteration=435 monotonicNanos=3623070538151 state=READY version=2 reconnects=2 snapshots=1 staleIntervals=2 staleMillis=1536.341751
switchboard-sample-service iteration=436 checkout-v2=false
runtime-evidence iteration=436 monotonicNanos=3623171735860 state=READY version=2 reconnects=2 snapshots=1 staleIntervals=2 staleMillis=1536.341751
switchboard-sample-service iteration=437 checkout-v2=false
runtime-evidence iteration=437 monotonicNanos=3623276167860 state=READY version=2 reconnects=2 snapshots=1 staleIntervals=2 staleMillis=1536.341751
switchboard-sample-service iteration=438 checkout-v2=false
runtime-evidence iteration=438 monotonicNanos=3623379873568 state=READY version=2 reconnects=2 snapshots=1 staleIntervals=2 staleMillis=1536.341751
switchboard-sample-service iteration=439 checkout-v2=false
runtime-evidence iteration=439 monotonicNanos=3623481127610 state=READY version=2 reconnects=2 snapshots=1 staleIntervals=2 staleMillis=1536.341751
switchboard-sample-service iteration=440 checkout-v2=false
runtime-evidence iteration=440 monotonicNanos=3623582867652 state=READY version=2 reconnects=2 snapshots=1 staleIntervals=2 staleMillis=1536.341751
switchboard-sample-service iteration=441 checkout-v2=false
runtime-evidence iteration=441 monotonicNanos=3623685448152 state=READY version=2 reconnects=2 snapshots=1 staleIntervals=2 staleMillis=1536.341751
switchboard-sample-service iteration=442 checkout-v2=false
runtime-evidence iteration=442 monotonicNanos=3623786484568 state=READY version=2 reconnects=2 snapshots=1 staleIntervals=2 staleMillis=1536.341751
switchboard-sample-service iteration=443 checkout-v2=false
runtime-evidence iteration=443 monotonicNanos=3623887886069 state=READY version=2 reconnects=2 snapshots=1 staleIntervals=2 staleMillis=1536.341751
switchboard-sample-service iteration=444 checkout-v2=false
runtime-evidence iteration=444 monotonicNanos=3623988632694 state=READY version=2 reconnects=2 snapshots=1 staleIntervals=2 staleMillis=1536.341751
switchboard-sample-service iteration=445 checkout-v2=false
runtime-evidence iteration=445 monotonicNanos=3624089498569 state=READY version=2 reconnects=2 snapshots=1 staleIntervals=2 staleMillis=1536.341751
switchboard-sample-service iteration=446 checkout-v2=false
runtime-evidence iteration=446 monotonicNanos=3624191124444 state=READY version=2 reconnects=2 snapshots=1 staleIntervals=2 staleMillis=1536.341751
switchboard-sample-service iteration=447 checkout-v2=false
runtime-evidence iteration=447 monotonicNanos=3624292897444 state=READY version=2 reconnects=2 snapshots=1 staleIntervals=2 staleMillis=1536.341751
switchboard-sample-service iteration=448 checkout-v2=false
runtime-evidence iteration=448 monotonicNanos=3624395892694 state=READY version=2 reconnects=2 snapshots=1 staleIntervals=2 staleMillis=1536.341751
switchboard-sample-service iteration=449 checkout-v2=false
runtime-evidence iteration=449 monotonicNanos=3624501095985 state=READY version=2 reconnects=2 snapshots=1 staleIntervals=2 staleMillis=1536.341751
switchboard-sample-service iteration=450 checkout-v2=false
runtime-evidence iteration=450 monotonicNanos=3624609513944 state=READY version=2 reconnects=2 snapshots=1 staleIntervals=2 staleMillis=1536.341751
switchboard-sample-service iteration=451 checkout-v2=false
runtime-evidence iteration=451 monotonicNanos=3624710525527 state=READY version=2 reconnects=2 snapshots=1 staleIntervals=2 staleMillis=1536.341751
switchboard-sample-service iteration=452 checkout-v2=false
runtime-evidence iteration=452 monotonicNanos=3624813371277 state=READY version=2 reconnects=2 snapshots=1 staleIntervals=2 staleMillis=1536.341751
switchboard-sample-service iteration=453 checkout-v2=false
runtime-evidence iteration=453 monotonicNanos=3624918089444 state=READY version=2 reconnects=2 snapshots=1 staleIntervals=2 staleMillis=1536.341751
switchboard-sample-service iteration=454 checkout-v2=false
runtime-evidence iteration=454 monotonicNanos=3625020154819 state=READY version=2 reconnects=2 snapshots=1 staleIntervals=2 staleMillis=1536.341751
switchboard-sample-service iteration=455 checkout-v2=false
runtime-evidence iteration=455 monotonicNanos=3625122192194 state=READY version=2 reconnects=2 snapshots=1 staleIntervals=2 staleMillis=1536.341751
switchboard-sample-service iteration=456 checkout-v2=false
runtime-evidence iteration=456 monotonicNanos=3625223638569 state=READY version=2 reconnects=2 snapshots=1 staleIntervals=2 staleMillis=1536.341751
switchboard-sample-service iteration=457 checkout-v2=false
runtime-evidence iteration=457 monotonicNanos=3625326643569 state=READY version=2 reconnects=2 snapshots=1 staleIntervals=2 staleMillis=1536.341751
switchboard-sample-service iteration=458 checkout-v2=false
runtime-evidence iteration=458 monotonicNanos=3625428204653 state=READY version=2 reconnects=2 snapshots=1 staleIntervals=2 staleMillis=1536.341751
switchboard-sample-service iteration=459 checkout-v2=false
runtime-evidence iteration=459 monotonicNanos=3625530094611 state=READY version=2 reconnects=2 snapshots=1 staleIntervals=2 staleMillis=1536.341751
switchboard-sample-service iteration=460 checkout-v2=false
runtime-evidence iteration=460 monotonicNanos=3625631510861 state=READY version=2 reconnects=2 snapshots=1 staleIntervals=2 staleMillis=1536.341751
switchboard-sample-service iteration=461 checkout-v2=false
runtime-evidence iteration=461 monotonicNanos=3625732806944 state=READY version=2 reconnects=2 snapshots=1 staleIntervals=2 staleMillis=1536.341751
switchboard-sample-service iteration=462 checkout-v2=false
runtime-evidence iteration=462 monotonicNanos=3625833408736 state=READY version=2 reconnects=2 snapshots=1 staleIntervals=2 staleMillis=1536.341751
switchboard-sample-service iteration=463 checkout-v2=false
runtime-evidence iteration=463 monotonicNanos=3625934782986 state=READY version=2 reconnects=2 snapshots=1 staleIntervals=2 staleMillis=1536.341751
switchboard-sample-service iteration=464 checkout-v2=false
runtime-evidence iteration=464 monotonicNanos=3626035949695 state=READY version=2 reconnects=2 snapshots=1 staleIntervals=2 staleMillis=1536.341751
switchboard-sample-service iteration=465 checkout-v2=false
runtime-evidence iteration=465 monotonicNanos=3626137747903 state=READY version=2 reconnects=2 snapshots=1 staleIntervals=2 staleMillis=1536.341751
switchboard-sample-service iteration=466 checkout-v2=false
runtime-evidence iteration=466 monotonicNanos=3626238695320 state=READY version=2 reconnects=2 snapshots=1 staleIntervals=2 staleMillis=1536.341751
switchboard-sample-service iteration=467 checkout-v2=false
runtime-evidence iteration=467 monotonicNanos=3626339763195 state=READY version=2 reconnects=2 snapshots=1 staleIntervals=2 staleMillis=1536.341751
switchboard-sample-service iteration=468 checkout-v2=false
runtime-evidence iteration=468 monotonicNanos=3626440689153 state=READY version=2 reconnects=2 snapshots=1 staleIntervals=2 staleMillis=1536.341751
switchboard-sample-service iteration=469 checkout-v2=false
runtime-evidence iteration=469 monotonicNanos=3626541589111 state=READY version=2 reconnects=2 snapshots=1 staleIntervals=2 staleMillis=1536.341751
switchboard-sample-service iteration=470 checkout-v2=false
runtime-evidence iteration=470 monotonicNanos=3626642846737 state=READY version=2 reconnects=2 snapshots=1 staleIntervals=2 staleMillis=1536.341751
switchboard-sample-service iteration=471 checkout-v2=false
runtime-evidence iteration=471 monotonicNanos=3626744784903 state=READY version=2 reconnects=2 snapshots=1 staleIntervals=2 staleMillis=1536.341751
switchboard-sample-service iteration=472 checkout-v2=false
runtime-evidence iteration=472 monotonicNanos=3626854147612 state=READY version=2 reconnects=2 snapshots=1 staleIntervals=2 staleMillis=1536.341751
switchboard-sample-service iteration=473 checkout-v2=false
runtime-evidence iteration=473 monotonicNanos=3626960221862 state=READY version=2 reconnects=2 snapshots=1 staleIntervals=2 staleMillis=1536.341751
switchboard-sample-service iteration=474 checkout-v2=false
runtime-evidence iteration=474 monotonicNanos=3627064335695 state=READY version=2 reconnects=2 snapshots=1 staleIntervals=2 staleMillis=1536.341751
switchboard-sample-service iteration=475 checkout-v2=false
runtime-evidence iteration=475 monotonicNanos=3627166991820 state=READY version=2 reconnects=2 snapshots=1 staleIntervals=2 staleMillis=1536.341751
switchboard-sample-service iteration=476 checkout-v2=false
runtime-evidence iteration=476 monotonicNanos=3627269997153 state=READY version=2 reconnects=2 snapshots=1 staleIntervals=2 staleMillis=1536.341751
switchboard-sample-service iteration=477 checkout-v2=false
runtime-evidence iteration=477 monotonicNanos=3627371420237 state=READY version=2 reconnects=2 snapshots=1 staleIntervals=2 staleMillis=1536.341751
switchboard-sample-service iteration=478 checkout-v2=false
runtime-evidence iteration=478 monotonicNanos=3627477102195 state=READY version=2 reconnects=2 snapshots=1 staleIntervals=2 staleMillis=1536.341751
switchboard-sample-service iteration=479 checkout-v2=false
runtime-evidence iteration=479 monotonicNanos=3627578606070 state=READY version=2 reconnects=2 snapshots=1 staleIntervals=2 staleMillis=1536.341751
switchboard-sample-service iteration=480 checkout-v2=false
runtime-evidence iteration=480 monotonicNanos=3627681142070 state=READY version=2 reconnects=2 snapshots=1 staleIntervals=2 staleMillis=1536.341751
switchboard-sample-service iteration=481 checkout-v2=false
runtime-evidence iteration=481 monotonicNanos=3627785441529 state=READY version=2 reconnects=2 snapshots=1 staleIntervals=2 staleMillis=1536.341751
switchboard-sample-service iteration=482 checkout-v2=false
runtime-evidence iteration=482 monotonicNanos=3627887453570 state=READY version=2 reconnects=2 snapshots=1 staleIntervals=2 staleMillis=1536.341751
switchboard-sample-service iteration=483 checkout-v2=false
runtime-evidence iteration=483 monotonicNanos=3627988805737 state=READY version=2 reconnects=2 snapshots=1 staleIntervals=2 staleMillis=1536.341751
switchboard-sample-service iteration=484 checkout-v2=false
runtime-evidence iteration=484 monotonicNanos=3628089446154 state=READY version=2 reconnects=2 snapshots=1 staleIntervals=2 staleMillis=1536.341751
switchboard-sample-service iteration=485 checkout-v2=false
runtime-evidence iteration=485 monotonicNanos=3628191641779 state=READY version=2 reconnects=2 snapshots=1 staleIntervals=2 staleMillis=1536.341751
switchboard-sample-service iteration=486 checkout-v2=false
runtime-evidence iteration=486 monotonicNanos=3628293988362 state=READY version=2 reconnects=2 snapshots=1 staleIntervals=2 staleMillis=1536.341751
switchboard-sample-service iteration=487 checkout-v2=false
runtime-evidence iteration=487 monotonicNanos=3628397814446 state=READY version=2 reconnects=2 snapshots=1 staleIntervals=2 staleMillis=1536.341751
switchboard-sample-service iteration=488 checkout-v2=false
runtime-evidence iteration=488 monotonicNanos=3628499565571 state=READY version=2 reconnects=2 snapshots=1 staleIntervals=2 staleMillis=1536.341751
switchboard-sample-service iteration=489 checkout-v2=false
runtime-evidence iteration=489 monotonicNanos=3628601336696 state=READY version=2 reconnects=2 snapshots=1 staleIntervals=2 staleMillis=1536.341751
switchboard-sample-service iteration=490 checkout-v2=false
runtime-evidence iteration=490 monotonicNanos=3628704634404 state=READY version=2 reconnects=2 snapshots=1 staleIntervals=2 staleMillis=1536.341751
switchboard-sample-service iteration=491 checkout-v2=false
runtime-evidence iteration=491 monotonicNanos=3628807246946 state=READY version=2 reconnects=2 snapshots=1 staleIntervals=2 staleMillis=1536.341751
switchboard-sample-service iteration=492 checkout-v2=false
runtime-evidence iteration=492 monotonicNanos=3628908749654 state=READY version=2 reconnects=2 snapshots=1 staleIntervals=2 staleMillis=1536.341751
switchboard-sample-service iteration=493 checkout-v2=false
runtime-evidence iteration=493 monotonicNanos=3629009824196 state=READY version=2 reconnects=2 snapshots=1 staleIntervals=2 staleMillis=1536.341751
switchboard-sample-service iteration=494 checkout-v2=false
runtime-evidence iteration=494 monotonicNanos=3629112641488 state=READY version=2 reconnects=2 snapshots=1 staleIntervals=2 staleMillis=1536.341751
switchboard-sample-service iteration=495 checkout-v2=false
runtime-evidence iteration=495 monotonicNanos=3629214699321 state=READY version=2 reconnects=2 snapshots=1 staleIntervals=2 staleMillis=1536.341751
switchboard-sample-service iteration=496 checkout-v2=false
runtime-evidence iteration=496 monotonicNanos=3629315655696 state=READY version=2 reconnects=2 snapshots=1 staleIntervals=2 staleMillis=1536.341751
switchboard-sample-service iteration=497 checkout-v2=false
runtime-evidence iteration=497 monotonicNanos=3629420320405 state=READY version=2 reconnects=2 snapshots=1 staleIntervals=2 staleMillis=1536.341751
switchboard-sample-service iteration=498 checkout-v2=false
runtime-evidence iteration=498 monotonicNanos=3629521823738 state=READY version=2 reconnects=2 snapshots=1 staleIntervals=2 staleMillis=1536.341751
switchboard-sample-service iteration=499 checkout-v2=false
runtime-evidence iteration=499 monotonicNanos=3629622451280 state=READY version=2 reconnects=2 snapshots=1 staleIntervals=2 staleMillis=1536.341751
switchboard-sample-service iteration=500 checkout-v2=false
runtime-evidence iteration=500 monotonicNanos=3629723690488 state=READY version=2 reconnects=2 snapshots=1 staleIntervals=2 staleMillis=1536.341751
switchboard-sample-service iteration=501 checkout-v2=false
runtime-evidence iteration=501 monotonicNanos=3629824378905 state=READY version=2 reconnects=2 snapshots=1 staleIntervals=2 staleMillis=1536.341751
switchboard-sample-service iteration=502 checkout-v2=false
runtime-evidence iteration=502 monotonicNanos=3629925430488 state=READY version=2 reconnects=2 snapshots=1 staleIntervals=2 staleMillis=1536.341751
switchboard-sample-service iteration=503 checkout-v2=false
runtime-evidence iteration=503 monotonicNanos=3630027335613 state=READY version=2 reconnects=2 snapshots=1 staleIntervals=2 staleMillis=1536.341751
switchboard-sample-service iteration=504 checkout-v2=false
runtime-evidence iteration=504 monotonicNanos=3630129273572 state=READY version=2 reconnects=2 snapshots=1 staleIntervals=2 staleMillis=1536.341751
switchboard-sample-service iteration=505 checkout-v2=false
runtime-evidence iteration=505 monotonicNanos=3630233644947 state=READY version=2 reconnects=2 snapshots=1 staleIntervals=2 staleMillis=1536.341751
switchboard-sample-service iteration=506 checkout-v2=false
runtime-evidence iteration=506 monotonicNanos=3630335132988 state=READY version=2 reconnects=2 snapshots=1 staleIntervals=2 staleMillis=1536.341751
switchboard-sample-service iteration=507 checkout-v2=false
runtime-evidence iteration=507 monotonicNanos=3630438833780 state=READY version=2 reconnects=2 snapshots=1 staleIntervals=2 staleMillis=1536.341751
switchboard-sample-service iteration=508 checkout-v2=false
runtime-evidence iteration=508 monotonicNanos=3630540158030 state=READY version=2 reconnects=2 snapshots=1 staleIntervals=2 staleMillis=1536.341751
switchboard-sample-service iteration=509 checkout-v2=false
runtime-evidence iteration=509 monotonicNanos=3630641780238 state=READY version=2 reconnects=2 snapshots=1 staleIntervals=2 staleMillis=1536.341751
switchboard-sample-service iteration=510 checkout-v2=false
runtime-evidence iteration=510 monotonicNanos=3630747056280 state=READY version=2 reconnects=2 snapshots=1 staleIntervals=2 staleMillis=1536.341751
switchboard-sample-service iteration=511 checkout-v2=false
runtime-evidence iteration=511 monotonicNanos=3630849929572 state=READY version=2 reconnects=2 snapshots=1 staleIntervals=2 staleMillis=1536.341751
switchboard-sample-service iteration=512 checkout-v2=false
runtime-evidence iteration=512 monotonicNanos=3630955419364 state=READY version=2 reconnects=2 snapshots=1 staleIntervals=2 staleMillis=1536.341751
switchboard-sample-service iteration=513 checkout-v2=false
runtime-evidence iteration=513 monotonicNanos=3631060300905 state=READY version=2 reconnects=2 snapshots=1 staleIntervals=2 staleMillis=1536.341751
switchboard-sample-service iteration=514 checkout-v2=false
runtime-evidence iteration=514 monotonicNanos=3631163406614 state=READY version=2 reconnects=2 snapshots=1 staleIntervals=2 staleMillis=1536.341751
switchboard-sample-service iteration=515 checkout-v2=false
runtime-evidence iteration=515 monotonicNanos=3631268912072 state=READY version=2 reconnects=2 snapshots=1 staleIntervals=2 staleMillis=1536.341751
switchboard-sample-service iteration=516 checkout-v2=false
runtime-evidence iteration=516 monotonicNanos=3631371117114 state=READY version=2 reconnects=2 snapshots=1 staleIntervals=2 staleMillis=1536.341751
switchboard-sample-service iteration=517 checkout-v2=false
runtime-evidence iteration=517 monotonicNanos=3631473974905 state=READY version=2 reconnects=2 snapshots=1 staleIntervals=2 staleMillis=1536.341751
switchboard-sample-service iteration=518 checkout-v2=false
runtime-evidence iteration=518 monotonicNanos=3631576165864 state=READY version=2 reconnects=2 snapshots=1 staleIntervals=2 staleMillis=1536.341751
switchboard-sample-service iteration=519 checkout-v2=false
runtime-evidence iteration=519 monotonicNanos=3631677856822 state=READY version=2 reconnects=2 snapshots=1 staleIntervals=2 staleMillis=1536.341751
switchboard-sample-service iteration=520 checkout-v2=false
runtime-evidence iteration=520 monotonicNanos=3631782215864 state=READY version=2 reconnects=2 snapshots=1 staleIntervals=2 staleMillis=1536.341751
switchboard-sample-service iteration=521 checkout-v2=false
runtime-evidence iteration=521 monotonicNanos=3631895894739 state=READY version=2 reconnects=2 snapshots=1 staleIntervals=2 staleMillis=1536.341751
switchboard-sample-service iteration=522 checkout-v2=false
runtime-evidence iteration=522 monotonicNanos=3632000072822 state=READY version=2 reconnects=2 snapshots=1 staleIntervals=2 staleMillis=1536.341751
switchboard-sample-service iteration=523 checkout-v2=false
runtime-evidence iteration=523 monotonicNanos=3632101526239 state=READY version=2 reconnects=2 snapshots=1 staleIntervals=2 staleMillis=1536.341751
switchboard-sample-service iteration=524 checkout-v2=false
runtime-evidence iteration=524 monotonicNanos=3632204389114 state=READY version=2 reconnects=2 snapshots=1 staleIntervals=2 staleMillis=1536.341751
switchboard-sample-service iteration=525 checkout-v2=false
runtime-evidence iteration=525 monotonicNanos=3632305543697 state=READY version=2 reconnects=2 snapshots=1 staleIntervals=2 staleMillis=1536.341751
switchboard-sample-service iteration=526 checkout-v2=false
runtime-evidence iteration=526 monotonicNanos=3632407211781 state=READY version=2 reconnects=2 snapshots=1 staleIntervals=2 staleMillis=1536.341751
switchboard-sample-service iteration=527 checkout-v2=false
runtime-evidence iteration=527 monotonicNanos=3632509473156 state=READY version=2 reconnects=2 snapshots=1 staleIntervals=2 staleMillis=1536.341751
switchboard-sample-service iteration=528 checkout-v2=false
runtime-evidence iteration=528 monotonicNanos=3632610574364 state=READY version=2 reconnects=2 snapshots=1 staleIntervals=2 staleMillis=1536.341751
switchboard-sample-service iteration=529 checkout-v2=false
runtime-evidence iteration=529 monotonicNanos=3632711624364 state=READY version=2 reconnects=2 snapshots=1 staleIntervals=2 staleMillis=1536.341751
switchboard-sample-service iteration=530 checkout-v2=false
runtime-evidence iteration=530 monotonicNanos=3632813161947 state=READY version=2 reconnects=2 snapshots=1 staleIntervals=2 staleMillis=1536.341751
switchboard-sample-service iteration=531 checkout-v2=false
runtime-evidence iteration=531 monotonicNanos=3632914523114 state=READY version=2 reconnects=2 snapshots=1 staleIntervals=2 staleMillis=1536.341751
switchboard-sample-service iteration=532 checkout-v2=false
runtime-evidence iteration=532 monotonicNanos=3633015403823 state=READY version=2 reconnects=2 snapshots=1 staleIntervals=2 staleMillis=1536.341751
switchboard-sample-service iteration=533 checkout-v2=false
runtime-evidence iteration=533 monotonicNanos=3633117579156 state=READY version=2 reconnects=2 snapshots=1 staleIntervals=2 staleMillis=1536.341751
switchboard-sample-service iteration=534 checkout-v2=false
runtime-evidence iteration=534 monotonicNanos=3633219250781 state=READY version=2 reconnects=2 snapshots=1 staleIntervals=2 staleMillis=1536.341751
switchboard-sample-service iteration=535 checkout-v2=false
runtime-evidence iteration=535 monotonicNanos=3633322470739 state=READY version=2 reconnects=2 snapshots=1 staleIntervals=2 staleMillis=1536.341751
switchboard-sample-service iteration=536 checkout-v2=false
runtime-evidence iteration=536 monotonicNanos=3633428087781 state=READY version=2 reconnects=2 snapshots=1 staleIntervals=2 staleMillis=1536.341751
switchboard-sample-service iteration=537 checkout-v2=false
runtime-evidence iteration=537 monotonicNanos=3633529405406 state=READY version=2 reconnects=2 snapshots=1 staleIntervals=2 staleMillis=1536.341751
switchboard-sample-service iteration=538 checkout-v2=false
runtime-evidence iteration=538 monotonicNanos=3633630176698 state=READY version=2 reconnects=2 snapshots=1 staleIntervals=2 staleMillis=1536.341751
switchboard-sample-service iteration=539 checkout-v2=false
runtime-evidence iteration=539 monotonicNanos=3633731827740 state=READY version=2 reconnects=2 snapshots=1 staleIntervals=2 staleMillis=1536.341751
switchboard-sample-service iteration=540 checkout-v2=false
runtime-evidence iteration=540 monotonicNanos=3633833572948 state=READY version=2 reconnects=2 snapshots=1 staleIntervals=2 staleMillis=1536.341751
switchboard-sample-service iteration=541 checkout-v2=false
runtime-evidence iteration=541 monotonicNanos=3633934627531 state=READY version=2 reconnects=2 snapshots=1 staleIntervals=2 staleMillis=1536.341751
switchboard-sample-service iteration=542 checkout-v2=false
runtime-evidence iteration=542 monotonicNanos=3634035730948 state=READY version=2 reconnects=2 snapshots=1 staleIntervals=2 staleMillis=1536.341751
switchboard-sample-service iteration=543 checkout-v2=false
runtime-evidence iteration=543 monotonicNanos=3634136712740 state=READY version=2 reconnects=2 snapshots=1 staleIntervals=2 staleMillis=1536.341751
switchboard-sample-service iteration=544 checkout-v2=false
runtime-evidence iteration=544 monotonicNanos=3634237385906 state=READY version=2 reconnects=2 snapshots=1 staleIntervals=2 staleMillis=1536.341751
switchboard-sample-service iteration=545 checkout-v2=false
runtime-evidence iteration=545 monotonicNanos=3634338498157 state=READY version=2 reconnects=2 snapshots=1 staleIntervals=2 staleMillis=1536.341751
switchboard-sample-service iteration=546 checkout-v2=false
runtime-evidence iteration=546 monotonicNanos=3634439516573 state=READY version=2 reconnects=2 snapshots=1 staleIntervals=2 staleMillis=1536.341751
switchboard-sample-service iteration=547 checkout-v2=false
runtime-evidence iteration=547 monotonicNanos=3634541115948 state=READY version=2 reconnects=2 snapshots=1 staleIntervals=2 staleMillis=1536.341751
switchboard-sample-service iteration=548 checkout-v2=false
runtime-evidence iteration=548 monotonicNanos=3634642801240 state=READY version=2 reconnects=2 snapshots=1 staleIntervals=2 staleMillis=1536.341751
switchboard-sample-service iteration=549 checkout-v2=false
runtime-evidence iteration=549 monotonicNanos=3634743823615 state=READY version=2 reconnects=2 snapshots=1 staleIntervals=2 staleMillis=1536.341751
switchboard-sample-service iteration=550 checkout-v2=false
runtime-evidence iteration=550 monotonicNanos=3634846417615 state=READY version=2 reconnects=2 snapshots=1 staleIntervals=2 staleMillis=1536.341751
switchboard-sample-service iteration=551 checkout-v2=false
runtime-evidence iteration=551 monotonicNanos=3634947669573 state=READY version=2 reconnects=2 snapshots=1 staleIntervals=2 staleMillis=1536.341751
switchboard-sample-service iteration=552 checkout-v2=false
runtime-evidence iteration=552 monotonicNanos=3635048560032 state=READY version=2 reconnects=2 snapshots=1 staleIntervals=2 staleMillis=1536.341751
switchboard-sample-service iteration=553 checkout-v2=false
runtime-evidence iteration=553 monotonicNanos=3635149424782 state=READY version=2 reconnects=2 snapshots=1 staleIntervals=2 staleMillis=1536.341751
switchboard-sample-service iteration=554 checkout-v2=false
runtime-evidence iteration=554 monotonicNanos=3635250587240 state=READY version=2 reconnects=2 snapshots=1 staleIntervals=2 staleMillis=1536.341751
switchboard-sample-service iteration=555 checkout-v2=false
runtime-evidence iteration=555 monotonicNanos=3635351816074 state=READY version=2 reconnects=2 snapshots=1 staleIntervals=2 staleMillis=1536.341751
switchboard-sample-service iteration=556 checkout-v2=false
runtime-evidence iteration=556 monotonicNanos=3635453471740 state=READY version=2 reconnects=2 snapshots=1 staleIntervals=2 staleMillis=1536.341751
switchboard-sample-service iteration=557 checkout-v2=false
runtime-evidence iteration=557 monotonicNanos=3635554608699 state=READY version=2 reconnects=2 snapshots=1 staleIntervals=2 staleMillis=1536.341751
switchboard-sample-service iteration=558 checkout-v2=false
runtime-evidence iteration=558 monotonicNanos=3635655392449 state=READY version=2 reconnects=2 snapshots=1 staleIntervals=2 staleMillis=1536.341751
switchboard-sample-service iteration=559 checkout-v2=false
runtime-evidence iteration=559 monotonicNanos=3635758356741 state=READY version=2 reconnects=2 snapshots=1 staleIntervals=2 staleMillis=1536.341751
switchboard-sample-service iteration=560 checkout-v2=false
runtime-evidence iteration=560 monotonicNanos=3635860931532 state=READY version=2 reconnects=2 snapshots=1 staleIntervals=2 staleMillis=1536.341751
switchboard-sample-service iteration=561 checkout-v2=false
runtime-evidence iteration=561 monotonicNanos=3635970833199 state=READY version=2 reconnects=2 snapshots=1 staleIntervals=2 staleMillis=1536.341751
switchboard-sample-service iteration=562 checkout-v2=false
runtime-evidence iteration=562 monotonicNanos=3636071401574 state=READY version=2 reconnects=2 snapshots=1 staleIntervals=2 staleMillis=1536.341751
switchboard-sample-service iteration=563 checkout-v2=false
runtime-evidence iteration=563 monotonicNanos=3636173230949 state=READY version=2 reconnects=2 snapshots=1 staleIntervals=2 staleMillis=1536.341751
switchboard-sample-service iteration=564 checkout-v2=false
runtime-evidence iteration=564 monotonicNanos=3636274430574 state=READY version=2 reconnects=2 snapshots=1 staleIntervals=2 staleMillis=1536.341751
switchboard-sample-service iteration=565 checkout-v2=false
runtime-evidence iteration=565 monotonicNanos=3636377140491 state=READY version=2 reconnects=2 snapshots=1 staleIntervals=2 staleMillis=1536.341751
switchboard-sample-service iteration=566 checkout-v2=false
runtime-evidence iteration=566 monotonicNanos=3636478946949 state=READY version=2 reconnects=2 snapshots=1 staleIntervals=2 staleMillis=1536.341751
switchboard-sample-service iteration=567 checkout-v2=false
runtime-evidence iteration=567 monotonicNanos=3636581932366 state=READY version=2 reconnects=2 snapshots=1 staleIntervals=2 staleMillis=1536.341751
switchboard-sample-service iteration=568 checkout-v2=false
runtime-evidence iteration=568 monotonicNanos=3636683905408 state=READY version=2 reconnects=2 snapshots=1 staleIntervals=2 staleMillis=1536.341751
switchboard-sample-service iteration=569 checkout-v2=false
runtime-evidence iteration=569 monotonicNanos=3636785504908 state=READY version=2 reconnects=2 snapshots=1 staleIntervals=2 staleMillis=1536.341751
switchboard-sample-service iteration=570 checkout-v2=false
runtime-evidence iteration=570 monotonicNanos=3636886359574 state=READY version=2 reconnects=2 snapshots=1 staleIntervals=2 staleMillis=1536.341751
switchboard-sample-service iteration=571 checkout-v2=false
runtime-evidence iteration=571 monotonicNanos=3636987360824 state=READY version=2 reconnects=2 snapshots=1 staleIntervals=2 staleMillis=1536.341751
switchboard-sample-service iteration=572 checkout-v2=false
runtime-evidence iteration=572 monotonicNanos=3637088627575 state=READY version=2 reconnects=2 snapshots=1 staleIntervals=2 staleMillis=1536.341751
switchboard-sample-service iteration=573 checkout-v2=false
runtime-evidence iteration=573 monotonicNanos=3637190111825 state=READY version=2 reconnects=2 snapshots=1 staleIntervals=2 staleMillis=1536.341751
switchboard-sample-service iteration=574 checkout-v2=false
runtime-evidence iteration=574 monotonicNanos=3637293867783 state=READY version=2 reconnects=2 snapshots=1 staleIntervals=2 staleMillis=1536.341751
switchboard-sample-service iteration=575 checkout-v2=false
runtime-evidence iteration=575 monotonicNanos=3637397857825 state=READY version=2 reconnects=2 snapshots=1 staleIntervals=2 staleMillis=1536.341751
switchboard-sample-service iteration=576 checkout-v2=false
runtime-evidence iteration=576 monotonicNanos=3637500688533 state=READY version=2 reconnects=2 snapshots=1 staleIntervals=2 staleMillis=1536.341751
switchboard-sample-service iteration=577 checkout-v2=false
runtime-evidence iteration=577 monotonicNanos=3637603053366 state=READY version=2 reconnects=2 snapshots=1 staleIntervals=2 staleMillis=1536.341751
switchboard-sample-service iteration=578 checkout-v2=false
runtime-evidence iteration=578 monotonicNanos=3637706368700 state=READY version=2 reconnects=2 snapshots=1 staleIntervals=2 staleMillis=1536.341751
switchboard-sample-service iteration=579 checkout-v2=false
runtime-evidence iteration=579 monotonicNanos=3637811105533 state=READY version=2 reconnects=2 snapshots=1 staleIntervals=2 staleMillis=1536.341751
switchboard-sample-service iteration=580 checkout-v2=false
runtime-evidence iteration=580 monotonicNanos=3637912877075 state=READY version=2 reconnects=2 snapshots=1 staleIntervals=2 staleMillis=1536.341751
switchboard-sample-service iteration=581 checkout-v2=false
runtime-evidence iteration=581 monotonicNanos=3638013536742 state=READY version=2 reconnects=2 snapshots=1 staleIntervals=2 staleMillis=1536.341751
switchboard-sample-service iteration=582 checkout-v2=false
runtime-evidence iteration=582 monotonicNanos=3638114523533 state=READY version=2 reconnects=2 snapshots=1 staleIntervals=2 staleMillis=1536.341751
switchboard-sample-service iteration=583 checkout-v2=false
runtime-evidence iteration=583 monotonicNanos=3638215754408 state=READY version=2 reconnects=2 snapshots=1 staleIntervals=2 staleMillis=1536.341751
switchboard-sample-service iteration=584 checkout-v2=false
runtime-evidence iteration=584 monotonicNanos=3638316683283 state=READY version=2 reconnects=2 snapshots=1 staleIntervals=2 staleMillis=1536.341751
switchboard-sample-service iteration=585 checkout-v2=false
runtime-evidence iteration=585 monotonicNanos=3638418091742 state=READY version=2 reconnects=2 snapshots=1 staleIntervals=2 staleMillis=1536.341751
switchboard-sample-service iteration=586 checkout-v2=false
runtime-evidence iteration=586 monotonicNanos=3638519564325 state=READY version=2 reconnects=2 snapshots=1 staleIntervals=2 staleMillis=1536.341751
switchboard-sample-service iteration=587 checkout-v2=false
runtime-evidence iteration=587 monotonicNanos=3638620611034 state=READY version=2 reconnects=2 snapshots=1 staleIntervals=2 staleMillis=1536.341751
switchboard-sample-service iteration=588 checkout-v2=false
runtime-evidence iteration=588 monotonicNanos=3638721828450 state=READY version=2 reconnects=2 snapshots=1 staleIntervals=2 staleMillis=1536.341751
switchboard-sample-service iteration=589 checkout-v2=false
runtime-evidence iteration=589 monotonicNanos=3638822431159 state=READY version=2 reconnects=2 snapshots=1 staleIntervals=2 staleMillis=1536.341751
switchboard-sample-service iteration=590 checkout-v2=false
runtime-evidence iteration=590 monotonicNanos=3638924283784 state=READY version=2 reconnects=2 snapshots=1 staleIntervals=2 staleMillis=1536.341751
switchboard-sample-service iteration=591 checkout-v2=false
runtime-evidence iteration=591 monotonicNanos=3639025830867 state=READY version=2 reconnects=2 snapshots=1 staleIntervals=2 staleMillis=1536.341751
switchboard-sample-service iteration=592 checkout-v2=false
runtime-evidence iteration=592 monotonicNanos=3639127560242 state=READY version=2 reconnects=2 snapshots=1 staleIntervals=2 staleMillis=1536.341751
switchboard-sample-service iteration=593 checkout-v2=false
runtime-evidence iteration=593 monotonicNanos=3639229243284 state=READY version=2 reconnects=2 snapshots=1 staleIntervals=2 staleMillis=1536.341751
switchboard-sample-service iteration=594 checkout-v2=false
runtime-evidence iteration=594 monotonicNanos=3639331047701 state=READY version=2 reconnects=2 snapshots=1 staleIntervals=2 staleMillis=1536.341751
switchboard-sample-service iteration=595 checkout-v2=false
runtime-evidence iteration=595 monotonicNanos=3639432634576 state=READY version=2 reconnects=2 snapshots=1 staleIntervals=2 staleMillis=1536.341751
switchboard-sample-service iteration=596 checkout-v2=false
runtime-evidence iteration=596 monotonicNanos=3639533869701 state=READY version=2 reconnects=2 snapshots=1 staleIntervals=2 staleMillis=1536.341751
switchboard-sample-service iteration=597 checkout-v2=false
runtime-evidence iteration=597 monotonicNanos=3639636880701 state=READY version=2 reconnects=2 snapshots=1 staleIntervals=2 staleMillis=1536.341751
switchboard-sample-service iteration=598 checkout-v2=false
runtime-evidence iteration=598 monotonicNanos=3639739258284 state=READY version=2 reconnects=2 snapshots=1 staleIntervals=2 staleMillis=1536.341751
switchboard-sample-service iteration=599 checkout-v2=false
runtime-evidence iteration=599 monotonicNanos=3639840684117 state=READY version=2 reconnects=2 snapshots=1 staleIntervals=2 staleMillis=1536.341751
switchboard-sample-service iteration=600 checkout-v2=false
runtime-evidence iteration=600 monotonicNanos=3639942569743 state=READY version=2 reconnects=2 snapshots=1 staleIntervals=2 staleMillis=1536.341751
switchboard-sample-service iteration=601 checkout-v2=false
runtime-evidence iteration=601 monotonicNanos=3640043742659 state=READY version=2 reconnects=2 snapshots=1 staleIntervals=2 staleMillis=1536.341751
switchboard-sample-service iteration=602 checkout-v2=false
runtime-evidence iteration=602 monotonicNanos=3640144526618 state=READY version=2 reconnects=2 snapshots=1 staleIntervals=2 staleMillis=1536.341751
switchboard-sample-service iteration=603 checkout-v2=false
runtime-evidence iteration=603 monotonicNanos=3640246807909 state=READY version=2 reconnects=2 snapshots=1 staleIntervals=2 staleMillis=1536.341751
switchboard-sample-service iteration=604 checkout-v2=false
runtime-evidence iteration=604 monotonicNanos=3640347791451 state=READY version=2 reconnects=2 snapshots=1 staleIntervals=2 staleMillis=1536.341751
switchboard-sample-service iteration=605 checkout-v2=false
runtime-evidence iteration=605 monotonicNanos=3640452668826 state=READY version=2 reconnects=2 snapshots=1 staleIntervals=2 staleMillis=1536.341751
switchboard-sample-service iteration=606 checkout-v2=false
runtime-evidence iteration=606 monotonicNanos=3640554048368 state=READY version=2 reconnects=2 snapshots=1 staleIntervals=2 staleMillis=1536.341751
switchboard-sample-service iteration=607 checkout-v2=false
runtime-evidence iteration=607 monotonicNanos=3640656930868 state=READY version=2 reconnects=2 snapshots=1 staleIntervals=2 staleMillis=1536.341751
switchboard-sample-service iteration=608 checkout-v2=false
runtime-evidence iteration=608 monotonicNanos=3640759679410 state=READY version=2 reconnects=2 snapshots=1 staleIntervals=2 staleMillis=1536.341751
switchboard-sample-service iteration=609 checkout-v2=false
runtime-evidence iteration=609 monotonicNanos=3640860485535 state=READY version=2 reconnects=2 snapshots=1 staleIntervals=2 staleMillis=1536.341751
switchboard-sample-service iteration=610 checkout-v2=false
runtime-evidence iteration=610 monotonicNanos=3640961585035 state=READY version=2 reconnects=2 snapshots=1 staleIntervals=2 staleMillis=1536.341751
switchboard-sample-service iteration=611 checkout-v2=false
runtime-evidence iteration=611 monotonicNanos=3641072702076 state=READY version=2 reconnects=2 snapshots=1 staleIntervals=2 staleMillis=1536.341751
switchboard-sample-service iteration=612 checkout-v2=false
runtime-evidence iteration=612 monotonicNanos=3641178535618 state=READY version=2 reconnects=2 snapshots=1 staleIntervals=2 staleMillis=1536.341751
switchboard-sample-service iteration=613 checkout-v2=false
runtime-evidence iteration=613 monotonicNanos=3641282204952 state=READY version=2 reconnects=2 snapshots=1 staleIntervals=2 staleMillis=1536.341751
switchboard-sample-service iteration=614 checkout-v2=false
runtime-evidence iteration=614 monotonicNanos=3641383569243 state=READY version=2 reconnects=2 snapshots=1 staleIntervals=2 staleMillis=1536.341751
switchboard-sample-service iteration=615 checkout-v2=false
runtime-evidence iteration=615 monotonicNanos=3641485519160 state=READY version=2 reconnects=2 snapshots=1 staleIntervals=2 staleMillis=1536.341751
switchboard-sample-service iteration=616 checkout-v2=false
runtime-evidence iteration=616 monotonicNanos=3641589607535 state=READY version=2 reconnects=2 snapshots=1 staleIntervals=2 staleMillis=1536.341751
switchboard-sample-service iteration=617 checkout-v2=false
runtime-evidence iteration=617 monotonicNanos=3641693685410 state=READY version=2 reconnects=2 snapshots=1 staleIntervals=2 staleMillis=1536.341751
switchboard-sample-service iteration=618 checkout-v2=false
runtime-evidence iteration=618 monotonicNanos=3641794773993 state=READY version=2 reconnects=2 snapshots=1 staleIntervals=2 staleMillis=1536.341751
switchboard-sample-service iteration=619 checkout-v2=false
runtime-evidence iteration=619 monotonicNanos=3641896768993 state=READY version=2 reconnects=2 snapshots=1 staleIntervals=2 staleMillis=1536.341751
switchboard-sample-service iteration=620 checkout-v2=false
runtime-evidence iteration=620 monotonicNanos=3641997568077 state=READY version=2 reconnects=2 snapshots=1 staleIntervals=2 staleMillis=1536.341751
switchboard-sample-service iteration=621 checkout-v2=false
runtime-evidence iteration=621 monotonicNanos=3642099352744 state=READY version=2 reconnects=2 snapshots=1 staleIntervals=2 staleMillis=1536.341751
switchboard-sample-service iteration=622 checkout-v2=false
runtime-evidence iteration=622 monotonicNanos=3642208899119 state=READY version=2 reconnects=2 snapshots=1 staleIntervals=2 staleMillis=1536.341751
switchboard-sample-service iteration=623 checkout-v2=false
runtime-evidence iteration=623 monotonicNanos=3642313095244 state=READY version=2 reconnects=2 snapshots=1 staleIntervals=2 staleMillis=1536.341751
switchboard-sample-service iteration=624 checkout-v2=false
runtime-evidence iteration=624 monotonicNanos=3642414973619 state=READY version=2 reconnects=2 snapshots=1 staleIntervals=2 staleMillis=1536.341751
switchboard-sample-service iteration=625 checkout-v2=false
runtime-evidence iteration=625 monotonicNanos=3642517386827 state=READY version=2 reconnects=2 snapshots=1 staleIntervals=2 staleMillis=1536.341751
switchboard-sample-service iteration=626 checkout-v2=false
runtime-evidence iteration=626 monotonicNanos=3642618855160 state=READY version=2 reconnects=2 snapshots=1 staleIntervals=2 staleMillis=1536.341751
switchboard-sample-service iteration=627 checkout-v2=false
runtime-evidence iteration=627 monotonicNanos=3642721589202 state=READY version=2 reconnects=2 snapshots=1 staleIntervals=2 staleMillis=1536.341751
switchboard-sample-service iteration=628 checkout-v2=false
runtime-evidence iteration=628 monotonicNanos=3642823121744 state=READY version=2 reconnects=2 snapshots=1 staleIntervals=2 staleMillis=1536.341751
switchboard-sample-service iteration=629 checkout-v2=false
runtime-evidence iteration=629 monotonicNanos=3642925736786 state=READY version=2 reconnects=2 snapshots=1 staleIntervals=2 staleMillis=1536.341751
switchboard-sample-service iteration=630 checkout-v2=false
runtime-evidence iteration=630 monotonicNanos=3643027549369 state=READY version=2 reconnects=2 snapshots=1 staleIntervals=2 staleMillis=1536.341751
switchboard-sample-service iteration=631 checkout-v2=false
runtime-evidence iteration=631 monotonicNanos=3643128884202 state=READY version=2 reconnects=2 snapshots=1 staleIntervals=2 staleMillis=1536.341751
switchboard-sample-service iteration=632 checkout-v2=false
runtime-evidence iteration=632 monotonicNanos=3643233785661 state=READY version=2 reconnects=2 snapshots=1 staleIntervals=2 staleMillis=1536.341751
switchboard-sample-service iteration=633 checkout-v2=false
runtime-evidence iteration=633 monotonicNanos=3643338465453 state=READY version=2 reconnects=2 snapshots=1 staleIntervals=2 staleMillis=1536.341751
switchboard-sample-service iteration=634 checkout-v2=false
runtime-evidence iteration=634 monotonicNanos=3643441881536 state=READY version=2 reconnects=2 snapshots=1 staleIntervals=2 staleMillis=1536.341751
switchboard-sample-service iteration=635 checkout-v2=false
runtime-evidence iteration=635 monotonicNanos=3643543487786 state=READY version=2 reconnects=2 snapshots=1 staleIntervals=2 staleMillis=1536.341751
switchboard-sample-service iteration=636 checkout-v2=false
runtime-evidence iteration=636 monotonicNanos=3643645600994 state=READY version=2 reconnects=2 snapshots=1 staleIntervals=2 staleMillis=1536.341751
switchboard-sample-service iteration=637 checkout-v2=false
runtime-evidence iteration=637 monotonicNanos=3643746391411 state=READY version=2 reconnects=2 snapshots=1 staleIntervals=2 staleMillis=1536.341751
switchboard-sample-service iteration=638 checkout-v2=false
runtime-evidence iteration=638 monotonicNanos=3643851359328 state=READY version=2 reconnects=2 snapshots=1 staleIntervals=2 staleMillis=1536.341751
switchboard-sample-service iteration=639 checkout-v2=false
runtime-evidence iteration=639 monotonicNanos=3643952929744 state=READY version=2 reconnects=2 snapshots=1 staleIntervals=2 staleMillis=1536.341751
switchboard-sample-service iteration=640 checkout-v2=false
runtime-evidence iteration=640 monotonicNanos=3644054922078 state=READY version=2 reconnects=2 snapshots=1 staleIntervals=2 staleMillis=1536.341751
switchboard-sample-service iteration=641 checkout-v2=false
runtime-evidence iteration=641 monotonicNanos=3644157193953 state=READY version=2 reconnects=2 snapshots=1 staleIntervals=2 staleMillis=1536.341751
switchboard-sample-service iteration=642 checkout-v2=false
runtime-evidence iteration=642 monotonicNanos=3644258818120 state=READY version=2 reconnects=2 snapshots=1 staleIntervals=2 staleMillis=1536.341751
switchboard-sample-service iteration=643 checkout-v2=false
runtime-evidence iteration=643 monotonicNanos=3644359856411 state=READY version=2 reconnects=2 snapshots=1 staleIntervals=2 staleMillis=1536.341751
switchboard-sample-service iteration=644 checkout-v2=false
runtime-evidence iteration=644 monotonicNanos=3644461442995 state=READY version=2 reconnects=2 snapshots=1 staleIntervals=2 staleMillis=1536.341751
switchboard-sample-service iteration=645 checkout-v2=false
runtime-evidence iteration=645 monotonicNanos=3644562559995 state=READY version=2 reconnects=2 snapshots=1 staleIntervals=2 staleMillis=1536.341751
switchboard-sample-service iteration=646 checkout-v2=false
runtime-evidence iteration=646 monotonicNanos=3644663719953 state=READY version=2 reconnects=2 snapshots=1 staleIntervals=2 staleMillis=1536.341751
switchboard-sample-service iteration=647 checkout-v2=false
runtime-evidence iteration=647 monotonicNanos=3644765499745 state=READY version=2 reconnects=2 snapshots=1 staleIntervals=2 staleMillis=1536.341751
switchboard-sample-service iteration=648 checkout-v2=false
runtime-evidence iteration=648 monotonicNanos=3644868248912 state=READY version=2 reconnects=2 snapshots=1 staleIntervals=2 staleMillis=1536.341751
switchboard-sample-service iteration=649 checkout-v2=false
runtime-evidence iteration=649 monotonicNanos=3644969577120 state=READY version=2 reconnects=2 snapshots=1 staleIntervals=2 staleMillis=1536.341751
switchboard-sample-service iteration=650 checkout-v2=false
runtime-evidence iteration=650 monotonicNanos=3645071082203 state=READY version=2 reconnects=2 snapshots=1 staleIntervals=2 staleMillis=1536.341751
switchboard-sample-service iteration=651 checkout-v2=false
runtime-evidence iteration=651 monotonicNanos=3645173056578 state=READY version=2 reconnects=2 snapshots=1 staleIntervals=2 staleMillis=1536.341751
switchboard-sample-service iteration=652 checkout-v2=false
runtime-evidence iteration=652 monotonicNanos=3645274280870 state=READY version=2 reconnects=2 snapshots=1 staleIntervals=2 staleMillis=1536.341751
switchboard-sample-service iteration=653 checkout-v2=false
runtime-evidence iteration=653 monotonicNanos=3645376702662 state=READY version=2 reconnects=2 snapshots=1 staleIntervals=2 staleMillis=1536.341751
switchboard-sample-service iteration=654 checkout-v2=false
runtime-evidence iteration=654 monotonicNanos=3645477420787 state=READY version=2 reconnects=2 snapshots=1 staleIntervals=2 staleMillis=1536.341751
switchboard-sample-service iteration=655 checkout-v2=false
runtime-evidence iteration=655 monotonicNanos=3645579379079 state=READY version=2 reconnects=2 snapshots=1 staleIntervals=2 staleMillis=1536.341751
switchboard-sample-service iteration=656 checkout-v2=false
runtime-evidence iteration=656 monotonicNanos=3645680827995 state=READY version=2 reconnects=2 snapshots=1 staleIntervals=2 staleMillis=1536.341751
switchboard-sample-service iteration=657 checkout-v2=false
runtime-evidence iteration=657 monotonicNanos=3645781573745 state=READY version=2 reconnects=2 snapshots=1 staleIntervals=2 staleMillis=1536.341751
switchboard-sample-service iteration=658 checkout-v2=false
runtime-evidence iteration=658 monotonicNanos=3645883347204 state=READY version=2 reconnects=2 snapshots=1 staleIntervals=2 staleMillis=1536.341751
switchboard-sample-service iteration=659 checkout-v2=false
runtime-evidence iteration=659 monotonicNanos=3645984669329 state=READY version=2 reconnects=2 snapshots=1 staleIntervals=2 staleMillis=1536.341751
switchboard-sample-service iteration=660 checkout-v2=false
runtime-evidence iteration=660 monotonicNanos=3646085681120 state=READY version=2 reconnects=2 snapshots=1 staleIntervals=2 staleMillis=1536.341751
switchboard-sample-service iteration=661 checkout-v2=false
runtime-evidence iteration=661 monotonicNanos=3646186827204 state=READY version=2 reconnects=2 snapshots=1 staleIntervals=2 staleMillis=1536.341751
switchboard-sample-service iteration=662 checkout-v2=false
runtime-evidence iteration=662 monotonicNanos=3646287764412 state=READY version=2 reconnects=2 snapshots=1 staleIntervals=2 staleMillis=1536.341751
switchboard-sample-service iteration=663 checkout-v2=false
runtime-evidence iteration=663 monotonicNanos=3646388914412 state=READY version=2 reconnects=2 snapshots=1 staleIntervals=2 staleMillis=1536.341751
switchboard-sample-service iteration=664 checkout-v2=false
runtime-evidence iteration=664 monotonicNanos=3646490412621 state=READY version=2 reconnects=2 snapshots=1 staleIntervals=2 staleMillis=1536.341751
switchboard-sample-service iteration=665 checkout-v2=false
runtime-evidence iteration=665 monotonicNanos=3646593115037 state=READY version=2 reconnects=2 snapshots=1 staleIntervals=2 staleMillis=1536.341751
switchboard-sample-service iteration=666 checkout-v2=false
runtime-evidence iteration=666 monotonicNanos=3646704655829 state=READY version=2 reconnects=2 snapshots=1 staleIntervals=2 staleMillis=1536.341751
switchboard-sample-service iteration=667 checkout-v2=false
runtime-evidence iteration=667 monotonicNanos=3646807211454 state=READY version=2 reconnects=2 snapshots=1 staleIntervals=2 staleMillis=1536.341751
switchboard-sample-service iteration=668 checkout-v2=false
runtime-evidence iteration=668 monotonicNanos=3646908464371 state=READY version=2 reconnects=2 snapshots=1 staleIntervals=2 staleMillis=1536.341751
switchboard-sample-service iteration=669 checkout-v2=false
runtime-evidence iteration=669 monotonicNanos=3647018471204 state=READY version=2 reconnects=2 snapshots=1 staleIntervals=2 staleMillis=1536.341751
switchboard-sample-service iteration=670 checkout-v2=false
runtime-evidence iteration=670 monotonicNanos=3647121404871 state=READY version=2 reconnects=2 snapshots=1 staleIntervals=2 staleMillis=1536.341751
switchboard-sample-service iteration=671 checkout-v2=false
runtime-evidence iteration=671 monotonicNanos=3647223168913 state=READY version=2 reconnects=2 snapshots=1 staleIntervals=2 staleMillis=1536.341751
switchboard-sample-service iteration=672 checkout-v2=false
runtime-evidence iteration=672 monotonicNanos=3647325977996 state=READY version=2 reconnects=2 snapshots=1 staleIntervals=2 staleMillis=1536.341751
switchboard-sample-service iteration=673 checkout-v2=false
runtime-evidence iteration=673 monotonicNanos=3647428074538 state=READY version=2 reconnects=2 snapshots=1 staleIntervals=2 staleMillis=1536.341751
switchboard-sample-service iteration=674 checkout-v2=false
runtime-evidence iteration=674 monotonicNanos=3647530079079 state=READY version=2 reconnects=2 snapshots=1 staleIntervals=2 staleMillis=1536.341751
switchboard-sample-service iteration=675 checkout-v2=false
runtime-evidence iteration=675 monotonicNanos=3647630630705 state=READY version=2 reconnects=2 snapshots=1 staleIntervals=2 staleMillis=1536.341751
switchboard-sample-service iteration=676 checkout-v2=false
runtime-evidence iteration=676 monotonicNanos=3647732524121 state=READY version=2 reconnects=2 snapshots=1 staleIntervals=2 staleMillis=1536.341751
switchboard-sample-service iteration=677 checkout-v2=false
runtime-evidence iteration=677 monotonicNanos=3647834118413 state=READY version=2 reconnects=2 snapshots=1 staleIntervals=2 staleMillis=1536.341751
switchboard-sample-service iteration=678 checkout-v2=false
runtime-evidence iteration=678 monotonicNanos=3647937088121 state=READY version=2 reconnects=2 snapshots=1 staleIntervals=2 staleMillis=1536.341751
switchboard-sample-service iteration=679 checkout-v2=false
runtime-evidence iteration=679 monotonicNanos=3648039712830 state=READY version=2 reconnects=2 snapshots=1 staleIntervals=2 staleMillis=1536.341751
switchboard-sample-service iteration=680 checkout-v2=false
runtime-evidence iteration=680 monotonicNanos=3648140592913 state=READY version=2 reconnects=2 snapshots=1 staleIntervals=2 staleMillis=1536.341751
switchboard-sample-service iteration=681 checkout-v2=false
runtime-evidence iteration=681 monotonicNanos=3648241675455 state=READY version=2 reconnects=2 snapshots=1 staleIntervals=2 staleMillis=1536.341751
switchboard-sample-service iteration=682 checkout-v2=false
runtime-evidence iteration=682 monotonicNanos=3648342461372 state=READY version=2 reconnects=2 snapshots=1 staleIntervals=2 staleMillis=1536.341751
switchboard-sample-service iteration=683 checkout-v2=false
runtime-evidence iteration=683 monotonicNanos=3648443748830 state=READY version=2 reconnects=2 snapshots=1 staleIntervals=2 staleMillis=1536.341751
switchboard-sample-service iteration=684 checkout-v2=false
runtime-evidence iteration=684 monotonicNanos=3648544597955 state=READY version=2 reconnects=2 snapshots=1 staleIntervals=2 staleMillis=1536.341751
switchboard-sample-service iteration=685 checkout-v2=false
runtime-evidence iteration=685 monotonicNanos=3648646085080 state=READY version=2 reconnects=2 snapshots=1 staleIntervals=2 staleMillis=1536.341751
switchboard-sample-service iteration=686 checkout-v2=false
runtime-evidence iteration=686 monotonicNanos=3648747910997 state=READY version=2 reconnects=2 snapshots=1 staleIntervals=2 staleMillis=1536.341751
switchboard-sample-service iteration=687 checkout-v2=false
runtime-evidence iteration=687 monotonicNanos=3648849619997 state=READY version=2 reconnects=2 snapshots=1 staleIntervals=2 staleMillis=1536.341751
switchboard-sample-service iteration=688 checkout-v2=false
runtime-evidence iteration=688 monotonicNanos=3648951801039 state=READY version=2 reconnects=2 snapshots=1 staleIntervals=2 staleMillis=1536.341751
switchboard-sample-service iteration=689 checkout-v2=false
runtime-evidence iteration=689 monotonicNanos=3649054179872 state=READY version=2 reconnects=2 snapshots=1 staleIntervals=2 staleMillis=1536.341751
switchboard-sample-service iteration=690 checkout-v2=false
runtime-evidence iteration=690 monotonicNanos=3649155668455 state=READY version=2 reconnects=2 snapshots=1 staleIntervals=2 staleMillis=1536.341751
switchboard-sample-service iteration=691 checkout-v2=false
runtime-evidence iteration=691 monotonicNanos=3649256591330 state=READY version=2 reconnects=2 snapshots=1 staleIntervals=2 staleMillis=1536.341751
switchboard-sample-service iteration=692 checkout-v2=false
runtime-evidence iteration=692 monotonicNanos=3649357435372 state=READY version=2 reconnects=2 snapshots=1 staleIntervals=2 staleMillis=1536.341751
switchboard-sample-service iteration=693 checkout-v2=false
runtime-evidence iteration=693 monotonicNanos=3649458557914 state=READY version=2 reconnects=2 snapshots=1 staleIntervals=2 staleMillis=1536.341751
switchboard-sample-service iteration=694 checkout-v2=false
runtime-evidence iteration=694 monotonicNanos=3649559983372 state=READY version=2 reconnects=2 snapshots=1 staleIntervals=2 staleMillis=1536.341751
switchboard-sample-service iteration=695 checkout-v2=false
runtime-evidence iteration=695 monotonicNanos=3649665254789 state=READY version=2 reconnects=2 snapshots=1 staleIntervals=2 staleMillis=1536.341751
switchboard-sample-service iteration=696 checkout-v2=false
runtime-evidence iteration=696 monotonicNanos=3649767289831 state=READY version=2 reconnects=2 snapshots=1 staleIntervals=2 staleMillis=1536.341751
switchboard-sample-service iteration=697 checkout-v2=false
runtime-evidence iteration=697 monotonicNanos=3649869104497 state=READY version=2 reconnects=2 snapshots=1 staleIntervals=2 staleMillis=1536.341751
switchboard-sample-service iteration=698 checkout-v2=false
runtime-evidence iteration=698 monotonicNanos=3649970869206 state=READY version=2 reconnects=2 snapshots=1 staleIntervals=2 staleMillis=1536.341751
switchboard-sample-service iteration=699 checkout-v2=false
runtime-evidence iteration=699 monotonicNanos=3650073270164 state=READY version=2 reconnects=2 snapshots=1 staleIntervals=2 staleMillis=1536.341751
switchboard-sample-service iteration=700 checkout-v2=false
runtime-evidence iteration=700 monotonicNanos=3650174747664 state=READY version=2 reconnects=2 snapshots=1 staleIntervals=2 staleMillis=1536.341751
switchboard-sample-service iteration=701 checkout-v2=false
runtime-evidence iteration=701 monotonicNanos=3650277413331 state=READY version=2 reconnects=2 snapshots=1 staleIntervals=2 staleMillis=1536.341751
switchboard-sample-service iteration=702 checkout-v2=false
runtime-evidence iteration=702 monotonicNanos=3650378857664 state=READY version=2 reconnects=2 snapshots=1 staleIntervals=2 staleMillis=1536.341751
switchboard-sample-service iteration=703 checkout-v2=false
runtime-evidence iteration=703 monotonicNanos=3650480431789 state=READY version=2 reconnects=2 snapshots=1 staleIntervals=2 staleMillis=1536.341751
switchboard-sample-service iteration=704 checkout-v2=false
runtime-evidence iteration=704 monotonicNanos=3650581506414 state=READY version=2 reconnects=2 snapshots=1 staleIntervals=2 staleMillis=1536.341751
switchboard-sample-service iteration=705 checkout-v2=false
runtime-evidence iteration=705 monotonicNanos=3650682864456 state=READY version=2 reconnects=2 snapshots=1 staleIntervals=2 staleMillis=1536.341751
switchboard-sample-service iteration=706 checkout-v2=false
runtime-evidence iteration=706 monotonicNanos=3650784722331 state=READY version=2 reconnects=2 snapshots=1 staleIntervals=2 staleMillis=1536.341751
switchboard-sample-service iteration=707 checkout-v2=false
runtime-evidence iteration=707 monotonicNanos=3650885445998 state=READY version=2 reconnects=2 snapshots=1 staleIntervals=2 staleMillis=1536.341751
switchboard-sample-service iteration=708 checkout-v2=false
runtime-evidence iteration=708 monotonicNanos=3650987595956 state=READY version=2 reconnects=2 snapshots=1 staleIntervals=2 staleMillis=1536.341751
switchboard-sample-service iteration=709 checkout-v2=false
runtime-evidence iteration=709 monotonicNanos=3651088622748 state=READY version=2 reconnects=2 snapshots=1 staleIntervals=2 staleMillis=1536.341751
switchboard-sample-service iteration=710 checkout-v2=false
runtime-evidence iteration=710 monotonicNanos=3651190036373 state=READY version=2 reconnects=2 snapshots=1 staleIntervals=2 staleMillis=1536.341751
switchboard-sample-service iteration=711 checkout-v2=false
runtime-evidence iteration=711 monotonicNanos=3651292687040 state=READY version=2 reconnects=2 snapshots=1 staleIntervals=2 staleMillis=1536.341751
switchboard-sample-service iteration=712 checkout-v2=false
runtime-evidence iteration=712 monotonicNanos=3651397855998 state=READY version=2 reconnects=2 snapshots=1 staleIntervals=2 staleMillis=1536.341751
switchboard-sample-service iteration=713 checkout-v2=false
runtime-evidence iteration=713 monotonicNanos=3651499867540 state=READY version=2 reconnects=2 snapshots=1 staleIntervals=2 staleMillis=1536.341751
switchboard-sample-service iteration=714 checkout-v2=false
runtime-evidence iteration=714 monotonicNanos=3651601905456 state=READY version=2 reconnects=2 snapshots=1 staleIntervals=2 staleMillis=1536.341751
switchboard-sample-service iteration=715 checkout-v2=false
runtime-evidence iteration=715 monotonicNanos=3651705611540 state=READY version=2 reconnects=2 snapshots=1 staleIntervals=2 staleMillis=1536.341751
switchboard-sample-service iteration=716 checkout-v2=false
runtime-evidence iteration=716 monotonicNanos=3651808410165 state=READY version=2 reconnects=2 snapshots=1 staleIntervals=2 staleMillis=1536.341751
switchboard-sample-service iteration=717 checkout-v2=false
runtime-evidence iteration=717 monotonicNanos=3651911493290 state=READY version=2 reconnects=2 snapshots=1 staleIntervals=2 staleMillis=1536.341751
switchboard-sample-service iteration=718 checkout-v2=false
runtime-evidence iteration=718 monotonicNanos=3652012523832 state=READY version=2 reconnects=2 snapshots=1 staleIntervals=2 staleMillis=1536.341751
switchboard-sample-service iteration=719 checkout-v2=false
runtime-evidence iteration=719 monotonicNanos=3652123432915 state=READY version=2 reconnects=2 snapshots=1 staleIntervals=2 staleMillis=1536.341751
switchboard-sample-service iteration=720 checkout-v2=false
runtime-evidence iteration=720 monotonicNanos=3652224930915 state=READY version=2 reconnects=2 snapshots=1 staleIntervals=2 staleMillis=1536.341751
switchboard-sample-service iteration=721 checkout-v2=false
runtime-evidence iteration=721 monotonicNanos=3652329140998 state=READY version=2 reconnects=2 snapshots=1 staleIntervals=2 staleMillis=1536.341751
switchboard-sample-service iteration=722 checkout-v2=false
runtime-evidence iteration=722 monotonicNanos=3652431623290 state=READY version=2 reconnects=2 snapshots=1 staleIntervals=2 staleMillis=1536.341751
switchboard-sample-service iteration=723 checkout-v2=false
runtime-evidence iteration=723 monotonicNanos=3652532544207 state=READY version=2 reconnects=2 snapshots=1 staleIntervals=2 staleMillis=1536.341751
switchboard-sample-service iteration=724 checkout-v2=false
runtime-evidence iteration=724 monotonicNanos=3652633546415 state=READY version=2 reconnects=2 snapshots=1 staleIntervals=2 staleMillis=1536.341751
switchboard-sample-service iteration=725 checkout-v2=false
runtime-evidence iteration=725 monotonicNanos=3652735152249 state=READY version=2 reconnects=2 snapshots=1 staleIntervals=2 staleMillis=1536.341751
switchboard-sample-service iteration=726 checkout-v2=false
runtime-evidence iteration=726 monotonicNanos=3652836677124 state=READY version=2 reconnects=2 snapshots=1 staleIntervals=2 staleMillis=1536.341751
switchboard-sample-service iteration=727 checkout-v2=false
runtime-evidence iteration=727 monotonicNanos=3652937989707 state=READY version=2 reconnects=2 snapshots=1 staleIntervals=2 staleMillis=1536.341751
switchboard-sample-service iteration=728 checkout-v2=false
runtime-evidence iteration=728 monotonicNanos=3653041317415 state=READY version=2 reconnects=2 snapshots=1 staleIntervals=2 staleMillis=1536.341751
switchboard-sample-service iteration=729 checkout-v2=false
runtime-evidence iteration=729 monotonicNanos=3653142896499 state=READY version=2 reconnects=2 snapshots=1 staleIntervals=2 staleMillis=1536.341751
switchboard-sample-service iteration=730 checkout-v2=false
runtime-evidence iteration=730 monotonicNanos=3653245695582 state=READY version=2 reconnects=2 snapshots=1 staleIntervals=2 staleMillis=1536.341751
switchboard-sample-service iteration=731 checkout-v2=false
runtime-evidence iteration=731 monotonicNanos=3653347625624 state=READY version=2 reconnects=2 snapshots=1 staleIntervals=2 staleMillis=1536.341751
switchboard-sample-service iteration=732 checkout-v2=false
runtime-evidence iteration=732 monotonicNanos=3653450740499 state=READY version=2 reconnects=2 snapshots=1 staleIntervals=2 staleMillis=1536.341751
switchboard-sample-service iteration=733 checkout-v2=false
runtime-evidence iteration=733 monotonicNanos=3653551695749 state=READY version=2 reconnects=2 snapshots=1 staleIntervals=2 staleMillis=1536.341751
switchboard-sample-service iteration=734 checkout-v2=false
runtime-evidence iteration=734 monotonicNanos=3653652971291 state=READY version=2 reconnects=2 snapshots=1 staleIntervals=2 staleMillis=1536.341751
switchboard-sample-service iteration=735 checkout-v2=false
runtime-evidence iteration=735 monotonicNanos=3653755339041 state=READY version=2 reconnects=2 snapshots=1 staleIntervals=2 staleMillis=1536.341751
switchboard-sample-service iteration=736 checkout-v2=false
runtime-evidence iteration=736 monotonicNanos=3653856597749 state=READY version=2 reconnects=2 snapshots=1 staleIntervals=2 staleMillis=1536.341751
switchboard-sample-service iteration=737 checkout-v2=false
runtime-evidence iteration=737 monotonicNanos=3653957868583 state=READY version=2 reconnects=2 snapshots=1 staleIntervals=2 staleMillis=1536.341751
switchboard-sample-service iteration=738 checkout-v2=false
runtime-evidence iteration=738 monotonicNanos=3654059931583 state=READY version=2 reconnects=2 snapshots=1 staleIntervals=2 staleMillis=1536.341751
switchboard-sample-service iteration=739 checkout-v2=false
runtime-evidence iteration=739 monotonicNanos=3654161740999 state=READY version=2 reconnects=2 snapshots=1 staleIntervals=2 staleMillis=1536.341751
switchboard-sample-service iteration=740 checkout-v2=false
runtime-evidence iteration=740 monotonicNanos=3654262665499 state=READY version=2 reconnects=2 snapshots=1 staleIntervals=2 staleMillis=1536.341751
switchboard-sample-service iteration=741 checkout-v2=false
runtime-evidence iteration=741 monotonicNanos=3654363426666 state=READY version=2 reconnects=2 snapshots=1 staleIntervals=2 staleMillis=1536.341751
switchboard-sample-service iteration=742 checkout-v2=false
runtime-evidence iteration=742 monotonicNanos=3654464713791 state=READY version=2 reconnects=2 snapshots=1 staleIntervals=2 staleMillis=1536.341751
switchboard-sample-service iteration=743 checkout-v2=false
runtime-evidence iteration=743 monotonicNanos=3654569909000 state=READY version=2 reconnects=2 snapshots=1 staleIntervals=2 staleMillis=1536.341751
switchboard-sample-service iteration=744 checkout-v2=false
runtime-evidence iteration=744 monotonicNanos=3654673090083 state=READY version=2 reconnects=2 snapshots=1 staleIntervals=2 staleMillis=1536.341751
switchboard-sample-service iteration=745 checkout-v2=false
runtime-evidence iteration=745 monotonicNanos=3654775912708 state=READY version=2 reconnects=2 snapshots=1 staleIntervals=2 staleMillis=1536.341751
switchboard-sample-service iteration=746 checkout-v2=false
runtime-evidence iteration=746 monotonicNanos=3654878450750 state=READY version=2 reconnects=2 snapshots=1 staleIntervals=2 staleMillis=1536.341751
switchboard-sample-service iteration=747 checkout-v2=false
runtime-evidence iteration=747 monotonicNanos=3654979487333 state=READY version=2 reconnects=2 snapshots=1 staleIntervals=2 staleMillis=1536.341751
switchboard-sample-service iteration=748 checkout-v2=false
runtime-evidence iteration=748 monotonicNanos=3655081360500 state=READY version=2 reconnects=2 snapshots=1 staleIntervals=2 staleMillis=1536.341751
switchboard-sample-service iteration=749 checkout-v2=false
runtime-evidence iteration=749 monotonicNanos=3655183177541 state=READY version=2 reconnects=2 snapshots=1 staleIntervals=2 staleMillis=1536.341751
switchboard-sample-service iteration=750 checkout-v2=false
runtime-evidence iteration=750 monotonicNanos=3655286141708 state=READY version=2 reconnects=2 snapshots=1 staleIntervals=2 staleMillis=1536.341751
switchboard-sample-service iteration=751 checkout-v2=false
runtime-evidence iteration=751 monotonicNanos=3655388850875 state=READY version=2 reconnects=2 snapshots=1 staleIntervals=2 staleMillis=1536.341751
switchboard-sample-service iteration=752 checkout-v2=false
runtime-evidence iteration=752 monotonicNanos=3655490805917 state=READY version=2 reconnects=2 snapshots=1 staleIntervals=2 staleMillis=1536.341751
switchboard-sample-service iteration=753 checkout-v2=false
runtime-evidence iteration=753 monotonicNanos=3655592181958 state=READY version=2 reconnects=2 snapshots=1 staleIntervals=2 staleMillis=1536.341751
switchboard-sample-service iteration=754 checkout-v2=false
runtime-evidence iteration=754 monotonicNanos=3655693676375 state=READY version=2 reconnects=2 snapshots=1 staleIntervals=2 staleMillis=1536.341751
switchboard-sample-service iteration=755 checkout-v2=false
runtime-evidence iteration=755 monotonicNanos=3655794640583 state=READY version=2 reconnects=2 snapshots=1 staleIntervals=2 staleMillis=1536.341751
switchboard-sample-service iteration=756 checkout-v2=false
runtime-evidence iteration=756 monotonicNanos=3655896956750 state=READY version=2 reconnects=2 snapshots=1 staleIntervals=2 staleMillis=1536.341751
switchboard-sample-service iteration=757 checkout-v2=false
runtime-evidence iteration=757 monotonicNanos=3655999393209 state=READY version=2 reconnects=2 snapshots=1 staleIntervals=2 staleMillis=1536.341751
switchboard-sample-service iteration=758 checkout-v2=false
runtime-evidence iteration=758 monotonicNanos=3656101876917 state=READY version=2 reconnects=2 snapshots=1 staleIntervals=2 staleMillis=1536.341751
switchboard-sample-service iteration=759 checkout-v2=false
runtime-evidence iteration=759 monotonicNanos=3656203682584 state=READY version=2 reconnects=2 snapshots=1 staleIntervals=2 staleMillis=1536.341751
switchboard-sample-service iteration=760 checkout-v2=false
runtime-evidence iteration=760 monotonicNanos=3656304584834 state=READY version=2 reconnects=2 snapshots=1 staleIntervals=2 staleMillis=1536.341751
switchboard-sample-service iteration=761 checkout-v2=false
runtime-evidence iteration=761 monotonicNanos=3656405629625 state=READY version=2 reconnects=2 snapshots=1 staleIntervals=2 staleMillis=1536.341751
switchboard-sample-service iteration=762 checkout-v2=false
runtime-evidence iteration=762 monotonicNanos=3656507108750 state=READY version=2 reconnects=2 snapshots=1 staleIntervals=2 staleMillis=1536.341751
switchboard-sample-service iteration=763 checkout-v2=false
runtime-evidence iteration=763 monotonicNanos=3656608617042 state=READY version=2 reconnects=2 snapshots=1 staleIntervals=2 staleMillis=1536.341751
switchboard-sample-service iteration=764 checkout-v2=false
runtime-evidence iteration=764 monotonicNanos=3656710192459 state=READY version=2 reconnects=2 snapshots=1 staleIntervals=2 staleMillis=1536.341751
switchboard-sample-service iteration=765 checkout-v2=false
runtime-evidence iteration=765 monotonicNanos=3656811572334 state=READY version=2 reconnects=2 snapshots=1 staleIntervals=2 staleMillis=1536.341751
switchboard-sample-service iteration=766 checkout-v2=false
runtime-evidence iteration=766 monotonicNanos=3656913282959 state=READY version=2 reconnects=2 snapshots=1 staleIntervals=2 staleMillis=1536.341751
switchboard-sample-service iteration=767 checkout-v2=false
runtime-evidence iteration=767 monotonicNanos=3657016127626 state=READY version=2 reconnects=2 snapshots=1 staleIntervals=2 staleMillis=1536.341751
switchboard-sample-service iteration=768 checkout-v2=false
runtime-evidence iteration=768 monotonicNanos=3657119678751 state=READY version=2 reconnects=2 snapshots=1 staleIntervals=2 staleMillis=1536.341751
switchboard-sample-service iteration=769 checkout-v2=false
runtime-evidence iteration=769 monotonicNanos=3657221261334 state=READY version=2 reconnects=2 snapshots=1 staleIntervals=2 staleMillis=1536.341751
switchboard-sample-service iteration=770 checkout-v2=false
runtime-evidence iteration=770 monotonicNanos=3657323283834 state=READY version=2 reconnects=2 snapshots=1 staleIntervals=2 staleMillis=1536.341751
switchboard-sample-service iteration=771 checkout-v2=false
runtime-evidence iteration=771 monotonicNanos=3657424551459 state=READY version=2 reconnects=2 snapshots=1 staleIntervals=2 staleMillis=1536.341751
switchboard-sample-service iteration=772 checkout-v2=false
runtime-evidence iteration=772 monotonicNanos=3657525927376 state=READY version=2 reconnects=2 snapshots=1 staleIntervals=2 staleMillis=1536.341751
switchboard-sample-service iteration=773 checkout-v2=false
runtime-evidence iteration=773 monotonicNanos=3657631511543 state=READY version=2 reconnects=2 snapshots=1 staleIntervals=2 staleMillis=1536.341751
switchboard-sample-service iteration=774 checkout-v2=false
runtime-evidence iteration=774 monotonicNanos=3657746352293 state=READY version=2 reconnects=2 snapshots=1 staleIntervals=2 staleMillis=1536.341751
switchboard-sample-service iteration=775 checkout-v2=false
runtime-evidence iteration=775 monotonicNanos=3657850550334 state=READY version=2 reconnects=2 snapshots=1 staleIntervals=2 staleMillis=1536.341751
switchboard-sample-service iteration=776 checkout-v2=false
runtime-evidence iteration=776 monotonicNanos=3657951879793 state=READY version=2 reconnects=2 snapshots=1 staleIntervals=2 staleMillis=1536.341751
switchboard-sample-service iteration=777 checkout-v2=false
runtime-evidence iteration=777 monotonicNanos=3658053804876 state=READY version=2 reconnects=2 snapshots=1 staleIntervals=2 staleMillis=1536.341751
switchboard-sample-service iteration=778 checkout-v2=false
runtime-evidence iteration=778 monotonicNanos=3658154593668 state=READY version=2 reconnects=2 snapshots=1 staleIntervals=2 staleMillis=1536.341751
switchboard-sample-service iteration=779 checkout-v2=false
runtime-evidence iteration=779 monotonicNanos=3658255549501 state=READY version=2 reconnects=2 snapshots=1 staleIntervals=2 staleMillis=1536.341751
switchboard-sample-service iteration=780 checkout-v2=false
runtime-evidence iteration=780 monotonicNanos=3658356230335 state=READY version=2 reconnects=2 snapshots=1 staleIntervals=2 staleMillis=1536.341751
switchboard-sample-service iteration=781 checkout-v2=false
runtime-evidence iteration=781 monotonicNanos=3658457947293 state=READY version=2 reconnects=2 snapshots=1 staleIntervals=2 staleMillis=1536.341751
switchboard-sample-service iteration=782 checkout-v2=false
runtime-evidence iteration=782 monotonicNanos=3658559801335 state=READY version=2 reconnects=2 snapshots=1 staleIntervals=2 staleMillis=1536.341751
switchboard-sample-service iteration=783 checkout-v2=false
runtime-evidence iteration=783 monotonicNanos=3658661206335 state=READY version=2 reconnects=2 snapshots=1 staleIntervals=2 staleMillis=1536.341751
switchboard-sample-service iteration=784 checkout-v2=false
runtime-evidence iteration=784 monotonicNanos=3658763565335 state=READY version=2 reconnects=2 snapshots=1 staleIntervals=2 staleMillis=1536.341751
switchboard-sample-service iteration=785 checkout-v2=false
runtime-evidence iteration=785 monotonicNanos=3658865547877 state=READY version=2 reconnects=2 snapshots=1 staleIntervals=2 staleMillis=1536.341751
switchboard-sample-service iteration=786 checkout-v2=false
runtime-evidence iteration=786 monotonicNanos=3658970360377 state=READY version=2 reconnects=2 snapshots=1 staleIntervals=2 staleMillis=1536.341751
switchboard-sample-service iteration=787 checkout-v2=false
runtime-evidence iteration=787 monotonicNanos=3659076367335 state=READY version=2 reconnects=2 snapshots=1 staleIntervals=2 staleMillis=1536.341751
switchboard-sample-service iteration=788 checkout-v2=false
runtime-evidence iteration=788 monotonicNanos=3659177335460 state=READY version=2 reconnects=2 snapshots=1 staleIntervals=2 staleMillis=1536.341751
switchboard-sample-service iteration=789 checkout-v2=false
runtime-evidence iteration=789 monotonicNanos=3659278625543 state=READY version=2 reconnects=2 snapshots=1 staleIntervals=2 staleMillis=1536.341751
switchboard-sample-service iteration=790 checkout-v2=false
runtime-evidence iteration=790 monotonicNanos=3659381487793 state=READY version=2 reconnects=2 snapshots=1 staleIntervals=2 staleMillis=1536.341751
switchboard-sample-service iteration=791 checkout-v2=false
runtime-evidence iteration=791 monotonicNanos=3659483521169 state=READY version=2 reconnects=2 snapshots=1 staleIntervals=2 staleMillis=1536.341751
switchboard-sample-service iteration=792 checkout-v2=false
runtime-evidence iteration=792 monotonicNanos=3659585383669 state=READY version=2 reconnects=2 snapshots=1 staleIntervals=2 staleMillis=1536.341751
switchboard-sample-service iteration=793 checkout-v2=false
runtime-evidence iteration=793 monotonicNanos=3659686535252 state=READY version=2 reconnects=2 snapshots=1 staleIntervals=2 staleMillis=1536.341751
switchboard-sample-service iteration=794 checkout-v2=false
runtime-evidence iteration=794 monotonicNanos=3659788429252 state=READY version=2 reconnects=2 snapshots=1 staleIntervals=2 staleMillis=1536.341751
switchboard-sample-service iteration=795 checkout-v2=false
runtime-evidence iteration=795 monotonicNanos=3659890562502 state=READY version=2 reconnects=2 snapshots=1 staleIntervals=2 staleMillis=1536.341751
switchboard-sample-service iteration=796 checkout-v2=false
runtime-evidence iteration=796 monotonicNanos=3659991563835 state=READY version=2 reconnects=2 snapshots=1 staleIntervals=2 staleMillis=1536.341751
switchboard-sample-service iteration=797 checkout-v2=false
runtime-evidence iteration=797 monotonicNanos=3660093550002 state=READY version=2 reconnects=2 snapshots=1 staleIntervals=2 staleMillis=1536.341751
switchboard-sample-service iteration=798 checkout-v2=false
runtime-evidence iteration=798 monotonicNanos=3660195948711 state=READY version=2 reconnects=2 snapshots=1 staleIntervals=2 staleMillis=1536.341751
switchboard-sample-service iteration=799 checkout-v2=false
runtime-evidence iteration=799 monotonicNanos=3660297790669 state=READY version=2 reconnects=2 snapshots=1 staleIntervals=2 staleMillis=1536.341751
switchboard-sample-service iteration=800 checkout-v2=false
runtime-evidence iteration=800 monotonicNanos=3660398735836 state=READY version=2 reconnects=2 snapshots=1 staleIntervals=2 staleMillis=1536.341751
switchboard-sample-service iteration=801 checkout-v2=false
runtime-evidence iteration=801 monotonicNanos=3660500021169 state=READY version=2 reconnects=2 snapshots=1 staleIntervals=2 staleMillis=1536.341751
switchboard-sample-service iteration=802 checkout-v2=false
runtime-evidence iteration=802 monotonicNanos=3660601668794 state=READY version=2 reconnects=2 snapshots=1 staleIntervals=2 staleMillis=1536.341751
switchboard-sample-service iteration=803 checkout-v2=false
runtime-evidence iteration=803 monotonicNanos=3660704071627 state=READY version=2 reconnects=2 snapshots=1 staleIntervals=2 staleMillis=1536.341751
switchboard-sample-service iteration=804 checkout-v2=false
runtime-evidence iteration=804 monotonicNanos=3660806039169 state=READY version=2 reconnects=2 snapshots=1 staleIntervals=2 staleMillis=1536.341751
switchboard-sample-service iteration=805 checkout-v2=false
runtime-evidence iteration=805 monotonicNanos=3660910057503 state=READY version=2 reconnects=2 snapshots=1 staleIntervals=2 staleMillis=1536.341751
switchboard-sample-service iteration=806 checkout-v2=false
runtime-evidence iteration=806 monotonicNanos=3661011495419 state=READY version=2 reconnects=2 snapshots=1 staleIntervals=2 staleMillis=1536.341751
switchboard-sample-service iteration=807 checkout-v2=false
runtime-evidence iteration=807 monotonicNanos=3661112681128 state=READY version=2 reconnects=2 snapshots=1 staleIntervals=2 staleMillis=1536.341751
switchboard-sample-service iteration=808 checkout-v2=false
runtime-evidence iteration=808 monotonicNanos=3661213559669 state=READY version=2 reconnects=2 snapshots=1 staleIntervals=2 staleMillis=1536.341751
switchboard-sample-service iteration=809 checkout-v2=false
runtime-evidence iteration=809 monotonicNanos=3661317442294 state=READY version=2 reconnects=2 snapshots=1 staleIntervals=2 staleMillis=1536.341751
switchboard-sample-service iteration=810 checkout-v2=false
runtime-evidence iteration=810 monotonicNanos=3661419637711 state=READY version=2 reconnects=2 snapshots=1 staleIntervals=2 staleMillis=1536.341751
switchboard-sample-service iteration=811 checkout-v2=false
runtime-evidence iteration=811 monotonicNanos=3661521668127 state=READY version=2 reconnects=2 snapshots=1 staleIntervals=2 staleMillis=1536.341751
switchboard-sample-service iteration=812 checkout-v2=false
runtime-evidence iteration=812 monotonicNanos=3661623908711 state=READY version=2 reconnects=2 snapshots=1 staleIntervals=2 staleMillis=1536.341751
switchboard-sample-service iteration=813 checkout-v2=false
runtime-evidence iteration=813 monotonicNanos=3661728308086 state=READY version=2 reconnects=2 snapshots=1 staleIntervals=2 staleMillis=1536.341751
switchboard-sample-service iteration=814 checkout-v2=false
runtime-evidence iteration=814 monotonicNanos=3661833988127 state=READY version=2 reconnects=2 snapshots=1 staleIntervals=2 staleMillis=1536.341751
switchboard-sample-service iteration=815 checkout-v2=false
runtime-evidence iteration=815 monotonicNanos=3661935821461 state=READY version=2 reconnects=2 snapshots=1 staleIntervals=2 staleMillis=1536.341751
switchboard-sample-service iteration=816 checkout-v2=false
runtime-evidence iteration=816 monotonicNanos=3662037578502 state=READY version=2 reconnects=2 snapshots=1 staleIntervals=2 staleMillis=1536.341751
switchboard-sample-service iteration=817 checkout-v2=false
runtime-evidence iteration=817 monotonicNanos=3662138434752 state=READY version=2 reconnects=2 snapshots=1 staleIntervals=2 staleMillis=1536.341751
switchboard-sample-service iteration=818 checkout-v2=false
runtime-evidence iteration=818 monotonicNanos=3662239548753 state=READY version=2 reconnects=2 snapshots=1 staleIntervals=2 staleMillis=1536.341751
switchboard-sample-service iteration=819 checkout-v2=false
runtime-evidence iteration=819 monotonicNanos=3662341117294 state=READY version=2 reconnects=2 snapshots=1 staleIntervals=2 staleMillis=1536.341751
switchboard-sample-service iteration=820 checkout-v2=false
runtime-evidence iteration=820 monotonicNanos=3662444795836 state=READY version=2 reconnects=2 snapshots=1 staleIntervals=2 staleMillis=1536.341751
switchboard-sample-service iteration=821 checkout-v2=false
runtime-evidence iteration=821 monotonicNanos=3662545415003 state=READY version=2 reconnects=2 snapshots=1 staleIntervals=2 staleMillis=1536.341751
switchboard-sample-service iteration=822 checkout-v2=false
runtime-evidence iteration=822 monotonicNanos=3662646404378 state=READY version=2 reconnects=2 snapshots=1 staleIntervals=2 staleMillis=1536.341751
switchboard-sample-service iteration=823 checkout-v2=false
runtime-evidence iteration=823 monotonicNanos=3662747864253 state=READY version=2 reconnects=2 snapshots=1 staleIntervals=2 staleMillis=1536.341751
switchboard-sample-service iteration=824 checkout-v2=false
runtime-evidence iteration=824 monotonicNanos=3662848672211 state=READY version=2 reconnects=2 snapshots=1 staleIntervals=2 staleMillis=1536.341751
switchboard-sample-service iteration=825 checkout-v2=false
runtime-evidence iteration=825 monotonicNanos=3662950345670 state=READY version=2 reconnects=2 snapshots=1 staleIntervals=2 staleMillis=1536.341751
switchboard-sample-service iteration=826 checkout-v2=false
runtime-evidence iteration=826 monotonicNanos=3663051913836 state=READY version=2 reconnects=2 snapshots=1 staleIntervals=2 staleMillis=1536.341751
switchboard-sample-service iteration=827 checkout-v2=false
runtime-evidence iteration=827 monotonicNanos=3663155545295 state=READY version=2 reconnects=2 snapshots=1 staleIntervals=2 staleMillis=1536.341751
switchboard-sample-service iteration=828 checkout-v2=false
runtime-evidence iteration=828 monotonicNanos=3663256926461 state=READY version=2 reconnects=2 snapshots=1 staleIntervals=2 staleMillis=1536.341751
switchboard-sample-service iteration=829 checkout-v2=false
runtime-evidence iteration=829 monotonicNanos=3663358557420 state=READY version=2 reconnects=2 snapshots=1 staleIntervals=2 staleMillis=1536.341751
switchboard-sample-service iteration=830 checkout-v2=false
runtime-evidence iteration=830 monotonicNanos=3663460652378 state=READY version=2 reconnects=2 snapshots=1 staleIntervals=2 staleMillis=1536.341751
switchboard-sample-service iteration=831 checkout-v2=false
runtime-evidence iteration=831 monotonicNanos=3663561628795 state=READY version=2 reconnects=2 snapshots=1 staleIntervals=2 staleMillis=1536.341751
switchboard-sample-service iteration=832 checkout-v2=false
runtime-evidence iteration=832 monotonicNanos=3663662789628 state=READY version=2 reconnects=2 snapshots=1 staleIntervals=2 staleMillis=1536.341751
switchboard-sample-service iteration=833 checkout-v2=false
runtime-evidence iteration=833 monotonicNanos=3663765948837 state=READY version=2 reconnects=2 snapshots=1 staleIntervals=2 staleMillis=1536.341751
switchboard-sample-service iteration=834 checkout-v2=false
runtime-evidence iteration=834 monotonicNanos=3663867485545 state=READY version=2 reconnects=2 snapshots=1 staleIntervals=2 staleMillis=1536.341751
switchboard-sample-service iteration=835 checkout-v2=false
runtime-evidence iteration=835 monotonicNanos=3663968799212 state=READY version=2 reconnects=2 snapshots=1 staleIntervals=2 staleMillis=1536.341751
switchboard-sample-service iteration=836 checkout-v2=false
runtime-evidence iteration=836 monotonicNanos=3664069552753 state=READY version=2 reconnects=2 snapshots=1 staleIntervals=2 staleMillis=1536.341751
switchboard-sample-service iteration=837 checkout-v2=false
runtime-evidence iteration=837 monotonicNanos=3664171050253 state=READY version=2 reconnects=2 snapshots=1 staleIntervals=2 staleMillis=1536.341751
switchboard-sample-service iteration=838 checkout-v2=false
runtime-evidence iteration=838 monotonicNanos=3664273059920 state=READY version=2 reconnects=2 snapshots=1 staleIntervals=2 staleMillis=1536.341751
switchboard-sample-service iteration=839 checkout-v2=false
runtime-evidence iteration=839 monotonicNanos=3664375721670 state=READY version=2 reconnects=2 snapshots=1 staleIntervals=2 staleMillis=1536.341751
switchboard-sample-service iteration=840 checkout-v2=false
runtime-evidence iteration=840 monotonicNanos=3664476958670 state=READY version=2 reconnects=2 snapshots=1 staleIntervals=2 staleMillis=1536.341751
switchboard-sample-service iteration=841 checkout-v2=false
runtime-evidence iteration=841 monotonicNanos=3664579278170 state=READY version=2 reconnects=2 snapshots=1 staleIntervals=2 staleMillis=1536.341751
switchboard-sample-service iteration=842 checkout-v2=false
runtime-evidence iteration=842 monotonicNanos=3664680780129 state=READY version=2 reconnects=2 snapshots=1 staleIntervals=2 staleMillis=1536.341751
switchboard-sample-service iteration=843 checkout-v2=false
runtime-evidence iteration=843 monotonicNanos=3664783136045 state=READY version=2 reconnects=2 snapshots=1 staleIntervals=2 staleMillis=1536.341751
switchboard-sample-service iteration=844 checkout-v2=false
runtime-evidence iteration=844 monotonicNanos=3664885101462 state=READY version=2 reconnects=2 snapshots=1 staleIntervals=2 staleMillis=1536.341751
switchboard-sample-service iteration=845 checkout-v2=false
runtime-evidence iteration=845 monotonicNanos=3664986895754 state=READY version=2 reconnects=2 snapshots=1 staleIntervals=2 staleMillis=1536.341751
switchboard-sample-service iteration=846 checkout-v2=false
runtime-evidence iteration=846 monotonicNanos=3665087970712 state=READY version=2 reconnects=2 snapshots=1 staleIntervals=2 staleMillis=1536.341751
switchboard-sample-service iteration=847 checkout-v2=false
runtime-evidence iteration=847 monotonicNanos=3665188707046 state=READY version=2 reconnects=2 snapshots=1 staleIntervals=2 staleMillis=1536.341751
switchboard-sample-service iteration=848 checkout-v2=false
runtime-evidence iteration=848 monotonicNanos=3665289474087 state=READY version=2 reconnects=2 snapshots=1 staleIntervals=2 staleMillis=1536.341751
switchboard-sample-service iteration=849 checkout-v2=false
runtime-evidence iteration=849 monotonicNanos=3665392342004 state=READY version=2 reconnects=2 snapshots=1 staleIntervals=2 staleMillis=1536.341751
switchboard-sample-service iteration=850 checkout-v2=false
runtime-evidence iteration=850 monotonicNanos=3665493563837 state=READY version=2 reconnects=2 snapshots=1 staleIntervals=2 staleMillis=1536.341751
switchboard-sample-service iteration=851 checkout-v2=false
runtime-evidence iteration=851 monotonicNanos=3665597678379 state=READY version=2 reconnects=2 snapshots=1 staleIntervals=2 staleMillis=1536.341751
switchboard-sample-service iteration=852 checkout-v2=false
runtime-evidence iteration=852 monotonicNanos=3665698426463 state=READY version=2 reconnects=2 snapshots=1 staleIntervals=2 staleMillis=1536.341751
switchboard-sample-service iteration=853 checkout-v2=false
runtime-evidence iteration=853 monotonicNanos=3665799828796 state=READY version=2 reconnects=2 snapshots=1 staleIntervals=2 staleMillis=1536.341751
switchboard-sample-service iteration=854 checkout-v2=false
runtime-evidence iteration=854 monotonicNanos=3665902372504 state=READY version=2 reconnects=2 snapshots=1 staleIntervals=2 staleMillis=1536.341751
switchboard-sample-service iteration=855 checkout-v2=false
runtime-evidence iteration=855 monotonicNanos=3666003410963 state=READY version=2 reconnects=2 snapshots=1 staleIntervals=2 staleMillis=1536.341751
switchboard-sample-service iteration=856 checkout-v2=false
runtime-evidence iteration=856 monotonicNanos=3666104710421 state=READY version=2 reconnects=2 snapshots=1 staleIntervals=2 staleMillis=1536.341751
switchboard-sample-service iteration=857 checkout-v2=false
runtime-evidence iteration=857 monotonicNanos=3666205582213 state=READY version=2 reconnects=2 snapshots=1 staleIntervals=2 staleMillis=1536.341751
switchboard-sample-service iteration=858 checkout-v2=false
runtime-evidence iteration=858 monotonicNanos=3666307272088 state=READY version=2 reconnects=2 snapshots=1 staleIntervals=2 staleMillis=1536.341751
switchboard-sample-service iteration=859 checkout-v2=false
runtime-evidence iteration=859 monotonicNanos=3666408497338 state=READY version=2 reconnects=2 snapshots=1 staleIntervals=2 staleMillis=1536.341751
switchboard-sample-service iteration=860 checkout-v2=false
runtime-evidence iteration=860 monotonicNanos=3666510114171 state=READY version=2 reconnects=2 snapshots=1 staleIntervals=2 staleMillis=1536.341751
switchboard-sample-service iteration=861 checkout-v2=false
runtime-evidence iteration=861 monotonicNanos=3666612673671 state=READY version=2 reconnects=2 snapshots=1 staleIntervals=2 staleMillis=1536.341751
switchboard-sample-service iteration=862 checkout-v2=false
runtime-evidence iteration=862 monotonicNanos=3666715570005 state=READY version=2 reconnects=2 snapshots=1 staleIntervals=2 staleMillis=1536.341751
switchboard-sample-service iteration=863 checkout-v2=false
runtime-evidence iteration=863 monotonicNanos=3666816664921 state=READY version=2 reconnects=2 snapshots=1 staleIntervals=2 staleMillis=1536.341751
switchboard-sample-service iteration=864 checkout-v2=false
runtime-evidence iteration=864 monotonicNanos=3666917589588 state=READY version=2 reconnects=2 snapshots=1 staleIntervals=2 staleMillis=1536.341751
switchboard-sample-service iteration=865 checkout-v2=false
runtime-evidence iteration=865 monotonicNanos=3667018447880 state=READY version=2 reconnects=2 snapshots=1 staleIntervals=2 staleMillis=1536.341751
switchboard-sample-service iteration=866 checkout-v2=false
runtime-evidence iteration=866 monotonicNanos=3667121271255 state=READY version=2 reconnects=2 snapshots=1 staleIntervals=2 staleMillis=1536.341751
switchboard-sample-service iteration=867 checkout-v2=false
runtime-evidence iteration=867 monotonicNanos=3667223326922 state=READY version=2 reconnects=2 snapshots=1 staleIntervals=2 staleMillis=1536.341751
switchboard-sample-service iteration=868 checkout-v2=false
runtime-evidence iteration=868 monotonicNanos=3667325344130 state=READY version=2 reconnects=2 snapshots=1 staleIntervals=2 staleMillis=1536.341751
switchboard-sample-service iteration=869 checkout-v2=false
runtime-evidence iteration=869 monotonicNanos=3667427250005 state=READY version=2 reconnects=2 snapshots=1 staleIntervals=2 staleMillis=1536.341751
switchboard-sample-service iteration=870 checkout-v2=false
runtime-evidence iteration=870 monotonicNanos=3667528587297 state=READY version=2 reconnects=2 snapshots=1 staleIntervals=2 staleMillis=1536.341751
switchboard-sample-service iteration=871 checkout-v2=false
runtime-evidence iteration=871 monotonicNanos=3667629830005 state=READY version=2 reconnects=2 snapshots=1 staleIntervals=2 staleMillis=1536.341751
switchboard-sample-service iteration=872 checkout-v2=false
runtime-evidence iteration=872 monotonicNanos=3667731892422 state=READY version=2 reconnects=2 snapshots=1 staleIntervals=2 staleMillis=1536.341751
switchboard-sample-service iteration=873 checkout-v2=false
runtime-evidence iteration=873 monotonicNanos=3667834201964 state=READY version=2 reconnects=2 snapshots=1 staleIntervals=2 staleMillis=1536.341751
switchboard-sample-service iteration=874 checkout-v2=false
runtime-evidence iteration=874 monotonicNanos=3667935888714 state=READY version=2 reconnects=2 snapshots=1 staleIntervals=2 staleMillis=1536.341751
switchboard-sample-service iteration=875 checkout-v2=false
runtime-evidence iteration=875 monotonicNanos=3668037849630 state=READY version=2 reconnects=2 snapshots=1 staleIntervals=2 staleMillis=1536.341751
switchboard-sample-service iteration=876 checkout-v2=false
runtime-evidence iteration=876 monotonicNanos=3668139475672 state=READY version=2 reconnects=2 snapshots=1 staleIntervals=2 staleMillis=1536.341751
switchboard-sample-service iteration=877 checkout-v2=false
runtime-evidence iteration=877 monotonicNanos=3668241640422 state=READY version=2 reconnects=2 snapshots=1 staleIntervals=2 staleMillis=1536.341751
switchboard-sample-service iteration=878 checkout-v2=false
runtime-evidence iteration=878 monotonicNanos=3668342747714 state=READY version=2 reconnects=2 snapshots=1 staleIntervals=2 staleMillis=1536.341751
switchboard-sample-service iteration=879 checkout-v2=false
runtime-evidence iteration=879 monotonicNanos=3668446457339 state=READY version=2 reconnects=2 snapshots=1 staleIntervals=2 staleMillis=1536.341751
switchboard-sample-service iteration=880 checkout-v2=false
runtime-evidence iteration=880 monotonicNanos=3668547678881 state=READY version=2 reconnects=2 snapshots=1 staleIntervals=2 staleMillis=1536.341751
switchboard-sample-service iteration=881 checkout-v2=false
runtime-evidence iteration=881 monotonicNanos=3668648681422 state=READY version=2 reconnects=2 snapshots=1 staleIntervals=2 staleMillis=1536.341751
switchboard-sample-service iteration=882 checkout-v2=false
runtime-evidence iteration=882 monotonicNanos=3668749452172 state=READY version=2 reconnects=2 snapshots=1 staleIntervals=2 staleMillis=1536.341751
switchboard-sample-service iteration=883 checkout-v2=false
runtime-evidence iteration=883 monotonicNanos=3668850829381 state=READY version=2 reconnects=2 snapshots=1 staleIntervals=2 staleMillis=1536.341751
switchboard-sample-service iteration=884 checkout-v2=false
runtime-evidence iteration=884 monotonicNanos=3668957808547 state=READY version=2 reconnects=2 snapshots=1 staleIntervals=2 staleMillis=1536.341751
switchboard-sample-service iteration=885 checkout-v2=false
runtime-evidence iteration=885 monotonicNanos=3669058864047 state=READY version=2 reconnects=2 snapshots=1 staleIntervals=2 staleMillis=1536.341751
switchboard-sample-service iteration=886 checkout-v2=false
runtime-evidence iteration=886 monotonicNanos=3669160556506 state=READY version=2 reconnects=2 snapshots=1 staleIntervals=2 staleMillis=1536.341751
switchboard-sample-service iteration=887 checkout-v2=false
runtime-evidence iteration=887 monotonicNanos=3669262401173 state=READY version=2 reconnects=2 snapshots=1 staleIntervals=2 staleMillis=1536.341751
switchboard-sample-service iteration=888 checkout-v2=false
runtime-evidence iteration=888 monotonicNanos=3669363593714 state=READY version=2 reconnects=2 snapshots=1 staleIntervals=2 staleMillis=1536.341751
switchboard-sample-service iteration=889 checkout-v2=false
runtime-evidence iteration=889 monotonicNanos=3669464853964 state=READY version=2 reconnects=2 snapshots=1 staleIntervals=2 staleMillis=1536.341751
switchboard-sample-service iteration=890 checkout-v2=false
runtime-evidence iteration=890 monotonicNanos=3669566423048 state=READY version=2 reconnects=2 snapshots=1 staleIntervals=2 staleMillis=1536.341751
switchboard-sample-service iteration=891 checkout-v2=false
runtime-evidence iteration=891 monotonicNanos=3669668404214 state=READY version=2 reconnects=2 snapshots=1 staleIntervals=2 staleMillis=1536.341751
switchboard-sample-service iteration=892 checkout-v2=false
runtime-evidence iteration=892 monotonicNanos=3669769595048 state=READY version=2 reconnects=2 snapshots=1 staleIntervals=2 staleMillis=1536.341751
switchboard-sample-service iteration=893 checkout-v2=false
runtime-evidence iteration=893 monotonicNanos=3669870806340 state=READY version=2 reconnects=2 snapshots=1 staleIntervals=2 staleMillis=1536.341751
switchboard-sample-service iteration=894 checkout-v2=false
runtime-evidence iteration=894 monotonicNanos=3669971822048 state=READY version=2 reconnects=2 snapshots=1 staleIntervals=2 staleMillis=1536.341751
switchboard-sample-service iteration=895 checkout-v2=false
runtime-evidence iteration=895 monotonicNanos=3670072860256 state=READY version=2 reconnects=2 snapshots=1 staleIntervals=2 staleMillis=1536.341751
switchboard-sample-service iteration=896 checkout-v2=false
runtime-evidence iteration=896 monotonicNanos=3670177825340 state=READY version=2 reconnects=2 snapshots=1 staleIntervals=2 staleMillis=1536.341751
switchboard-sample-service iteration=897 checkout-v2=false
runtime-evidence iteration=897 monotonicNanos=3670282755173 state=READY version=2 reconnects=2 snapshots=1 staleIntervals=2 staleMillis=1536.341751
switchboard-sample-service iteration=898 checkout-v2=false
runtime-evidence iteration=898 monotonicNanos=3670385442965 state=READY version=2 reconnects=2 snapshots=1 staleIntervals=2 staleMillis=1536.341751
switchboard-sample-service iteration=899 checkout-v2=false
runtime-evidence iteration=899 monotonicNanos=3670487069131 state=READY version=2 reconnects=2 snapshots=1 staleIntervals=2 staleMillis=1536.341751
switchboard-sample-service iteration=900 checkout-v2=false
runtime-evidence iteration=900 monotonicNanos=3670589458632 state=READY version=2 reconnects=2 snapshots=1 staleIntervals=2 staleMillis=1536.341751
switchboard-sample-service iteration=901 checkout-v2=false
runtime-evidence iteration=901 monotonicNanos=3670692048298 state=READY version=2 reconnects=2 snapshots=1 staleIntervals=2 staleMillis=1536.341751
switchboard-sample-service iteration=902 checkout-v2=false
runtime-evidence iteration=902 monotonicNanos=3670793463715 state=READY version=2 reconnects=2 snapshots=1 staleIntervals=2 staleMillis=1536.341751
switchboard-sample-service iteration=903 checkout-v2=false
runtime-evidence iteration=903 monotonicNanos=3670894605298 state=READY version=2 reconnects=2 snapshots=1 staleIntervals=2 staleMillis=1536.341751
switchboard-sample-service iteration=904 checkout-v2=false
runtime-evidence iteration=904 monotonicNanos=3670996345673 state=READY version=2 reconnects=2 snapshots=1 staleIntervals=2 staleMillis=1536.341751
switchboard-sample-service iteration=905 checkout-v2=false
runtime-evidence iteration=905 monotonicNanos=3671097319548 state=READY version=2 reconnects=2 snapshots=1 staleIntervals=2 staleMillis=1536.341751
switchboard-sample-service iteration=906 checkout-v2=false
runtime-evidence iteration=906 monotonicNanos=3671198641173 state=READY version=2 reconnects=2 snapshots=1 staleIntervals=2 staleMillis=1536.341751
switchboard-sample-service iteration=907 checkout-v2=false
runtime-evidence iteration=907 monotonicNanos=3671299756924 state=READY version=2 reconnects=2 snapshots=1 staleIntervals=2 staleMillis=1536.341751
switchboard-sample-service iteration=908 checkout-v2=false
runtime-evidence iteration=908 monotonicNanos=3671402447007 state=READY version=2 reconnects=2 snapshots=1 staleIntervals=2 staleMillis=1536.341751
switchboard-sample-service iteration=909 checkout-v2=false
runtime-evidence iteration=909 monotonicNanos=3671503499965 state=READY version=2 reconnects=2 snapshots=1 staleIntervals=2 staleMillis=1536.341751
switchboard-sample-service iteration=910 checkout-v2=false
runtime-evidence iteration=910 monotonicNanos=3671605257674 state=READY version=2 reconnects=2 snapshots=1 staleIntervals=2 staleMillis=1536.341751
switchboard-sample-service iteration=911 checkout-v2=false
runtime-evidence iteration=911 monotonicNanos=3671707983090 state=READY version=2 reconnects=2 snapshots=1 staleIntervals=2 staleMillis=1536.341751
switchboard-sample-service iteration=912 checkout-v2=false
runtime-evidence iteration=912 monotonicNanos=3671811493507 state=READY version=2 reconnects=2 snapshots=1 staleIntervals=2 staleMillis=1536.341751
switchboard-sample-service iteration=913 checkout-v2=false
runtime-evidence iteration=913 monotonicNanos=3671914205882 state=READY version=2 reconnects=2 snapshots=1 staleIntervals=2 staleMillis=1536.341751
switchboard-sample-service iteration=914 checkout-v2=false
runtime-evidence iteration=914 monotonicNanos=3672015804007 state=READY version=2 reconnects=2 snapshots=1 staleIntervals=2 staleMillis=1536.341751
switchboard-sample-service iteration=915 checkout-v2=false
runtime-evidence iteration=915 monotonicNanos=3672118256716 state=READY version=2 reconnects=2 snapshots=1 staleIntervals=2 staleMillis=1536.341751
switchboard-sample-service iteration=916 checkout-v2=false
runtime-evidence iteration=916 monotonicNanos=3672224862716 state=READY version=2 reconnects=2 snapshots=1 staleIntervals=2 staleMillis=1536.341751
switchboard-sample-service iteration=917 checkout-v2=false
runtime-evidence iteration=917 monotonicNanos=3672329691216 state=READY version=2 reconnects=2 snapshots=1 staleIntervals=2 staleMillis=1536.341751
switchboard-sample-service iteration=918 checkout-v2=false
runtime-evidence iteration=918 monotonicNanos=3672430601882 state=READY version=2 reconnects=2 snapshots=1 staleIntervals=2 staleMillis=1536.341751
switchboard-sample-service iteration=919 checkout-v2=false
runtime-evidence iteration=919 monotonicNanos=3672531767299 state=READY version=2 reconnects=2 snapshots=1 staleIntervals=2 staleMillis=1536.341751
switchboard-sample-service iteration=920 checkout-v2=false
runtime-evidence iteration=920 monotonicNanos=3672633821382 state=READY version=2 reconnects=2 snapshots=1 staleIntervals=2 staleMillis=1536.341751
switchboard-sample-service iteration=921 checkout-v2=false
runtime-evidence iteration=921 monotonicNanos=3672742365383 state=READY version=2 reconnects=2 snapshots=1 staleIntervals=2 staleMillis=1536.341751
switchboard-sample-service iteration=922 checkout-v2=false
runtime-evidence iteration=922 monotonicNanos=3672844885216 state=READY version=2 reconnects=2 snapshots=1 staleIntervals=2 staleMillis=1536.341751
switchboard-sample-service iteration=923 checkout-v2=false
runtime-evidence iteration=923 monotonicNanos=3672946986299 state=READY version=2 reconnects=2 snapshots=1 staleIntervals=2 staleMillis=1536.341751
switchboard-sample-service iteration=924 checkout-v2=false
runtime-evidence iteration=924 monotonicNanos=3673049228758 state=READY version=2 reconnects=2 snapshots=1 staleIntervals=2 staleMillis=1536.341751
switchboard-sample-service iteration=925 checkout-v2=false
runtime-evidence iteration=925 monotonicNanos=3673153553383 state=READY version=2 reconnects=2 snapshots=1 staleIntervals=2 staleMillis=1536.341751
switchboard-sample-service iteration=926 checkout-v2=false
runtime-evidence iteration=926 monotonicNanos=3673255559966 state=READY version=2 reconnects=2 snapshots=1 staleIntervals=2 staleMillis=1536.341751
switchboard-sample-service iteration=927 checkout-v2=false
runtime-evidence iteration=927 monotonicNanos=3673356433758 state=READY version=2 reconnects=2 snapshots=1 staleIntervals=2 staleMillis=1536.341751
switchboard-sample-service iteration=928 checkout-v2=false
runtime-evidence iteration=928 monotonicNanos=3673458688258 state=READY version=2 reconnects=2 snapshots=1 staleIntervals=2 staleMillis=1536.341751
switchboard-sample-service iteration=929 checkout-v2=false
runtime-evidence iteration=929 monotonicNanos=3673559502716 state=READY version=2 reconnects=2 snapshots=1 staleIntervals=2 staleMillis=1536.341751
switchboard-sample-service iteration=930 checkout-v2=false
runtime-evidence iteration=930 monotonicNanos=3673660551383 state=READY version=2 reconnects=2 snapshots=1 staleIntervals=2 staleMillis=1536.341751
switchboard-sample-service iteration=931 checkout-v2=false
runtime-evidence iteration=931 monotonicNanos=3673761506050 state=READY version=2 reconnects=2 snapshots=1 staleIntervals=2 staleMillis=1536.341751
switchboard-sample-service iteration=932 checkout-v2=false
runtime-evidence iteration=932 monotonicNanos=3673862657258 state=READY version=2 reconnects=2 snapshots=1 staleIntervals=2 staleMillis=1536.341751
switchboard-sample-service iteration=933 checkout-v2=false
runtime-evidence iteration=933 monotonicNanos=3673963317925 state=READY version=2 reconnects=2 snapshots=1 staleIntervals=2 staleMillis=1536.341751
switchboard-sample-service iteration=934 checkout-v2=false
runtime-evidence iteration=934 monotonicNanos=3674064731175 state=READY version=2 reconnects=2 snapshots=1 staleIntervals=2 staleMillis=1536.341751
switchboard-sample-service iteration=935 checkout-v2=false
runtime-evidence iteration=935 monotonicNanos=3674165800508 state=READY version=2 reconnects=2 snapshots=1 staleIntervals=2 staleMillis=1536.341751
switchboard-sample-service iteration=936 checkout-v2=false
runtime-evidence iteration=936 monotonicNanos=3674267403758 state=READY version=2 reconnects=2 snapshots=1 staleIntervals=2 staleMillis=1536.341751
switchboard-sample-service iteration=937 checkout-v2=false
runtime-evidence iteration=937 monotonicNanos=3674368537217 state=READY version=2 reconnects=2 snapshots=1 staleIntervals=2 staleMillis=1536.341751
switchboard-sample-service iteration=938 checkout-v2=false
runtime-evidence iteration=938 monotonicNanos=3674469972300 state=READY version=2 reconnects=2 snapshots=1 staleIntervals=2 staleMillis=1536.341751
switchboard-sample-service iteration=939 checkout-v2=false
runtime-evidence iteration=939 monotonicNanos=3674571378425 state=READY version=2 reconnects=2 snapshots=1 staleIntervals=2 staleMillis=1536.341751
switchboard-sample-service iteration=940 checkout-v2=false
runtime-evidence iteration=940 monotonicNanos=3674672374008 state=READY version=2 reconnects=2 snapshots=1 staleIntervals=2 staleMillis=1536.341751
switchboard-sample-service iteration=941 checkout-v2=false
runtime-evidence iteration=941 monotonicNanos=3674773719425 state=READY version=2 reconnects=2 snapshots=1 staleIntervals=2 staleMillis=1536.341751
switchboard-sample-service iteration=942 checkout-v2=false
runtime-evidence iteration=942 monotonicNanos=3674875123467 state=READY version=2 reconnects=2 snapshots=1 staleIntervals=2 staleMillis=1536.341751
switchboard-sample-service iteration=943 checkout-v2=false
runtime-evidence iteration=943 monotonicNanos=3674976058842 state=READY version=2 reconnects=2 snapshots=1 staleIntervals=2 staleMillis=1536.341751
switchboard-sample-service iteration=944 checkout-v2=false
runtime-evidence iteration=944 monotonicNanos=3675077868092 state=READY version=2 reconnects=2 snapshots=1 staleIntervals=2 staleMillis=1536.341751
switchboard-sample-service iteration=945 checkout-v2=false
runtime-evidence iteration=945 monotonicNanos=3675180036092 state=READY version=2 reconnects=2 snapshots=1 staleIntervals=2 staleMillis=1536.341751
switchboard-sample-service iteration=946 checkout-v2=false
runtime-evidence iteration=946 monotonicNanos=3675281530342 state=READY version=2 reconnects=2 snapshots=1 staleIntervals=2 staleMillis=1536.341751
switchboard-sample-service iteration=947 checkout-v2=false
runtime-evidence iteration=947 monotonicNanos=3675382475259 state=READY version=2 reconnects=2 snapshots=1 staleIntervals=2 staleMillis=1536.341751
switchboard-sample-service iteration=948 checkout-v2=false
runtime-evidence iteration=948 monotonicNanos=3675483869051 state=READY version=2 reconnects=2 snapshots=1 staleIntervals=2 staleMillis=1536.341751
switchboard-sample-service iteration=949 checkout-v2=false
runtime-evidence iteration=949 monotonicNanos=3675585567551 state=READY version=2 reconnects=2 snapshots=1 staleIntervals=2 staleMillis=1536.341751
switchboard-sample-service iteration=950 checkout-v2=false
runtime-evidence iteration=950 monotonicNanos=3675687318301 state=READY version=2 reconnects=2 snapshots=1 staleIntervals=2 staleMillis=1536.341751
switchboard-sample-service iteration=951 checkout-v2=false
runtime-evidence iteration=951 monotonicNanos=3675790455509 state=READY version=2 reconnects=2 snapshots=1 staleIntervals=2 staleMillis=1536.341751
switchboard-sample-service iteration=952 checkout-v2=false
runtime-evidence iteration=952 monotonicNanos=3675891933217 state=READY version=2 reconnects=2 snapshots=1 staleIntervals=2 staleMillis=1536.341751
switchboard-sample-service iteration=953 checkout-v2=false
runtime-evidence iteration=953 monotonicNanos=3675994187342 state=READY version=2 reconnects=2 snapshots=1 staleIntervals=2 staleMillis=1536.341751
switchboard-sample-service iteration=954 checkout-v2=false
runtime-evidence iteration=954 monotonicNanos=3676095500384 state=READY version=2 reconnects=2 snapshots=1 staleIntervals=2 staleMillis=1536.341751
switchboard-sample-service iteration=955 checkout-v2=false
runtime-evidence iteration=955 monotonicNanos=3676196508468 state=READY version=2 reconnects=2 snapshots=1 staleIntervals=2 staleMillis=1536.341751
switchboard-sample-service iteration=956 checkout-v2=false
runtime-evidence iteration=956 monotonicNanos=3676297369968 state=READY version=2 reconnects=2 snapshots=1 staleIntervals=2 staleMillis=1536.341751
switchboard-sample-service iteration=957 checkout-v2=false
runtime-evidence iteration=957 monotonicNanos=3676398957426 state=READY version=2 reconnects=2 snapshots=1 staleIntervals=2 staleMillis=1536.341751
switchboard-sample-service iteration=958 checkout-v2=false
runtime-evidence iteration=958 monotonicNanos=3676502551676 state=READY version=2 reconnects=2 snapshots=1 staleIntervals=2 staleMillis=1536.341751
switchboard-sample-service iteration=959 checkout-v2=false
runtime-evidence iteration=959 monotonicNanos=3676603038093 state=READY version=2 reconnects=2 snapshots=1 staleIntervals=2 staleMillis=1536.341751
switchboard-sample-service iteration=960 checkout-v2=false
runtime-evidence iteration=960 monotonicNanos=3676705323718 state=READY version=2 reconnects=2 snapshots=1 staleIntervals=2 staleMillis=1536.341751
switchboard-sample-service iteration=961 checkout-v2=false
runtime-evidence iteration=961 monotonicNanos=3676806593384 state=READY version=2 reconnects=2 snapshots=1 staleIntervals=2 staleMillis=1536.341751
switchboard-sample-service iteration=962 checkout-v2=false
runtime-evidence iteration=962 monotonicNanos=3676909070426 state=READY version=2 reconnects=2 snapshots=1 staleIntervals=2 staleMillis=1536.341751
switchboard-sample-service iteration=963 checkout-v2=false
runtime-evidence iteration=963 monotonicNanos=3677010850176 state=READY version=2 reconnects=2 snapshots=1 staleIntervals=2 staleMillis=1536.341751
switchboard-sample-service iteration=964 checkout-v2=false
runtime-evidence iteration=964 monotonicNanos=3677111845218 state=READY version=2 reconnects=2 snapshots=1 staleIntervals=2 staleMillis=1536.341751
switchboard-sample-service iteration=965 checkout-v2=false
runtime-evidence iteration=965 monotonicNanos=3677213668093 state=READY version=2 reconnects=2 snapshots=1 staleIntervals=2 staleMillis=1536.341751
switchboard-sample-service iteration=966 checkout-v2=false
runtime-evidence iteration=966 monotonicNanos=3677318541218 state=READY version=2 reconnects=2 snapshots=1 staleIntervals=2 staleMillis=1536.341751
switchboard-sample-service iteration=967 checkout-v2=false
runtime-evidence iteration=967 monotonicNanos=3677422128385 state=READY version=2 reconnects=2 snapshots=1 staleIntervals=2 staleMillis=1536.341751
switchboard-sample-service iteration=968 checkout-v2=false
runtime-evidence iteration=968 monotonicNanos=3677555456052 state=READY version=2 reconnects=2 snapshots=1 staleIntervals=2 staleMillis=1536.341751
switchboard-sample-service iteration=969 checkout-v2=false
runtime-evidence iteration=969 monotonicNanos=3677658838635 state=READY version=2 reconnects=2 snapshots=1 staleIntervals=2 staleMillis=1536.341751
switchboard-sample-service iteration=970 checkout-v2=false
runtime-evidence iteration=970 monotonicNanos=3677760451802 state=READY version=2 reconnects=2 snapshots=1 staleIntervals=2 staleMillis=1536.341751
switchboard-sample-service iteration=971 checkout-v2=false
runtime-evidence iteration=971 monotonicNanos=3677861430968 state=READY version=2 reconnects=2 snapshots=1 staleIntervals=2 staleMillis=1536.341751
switchboard-sample-service iteration=972 checkout-v2=false
runtime-evidence iteration=972 monotonicNanos=3677964107927 state=READY version=2 reconnects=2 snapshots=1 staleIntervals=2 staleMillis=1536.341751
switchboard-sample-service iteration=973 checkout-v2=false
runtime-evidence iteration=973 monotonicNanos=3678066375760 state=READY version=2 reconnects=2 snapshots=1 staleIntervals=2 staleMillis=1536.341751
switchboard-sample-service iteration=974 checkout-v2=false
runtime-evidence iteration=974 monotonicNanos=3678168319385 state=READY version=2 reconnects=2 snapshots=1 staleIntervals=2 staleMillis=1536.341751
switchboard-sample-service iteration=975 checkout-v2=false
runtime-evidence iteration=975 monotonicNanos=3678270247177 state=READY version=2 reconnects=2 snapshots=1 staleIntervals=2 staleMillis=1536.341751
switchboard-sample-service iteration=976 checkout-v2=false
runtime-evidence iteration=976 monotonicNanos=3678371566385 state=READY version=2 reconnects=2 snapshots=1 staleIntervals=2 staleMillis=1536.341751
switchboard-sample-service iteration=977 checkout-v2=false
runtime-evidence iteration=977 monotonicNanos=3678474586927 state=READY version=2 reconnects=2 snapshots=1 staleIntervals=2 staleMillis=1536.341751
switchboard-sample-service iteration=978 checkout-v2=false
runtime-evidence iteration=978 monotonicNanos=3678576085927 state=READY version=2 reconnects=2 snapshots=1 staleIntervals=2 staleMillis=1536.341751
switchboard-sample-service iteration=979 checkout-v2=false
runtime-evidence iteration=979 monotonicNanos=3678678205719 state=READY version=2 reconnects=2 snapshots=1 staleIntervals=2 staleMillis=1536.341751
switchboard-sample-service iteration=980 checkout-v2=false
runtime-evidence iteration=980 monotonicNanos=3678781726385 state=READY version=2 reconnects=2 snapshots=1 staleIntervals=2 staleMillis=1536.341751
switchboard-sample-service iteration=981 checkout-v2=false
runtime-evidence iteration=981 monotonicNanos=3678882579510 state=READY version=2 reconnects=2 snapshots=1 staleIntervals=2 staleMillis=1536.341751
switchboard-sample-service iteration=982 checkout-v2=false
runtime-evidence iteration=982 monotonicNanos=3678984323636 state=READY version=2 reconnects=2 snapshots=1 staleIntervals=2 staleMillis=1536.341751
switchboard-sample-service iteration=983 checkout-v2=false
runtime-evidence iteration=983 monotonicNanos=3679086473177 state=READY version=2 reconnects=2 snapshots=1 staleIntervals=2 staleMillis=1536.341751
switchboard-sample-service iteration=984 checkout-v2=false
runtime-evidence iteration=984 monotonicNanos=3679187465844 state=READY version=2 reconnects=2 snapshots=1 staleIntervals=2 staleMillis=1536.341751
switchboard-sample-service iteration=985 checkout-v2=false
runtime-evidence iteration=985 monotonicNanos=3679288492094 state=READY version=2 reconnects=2 snapshots=1 staleIntervals=2 staleMillis=1536.341751
switchboard-sample-service iteration=986 checkout-v2=false
runtime-evidence iteration=986 monotonicNanos=3679390073136 state=READY version=2 reconnects=2 snapshots=1 staleIntervals=2 staleMillis=1536.341751
switchboard-sample-service iteration=987 checkout-v2=false
runtime-evidence iteration=987 monotonicNanos=3679491997469 state=READY version=2 reconnects=2 snapshots=1 staleIntervals=2 staleMillis=1536.341751
switchboard-sample-service iteration=988 checkout-v2=false
runtime-evidence iteration=988 monotonicNanos=3679593901969 state=READY version=2 reconnects=2 snapshots=1 staleIntervals=2 staleMillis=1536.341751
switchboard-sample-service iteration=989 checkout-v2=false
runtime-evidence iteration=989 monotonicNanos=3679695560886 state=READY version=2 reconnects=2 snapshots=1 staleIntervals=2 staleMillis=1536.341751
switchboard-sample-service iteration=990 checkout-v2=false
runtime-evidence iteration=990 monotonicNanos=3679796633469 state=READY version=2 reconnects=2 snapshots=1 staleIntervals=2 staleMillis=1536.341751
switchboard-sample-service iteration=991 checkout-v2=false
runtime-evidence iteration=991 monotonicNanos=3679897715011 state=READY version=2 reconnects=2 snapshots=1 staleIntervals=2 staleMillis=1536.341751
switchboard-sample-service iteration=992 checkout-v2=false
runtime-evidence iteration=992 monotonicNanos=3679998758053 state=READY version=2 reconnects=2 snapshots=1 staleIntervals=2 staleMillis=1536.341751
switchboard-sample-service iteration=993 checkout-v2=false
runtime-evidence iteration=993 monotonicNanos=3680099475344 state=READY version=2 reconnects=2 snapshots=1 staleIntervals=2 staleMillis=1536.341751
switchboard-sample-service iteration=994 checkout-v2=false
runtime-evidence iteration=994 monotonicNanos=3680200462386 state=READY version=2 reconnects=2 snapshots=1 staleIntervals=2 staleMillis=1536.341751
switchboard-sample-service iteration=995 checkout-v2=false
runtime-evidence iteration=995 monotonicNanos=3680302888678 state=READY version=2 reconnects=2 snapshots=1 staleIntervals=2 staleMillis=1536.341751
switchboard-sample-service iteration=996 checkout-v2=false
runtime-evidence iteration=996 monotonicNanos=3680405093470 state=READY version=2 reconnects=2 snapshots=1 staleIntervals=2 staleMillis=1536.341751
switchboard-sample-service iteration=997 checkout-v2=false
runtime-evidence iteration=997 monotonicNanos=3680506956511 state=READY version=2 reconnects=2 snapshots=1 staleIntervals=2 staleMillis=1536.341751
switchboard-sample-service iteration=998 checkout-v2=false
runtime-evidence iteration=998 monotonicNanos=3680608477303 state=READY version=2 reconnects=2 snapshots=1 staleIntervals=2 staleMillis=1536.341751
switchboard-sample-service iteration=999 checkout-v2=false
runtime-evidence iteration=999 monotonicNanos=3680712177970 state=READY version=2 reconnects=2 snapshots=1 staleIntervals=2 staleMillis=1536.341751
switchboard-sample-service iteration=1000 checkout-v2=false
runtime-evidence iteration=1000 monotonicNanos=3680814688886 state=READY version=2 reconnects=2 snapshots=1 staleIntervals=2 staleMillis=1536.341751
switchboard-sample-service iteration=1001 checkout-v2=false
runtime-evidence iteration=1001 monotonicNanos=3680915579220 state=READY version=2 reconnects=2 snapshots=1 staleIntervals=2 staleMillis=1536.341751
switchboard-sample-service iteration=1002 checkout-v2=false
runtime-evidence iteration=1002 monotonicNanos=3681016672511 state=READY version=2 reconnects=2 snapshots=1 staleIntervals=2 staleMillis=1536.341751
switchboard-sample-service iteration=1003 checkout-v2=false
runtime-evidence iteration=1003 monotonicNanos=3681117515095 state=READY version=2 reconnects=2 snapshots=1 staleIntervals=2 staleMillis=1536.341751
switchboard-sample-service iteration=1004 checkout-v2=false
runtime-evidence iteration=1004 monotonicNanos=3681219700053 state=READY version=2 reconnects=2 snapshots=1 staleIntervals=2 staleMillis=1536.341751
switchboard-sample-service iteration=1005 checkout-v2=false
runtime-evidence iteration=1005 monotonicNanos=3681320559637 state=READY version=2 reconnects=2 snapshots=1 staleIntervals=2 staleMillis=1536.341751
switchboard-sample-service iteration=1006 checkout-v2=false
runtime-evidence iteration=1006 monotonicNanos=3681421486803 state=READY version=2 reconnects=2 snapshots=1 staleIntervals=2 staleMillis=1536.341751
switchboard-sample-service iteration=1007 checkout-v2=false
runtime-evidence iteration=1007 monotonicNanos=3681523670178 state=READY version=2 reconnects=2 snapshots=1 staleIntervals=2 staleMillis=1536.341751
switchboard-sample-service iteration=1008 checkout-v2=false
runtime-evidence iteration=1008 monotonicNanos=3681626427387 state=READY version=2 reconnects=2 snapshots=1 staleIntervals=2 staleMillis=1536.341751
switchboard-sample-service iteration=1009 checkout-v2=false
runtime-evidence iteration=1009 monotonicNanos=3681729429762 state=READY version=2 reconnects=2 snapshots=1 staleIntervals=2 staleMillis=1536.341751
switchboard-sample-service iteration=1010 checkout-v2=false
runtime-evidence iteration=1010 monotonicNanos=3681834539595 state=READY version=2 reconnects=2 snapshots=1 staleIntervals=2 staleMillis=1536.341751
switchboard-sample-service iteration=1011 checkout-v2=false
runtime-evidence iteration=1011 monotonicNanos=3681936290595 state=READY version=2 reconnects=2 snapshots=1 staleIntervals=2 staleMillis=1536.341751
switchboard-sample-service iteration=1012 checkout-v2=false
runtime-evidence iteration=1012 monotonicNanos=3682037535012 state=READY version=2 reconnects=2 snapshots=1 staleIntervals=2 staleMillis=1536.341751
switchboard-sample-service iteration=1013 checkout-v2=false
runtime-evidence iteration=1013 monotonicNanos=3682138701387 state=READY version=2 reconnects=2 snapshots=1 staleIntervals=2 staleMillis=1536.341751
switchboard-sample-service iteration=1014 checkout-v2=false
runtime-evidence iteration=1014 monotonicNanos=3682240858845 state=READY version=2 reconnects=2 snapshots=1 staleIntervals=2 staleMillis=1536.341751
switchboard-sample-service iteration=1015 checkout-v2=false
runtime-evidence iteration=1015 monotonicNanos=3682343990804 state=READY version=2 reconnects=2 snapshots=1 staleIntervals=2 staleMillis=1536.341751
switchboard-sample-service iteration=1016 checkout-v2=false
runtime-evidence iteration=1016 monotonicNanos=3682447362179 state=READY version=2 reconnects=2 snapshots=1 staleIntervals=2 staleMillis=1536.341751
switchboard-sample-service iteration=1017 checkout-v2=false
runtime-evidence iteration=1017 monotonicNanos=3682548651596 state=READY version=2 reconnects=2 snapshots=1 staleIntervals=2 staleMillis=1536.341751
switchboard-sample-service iteration=1018 checkout-v2=false
runtime-evidence iteration=1018 monotonicNanos=3682651094346 state=READY version=2 reconnects=2 snapshots=1 staleIntervals=2 staleMillis=1536.341751
switchboard-sample-service iteration=1019 checkout-v2=false
runtime-evidence iteration=1019 monotonicNanos=3682752876804 state=READY version=2 reconnects=2 snapshots=1 staleIntervals=2 staleMillis=1536.341751
switchboard-sample-service iteration=1020 checkout-v2=false
runtime-evidence iteration=1020 monotonicNanos=3682855689137 state=READY version=2 reconnects=2 snapshots=1 staleIntervals=2 staleMillis=1536.341751
switchboard-sample-service iteration=1021 checkout-v2=false
runtime-evidence iteration=1021 monotonicNanos=3682956420054 state=READY version=2 reconnects=2 snapshots=1 staleIntervals=2 staleMillis=1536.341751
switchboard-sample-service iteration=1022 checkout-v2=false
runtime-evidence iteration=1022 monotonicNanos=3683060868554 state=READY version=2 reconnects=2 snapshots=1 staleIntervals=2 staleMillis=1536.341751
switchboard-sample-service iteration=1023 checkout-v2=false
runtime-evidence iteration=1023 monotonicNanos=3683162456971 state=READY version=2 reconnects=2 snapshots=1 staleIntervals=2 staleMillis=1536.341751
switchboard-sample-service iteration=1024 checkout-v2=false
runtime-evidence iteration=1024 monotonicNanos=3683264293971 state=READY version=2 reconnects=2 snapshots=1 staleIntervals=2 staleMillis=1536.341751
switchboard-sample-service iteration=1025 checkout-v2=false
runtime-evidence iteration=1025 monotonicNanos=3683365972554 state=READY version=2 reconnects=2 snapshots=1 staleIntervals=2 staleMillis=1536.341751
switchboard-sample-service iteration=1026 checkout-v2=false
runtime-evidence iteration=1026 monotonicNanos=3683468714804 state=READY version=2 reconnects=2 snapshots=1 staleIntervals=2 staleMillis=1536.341751
switchboard-sample-service iteration=1027 checkout-v2=false
runtime-evidence iteration=1027 monotonicNanos=3683571381638 state=READY version=2 reconnects=2 snapshots=1 staleIntervals=2 staleMillis=1536.341751
switchboard-sample-service iteration=1028 checkout-v2=false
runtime-evidence iteration=1028 monotonicNanos=3683672515846 state=READY version=2 reconnects=2 snapshots=1 staleIntervals=2 staleMillis=1536.341751
switchboard-sample-service iteration=1029 checkout-v2=false
runtime-evidence iteration=1029 monotonicNanos=3683773755763 state=READY version=2 reconnects=2 snapshots=1 staleIntervals=2 staleMillis=1536.341751
switchboard-sample-service iteration=1030 checkout-v2=false
runtime-evidence iteration=1030 monotonicNanos=3683875119596 state=READY version=2 reconnects=2 snapshots=1 staleIntervals=2 staleMillis=1536.341751
switchboard-sample-service iteration=1031 checkout-v2=false
runtime-evidence iteration=1031 monotonicNanos=3683975979763 state=READY version=2 reconnects=2 snapshots=1 staleIntervals=2 staleMillis=1536.341751
switchboard-sample-service iteration=1032 checkout-v2=false
runtime-evidence iteration=1032 monotonicNanos=3684078599555 state=READY version=2 reconnects=2 snapshots=1 staleIntervals=2 staleMillis=1536.341751
switchboard-sample-service iteration=1033 checkout-v2=false
runtime-evidence iteration=1033 monotonicNanos=3684179610555 state=READY version=2 reconnects=2 snapshots=1 staleIntervals=2 staleMillis=1536.341751
switchboard-sample-service iteration=1034 checkout-v2=false
runtime-evidence iteration=1034 monotonicNanos=3684280785971 state=READY version=2 reconnects=2 snapshots=1 staleIntervals=2 staleMillis=1536.341751
switchboard-sample-service iteration=1035 checkout-v2=false
runtime-evidence iteration=1035 monotonicNanos=3684382043971 state=READY version=2 reconnects=2 snapshots=1 staleIntervals=2 staleMillis=1536.341751
switchboard-sample-service iteration=1036 checkout-v2=false
runtime-evidence iteration=1036 monotonicNanos=3684484182138 state=READY version=2 reconnects=2 snapshots=1 staleIntervals=2 staleMillis=1536.341751
switchboard-sample-service iteration=1037 checkout-v2=false
runtime-evidence iteration=1037 monotonicNanos=3684587251472 state=READY version=2 reconnects=2 snapshots=1 staleIntervals=2 staleMillis=1536.341751
switchboard-sample-service iteration=1038 checkout-v2=false
runtime-evidence iteration=1038 monotonicNanos=3684692690763 state=READY version=2 reconnects=2 snapshots=1 staleIntervals=2 staleMillis=1536.341751
switchboard-sample-service iteration=1039 checkout-v2=false
runtime-evidence iteration=1039 monotonicNanos=3684793660472 state=READY version=2 reconnects=2 snapshots=1 staleIntervals=2 staleMillis=1536.341751
switchboard-sample-service iteration=1040 checkout-v2=false
runtime-evidence iteration=1040 monotonicNanos=3684895803138 state=READY version=2 reconnects=2 snapshots=1 staleIntervals=2 staleMillis=1536.341751
switchboard-sample-service iteration=1041 checkout-v2=false
runtime-evidence iteration=1041 monotonicNanos=3684996617888 state=READY version=2 reconnects=2 snapshots=1 staleIntervals=2 staleMillis=1536.341751
switchboard-sample-service iteration=1042 checkout-v2=false
runtime-evidence iteration=1042 monotonicNanos=3685097569763 state=READY version=2 reconnects=2 snapshots=1 staleIntervals=2 staleMillis=1536.341751
switchboard-sample-service iteration=1043 checkout-v2=false
runtime-evidence iteration=1043 monotonicNanos=3685198595847 state=READY version=2 reconnects=2 snapshots=1 staleIntervals=2 staleMillis=1536.341751
switchboard-sample-service iteration=1044 checkout-v2=false
runtime-evidence iteration=1044 monotonicNanos=3685299585139 state=READY version=2 reconnects=2 snapshots=1 staleIntervals=2 staleMillis=1536.341751
switchboard-sample-service iteration=1045 checkout-v2=false
runtime-evidence iteration=1045 monotonicNanos=3685400831347 state=READY version=2 reconnects=2 snapshots=1 staleIntervals=2 staleMillis=1536.341751
switchboard-sample-service iteration=1046 checkout-v2=false
runtime-evidence iteration=1046 monotonicNanos=3685501538430 state=READY version=2 reconnects=2 snapshots=1 staleIntervals=2 staleMillis=1536.341751
switchboard-sample-service iteration=1047 checkout-v2=false
runtime-evidence iteration=1047 monotonicNanos=3685602749555 state=READY version=2 reconnects=2 snapshots=1 staleIntervals=2 staleMillis=1536.341751
switchboard-sample-service iteration=1048 checkout-v2=false
runtime-evidence iteration=1048 monotonicNanos=3685704757639 state=READY version=2 reconnects=2 snapshots=1 staleIntervals=2 staleMillis=1536.341751
switchboard-sample-service iteration=1049 checkout-v2=false
runtime-evidence iteration=1049 monotonicNanos=3685805653847 state=READY version=2 reconnects=2 snapshots=1 staleIntervals=2 staleMillis=1536.341751
switchboard-sample-service iteration=1050 checkout-v2=false
runtime-evidence iteration=1050 monotonicNanos=3685906514055 state=READY version=2 reconnects=2 snapshots=1 staleIntervals=2 staleMillis=1536.341751
switchboard-sample-service iteration=1051 checkout-v2=false
runtime-evidence iteration=1051 monotonicNanos=3686009137514 state=READY version=2 reconnects=2 snapshots=1 staleIntervals=2 staleMillis=1536.341751
switchboard-sample-service iteration=1052 checkout-v2=false
runtime-evidence iteration=1052 monotonicNanos=3686110423472 state=READY version=2 reconnects=2 snapshots=1 staleIntervals=2 staleMillis=1536.341751
switchboard-sample-service iteration=1053 checkout-v2=false
runtime-evidence iteration=1053 monotonicNanos=3686211653389 state=READY version=2 reconnects=2 snapshots=1 staleIntervals=2 staleMillis=1536.341751
switchboard-sample-service iteration=1054 checkout-v2=false
runtime-evidence iteration=1054 monotonicNanos=3686312687806 state=READY version=2 reconnects=2 snapshots=1 staleIntervals=2 staleMillis=1536.341751
switchboard-sample-service iteration=1055 checkout-v2=false
runtime-evidence iteration=1055 monotonicNanos=3686413500056 state=READY version=2 reconnects=2 snapshots=1 staleIntervals=2 staleMillis=1536.341751
switchboard-sample-service iteration=1056 checkout-v2=false
runtime-evidence iteration=1056 monotonicNanos=3686514693764 state=READY version=2 reconnects=2 snapshots=1 staleIntervals=2 staleMillis=1536.341751
switchboard-sample-service iteration=1057 checkout-v2=false
runtime-evidence iteration=1057 monotonicNanos=3686615568347 state=READY version=2 reconnects=2 snapshots=1 staleIntervals=2 staleMillis=1536.341751
switchboard-sample-service iteration=1058 checkout-v2=false
runtime-evidence iteration=1058 monotonicNanos=3686717854139 state=READY version=2 reconnects=2 snapshots=1 staleIntervals=2 staleMillis=1536.341751
switchboard-sample-service iteration=1059 checkout-v2=false
runtime-evidence iteration=1059 monotonicNanos=3686820092139 state=READY version=2 reconnects=2 snapshots=1 staleIntervals=2 staleMillis=1536.341751
switchboard-sample-service iteration=1060 checkout-v2=false
runtime-evidence iteration=1060 monotonicNanos=3686922249514 state=READY version=2 reconnects=2 snapshots=1 staleIntervals=2 staleMillis=1536.341751
switchboard-sample-service iteration=1061 checkout-v2=false
runtime-evidence iteration=1061 monotonicNanos=3687024259264 state=READY version=2 reconnects=2 snapshots=1 staleIntervals=2 staleMillis=1536.341751
switchboard-sample-service iteration=1062 checkout-v2=false
runtime-evidence iteration=1062 monotonicNanos=3687125736139 state=READY version=2 reconnects=2 snapshots=1 staleIntervals=2 staleMillis=1536.341751
switchboard-sample-service iteration=1063 checkout-v2=false
runtime-evidence iteration=1063 monotonicNanos=3687226571098 state=READY version=2 reconnects=2 snapshots=1 staleIntervals=2 staleMillis=1536.341751
switchboard-sample-service iteration=1064 checkout-v2=false
runtime-evidence iteration=1064 monotonicNanos=3687331701181 state=READY version=2 reconnects=2 snapshots=1 staleIntervals=2 staleMillis=1536.341751
switchboard-sample-service iteration=1065 checkout-v2=false
runtime-evidence iteration=1065 monotonicNanos=3687434054348 state=READY version=2 reconnects=2 snapshots=1 staleIntervals=2 staleMillis=1536.341751
switchboard-sample-service iteration=1066 checkout-v2=false
runtime-evidence iteration=1066 monotonicNanos=3687535795973 state=READY version=2 reconnects=2 snapshots=1 staleIntervals=2 staleMillis=1536.341751
switchboard-sample-service iteration=1067 checkout-v2=false
runtime-evidence iteration=1067 monotonicNanos=3687636454598 state=READY version=2 reconnects=2 snapshots=1 staleIntervals=2 staleMillis=1536.341751
switchboard-sample-service iteration=1068 checkout-v2=false
runtime-evidence iteration=1068 monotonicNanos=3687738102140 state=READY version=2 reconnects=2 snapshots=1 staleIntervals=2 staleMillis=1536.341751
switchboard-sample-service iteration=1069 checkout-v2=false
runtime-evidence iteration=1069 monotonicNanos=3687840097848 state=READY version=2 reconnects=2 snapshots=1 staleIntervals=2 staleMillis=1536.341751
switchboard-sample-service iteration=1070 checkout-v2=false
runtime-evidence iteration=1070 monotonicNanos=3687942251515 state=READY version=2 reconnects=2 snapshots=1 staleIntervals=2 staleMillis=1536.341751
switchboard-sample-service iteration=1071 checkout-v2=false
runtime-evidence iteration=1071 monotonicNanos=3688043709973 state=READY version=2 reconnects=2 snapshots=1 staleIntervals=2 staleMillis=1536.341751
switchboard-sample-service iteration=1072 checkout-v2=false
runtime-evidence iteration=1072 monotonicNanos=3688144834682 state=READY version=2 reconnects=2 snapshots=1 staleIntervals=2 staleMillis=1536.341751
switchboard-sample-service iteration=1073 checkout-v2=false
runtime-evidence iteration=1073 monotonicNanos=3688246280515 state=READY version=2 reconnects=2 snapshots=1 staleIntervals=2 staleMillis=1536.341751
switchboard-sample-service iteration=1074 checkout-v2=false
runtime-evidence iteration=1074 monotonicNanos=3688347722640 state=READY version=2 reconnects=2 snapshots=1 staleIntervals=2 staleMillis=1536.341751
switchboard-sample-service iteration=1075 checkout-v2=false
runtime-evidence iteration=1075 monotonicNanos=3688450500223 state=READY version=2 reconnects=2 snapshots=1 staleIntervals=2 staleMillis=1536.341751
switchboard-sample-service iteration=1076 checkout-v2=false
runtime-evidence iteration=1076 monotonicNanos=3688551468182 state=READY version=2 reconnects=2 snapshots=1 staleIntervals=2 staleMillis=1536.341751
switchboard-sample-service iteration=1077 checkout-v2=false
runtime-evidence iteration=1077 monotonicNanos=3688652720348 state=READY version=2 reconnects=2 snapshots=1 staleIntervals=2 staleMillis=1536.341751
switchboard-sample-service iteration=1078 checkout-v2=false
runtime-evidence iteration=1078 monotonicNanos=3688754017182 state=READY version=2 reconnects=2 snapshots=1 staleIntervals=2 staleMillis=1536.341751
switchboard-sample-service iteration=1079 checkout-v2=false
runtime-evidence iteration=1079 monotonicNanos=3688856363224 state=READY version=2 reconnects=2 snapshots=1 staleIntervals=2 staleMillis=1536.341751
switchboard-sample-service iteration=1080 checkout-v2=false
runtime-evidence iteration=1080 monotonicNanos=3688957950724 state=READY version=2 reconnects=2 snapshots=1 staleIntervals=2 staleMillis=1536.341751
switchboard-sample-service iteration=1081 checkout-v2=false
runtime-evidence iteration=1081 monotonicNanos=3689059709307 state=READY version=2 reconnects=2 snapshots=1 staleIntervals=2 staleMillis=1536.341751
switchboard-sample-service iteration=1082 checkout-v2=false
runtime-evidence iteration=1082 monotonicNanos=3689163193349 state=READY version=2 reconnects=2 snapshots=1 staleIntervals=2 staleMillis=1536.341751
switchboard-sample-service iteration=1083 checkout-v2=false
runtime-evidence iteration=1083 monotonicNanos=3689265570849 state=READY version=2 reconnects=2 snapshots=1 staleIntervals=2 staleMillis=1536.341751
switchboard-sample-service iteration=1084 checkout-v2=false
runtime-evidence iteration=1084 monotonicNanos=3689366370640 state=READY version=2 reconnects=2 snapshots=1 staleIntervals=2 staleMillis=1536.341751
switchboard-sample-service iteration=1085 checkout-v2=false
runtime-evidence iteration=1085 monotonicNanos=3689467352766 state=READY version=2 reconnects=2 snapshots=1 staleIntervals=2 staleMillis=1536.341751
switchboard-sample-service iteration=1086 checkout-v2=false
runtime-evidence iteration=1086 monotonicNanos=3689568414974 state=READY version=2 reconnects=2 snapshots=1 staleIntervals=2 staleMillis=1536.341751
switchboard-sample-service iteration=1087 checkout-v2=false
runtime-evidence iteration=1087 monotonicNanos=3689670114141 state=READY version=2 reconnects=2 snapshots=1 staleIntervals=2 staleMillis=1536.341751
switchboard-sample-service iteration=1088 checkout-v2=false
runtime-evidence iteration=1088 monotonicNanos=3689771786516 state=READY version=2 reconnects=2 snapshots=1 staleIntervals=2 staleMillis=1536.341751
switchboard-sample-service iteration=1089 checkout-v2=false
runtime-evidence iteration=1089 monotonicNanos=3689872723974 state=READY version=2 reconnects=2 snapshots=1 staleIntervals=2 staleMillis=1536.341751
switchboard-sample-service iteration=1090 checkout-v2=false
runtime-evidence iteration=1090 monotonicNanos=3689974446266 state=READY version=2 reconnects=2 snapshots=1 staleIntervals=2 staleMillis=1536.341751
switchboard-sample-service iteration=1091 checkout-v2=false
runtime-evidence iteration=1091 monotonicNanos=3690075332516 state=READY version=2 reconnects=2 snapshots=1 staleIntervals=2 staleMillis=1536.341751
switchboard-sample-service iteration=1092 checkout-v2=false
runtime-evidence iteration=1092 monotonicNanos=3690176296474 state=READY version=2 reconnects=2 snapshots=1 staleIntervals=2 staleMillis=1536.341751
switchboard-sample-service iteration=1093 checkout-v2=false
runtime-evidence iteration=1093 monotonicNanos=3690277328516 state=READY version=2 reconnects=2 snapshots=1 staleIntervals=2 staleMillis=1536.341751
switchboard-sample-service iteration=1094 checkout-v2=false
runtime-evidence iteration=1094 monotonicNanos=3690381517433 state=READY version=2 reconnects=2 snapshots=1 staleIntervals=2 staleMillis=1536.341751
switchboard-sample-service iteration=1095 checkout-v2=false
runtime-evidence iteration=1095 monotonicNanos=3690484814474 state=READY version=2 reconnects=2 snapshots=1 staleIntervals=2 staleMillis=1536.341751
switchboard-sample-service iteration=1096 checkout-v2=false
runtime-evidence iteration=1096 monotonicNanos=3690585919724 state=READY version=2 reconnects=2 snapshots=1 staleIntervals=2 staleMillis=1536.341751
switchboard-sample-service iteration=1097 checkout-v2=false
runtime-evidence iteration=1097 monotonicNanos=3690687071433 state=READY version=2 reconnects=2 snapshots=1 staleIntervals=2 staleMillis=1536.341751
switchboard-sample-service iteration=1098 checkout-v2=false
runtime-evidence iteration=1098 monotonicNanos=3690788596558 state=READY version=2 reconnects=2 snapshots=1 staleIntervals=2 staleMillis=1536.341751
switchboard-sample-service iteration=1099 checkout-v2=false
runtime-evidence iteration=1099 monotonicNanos=3690889555766 state=READY version=2 reconnects=2 snapshots=1 staleIntervals=2 staleMillis=1536.341751
switchboard-sample-service iteration=1100 checkout-v2=false
runtime-evidence iteration=1100 monotonicNanos=3690991124100 state=READY version=2 reconnects=2 snapshots=1 staleIntervals=2 staleMillis=1536.341751
switchboard-sample-service iteration=1101 checkout-v2=false
runtime-evidence iteration=1101 monotonicNanos=3691093820058 state=READY version=2 reconnects=2 snapshots=1 staleIntervals=2 staleMillis=1536.341751
switchboard-sample-service iteration=1102 checkout-v2=false
runtime-evidence iteration=1102 monotonicNanos=3691200322391 state=READY version=2 reconnects=2 snapshots=1 staleIntervals=2 staleMillis=1536.341751
switchboard-sample-service iteration=1103 checkout-v2=false
runtime-evidence iteration=1103 monotonicNanos=3691303531766 state=READY version=2 reconnects=2 snapshots=1 staleIntervals=2 staleMillis=1536.341751
switchboard-sample-service iteration=1104 checkout-v2=false
runtime-evidence iteration=1104 monotonicNanos=3691410929058 state=READY version=2 reconnects=2 snapshots=1 staleIntervals=2 staleMillis=1536.341751
switchboard-sample-service iteration=1105 checkout-v2=false
runtime-evidence iteration=1105 monotonicNanos=3691513601349 state=READY version=2 reconnects=2 snapshots=1 staleIntervals=2 staleMillis=1536.341751
switchboard-sample-service iteration=1106 checkout-v2=false
runtime-evidence iteration=1106 monotonicNanos=3691615160932 state=READY version=2 reconnects=2 snapshots=1 staleIntervals=2 staleMillis=1536.341751
switchboard-sample-service iteration=1107 checkout-v2=false
runtime-evidence iteration=1107 monotonicNanos=3691716834141 state=READY version=2 reconnects=2 snapshots=1 staleIntervals=2 staleMillis=1536.341751
switchboard-sample-service iteration=1108 checkout-v2=false
runtime-evidence iteration=1108 monotonicNanos=3691817543432 state=READY version=2 reconnects=2 snapshots=1 staleIntervals=2 staleMillis=1536.341751
switchboard-sample-service iteration=1109 checkout-v2=false
runtime-evidence iteration=1109 monotonicNanos=3691920271516 state=READY version=2 reconnects=2 snapshots=1 staleIntervals=2 staleMillis=1536.341751
switchboard-sample-service iteration=1110 checkout-v2=false
runtime-evidence iteration=1110 monotonicNanos=3692022404016 state=READY version=2 reconnects=2 snapshots=1 staleIntervals=2 staleMillis=1536.341751
switchboard-sample-service iteration=1111 checkout-v2=false
runtime-evidence iteration=1111 monotonicNanos=3692130984724 state=READY version=2 reconnects=2 snapshots=1 staleIntervals=2 staleMillis=1536.341751
switchboard-sample-service iteration=1112 checkout-v2=false
runtime-evidence iteration=1112 monotonicNanos=3692232988141 state=READY version=2 reconnects=2 snapshots=1 staleIntervals=2 staleMillis=1536.341751
switchboard-sample-service iteration=1113 checkout-v2=false
runtime-evidence iteration=1113 monotonicNanos=3692337259599 state=READY version=2 reconnects=2 snapshots=1 staleIntervals=2 staleMillis=1536.341751
switchboard-sample-service iteration=1114 checkout-v2=false
runtime-evidence iteration=1114 monotonicNanos=3692439151599 state=READY version=2 reconnects=2 snapshots=1 staleIntervals=2 staleMillis=1536.341751
switchboard-sample-service iteration=1115 checkout-v2=false
runtime-evidence iteration=1115 monotonicNanos=3692540310308 state=READY version=2 reconnects=2 snapshots=1 staleIntervals=2 staleMillis=1536.341751
switchboard-sample-service iteration=1116 checkout-v2=false
runtime-evidence iteration=1116 monotonicNanos=3692641532599 state=READY version=2 reconnects=2 snapshots=1 staleIntervals=2 staleMillis=1536.341751
switchboard-sample-service iteration=1117 checkout-v2=false
runtime-evidence iteration=1117 monotonicNanos=3692743376474 state=READY version=2 reconnects=2 snapshots=1 staleIntervals=2 staleMillis=1536.341751
switchboard-sample-service iteration=1118 checkout-v2=false
runtime-evidence iteration=1118 monotonicNanos=3692844572724 state=READY version=2 reconnects=2 snapshots=1 staleIntervals=2 staleMillis=1536.341751
switchboard-sample-service iteration=1119 checkout-v2=false
runtime-evidence iteration=1119 monotonicNanos=3692945680100 state=READY version=2 reconnects=2 snapshots=1 staleIntervals=2 staleMillis=1536.341751
switchboard-sample-service iteration=1120 checkout-v2=false
runtime-evidence iteration=1120 monotonicNanos=3693046590308 state=READY version=2 reconnects=2 snapshots=1 staleIntervals=2 staleMillis=1536.341751
switchboard-sample-service iteration=1121 checkout-v2=false
runtime-evidence iteration=1121 monotonicNanos=3693147566016 state=READY version=2 reconnects=2 snapshots=1 staleIntervals=2 staleMillis=1536.341751
switchboard-sample-service iteration=1122 checkout-v2=false
runtime-evidence iteration=1122 monotonicNanos=3693249316308 state=READY version=2 reconnects=2 snapshots=1 staleIntervals=2 staleMillis=1536.341751
switchboard-sample-service iteration=1123 checkout-v2=false
runtime-evidence iteration=1123 monotonicNanos=3693352403766 state=READY version=2 reconnects=2 snapshots=1 staleIntervals=2 staleMillis=1536.341751
switchboard-sample-service iteration=1124 checkout-v2=false
runtime-evidence iteration=1124 monotonicNanos=3693453878891 state=READY version=2 reconnects=2 snapshots=1 staleIntervals=2 staleMillis=1536.341751
switchboard-sample-service iteration=1125 checkout-v2=false
runtime-evidence iteration=1125 monotonicNanos=3693554503141 state=READY version=2 reconnects=2 snapshots=1 staleIntervals=2 staleMillis=1536.341751
switchboard-sample-service iteration=1126 checkout-v2=false
runtime-evidence iteration=1126 monotonicNanos=3693655517100 state=READY version=2 reconnects=2 snapshots=1 staleIntervals=2 staleMillis=1536.341751
switchboard-sample-service iteration=1127 checkout-v2=false
runtime-evidence iteration=1127 monotonicNanos=3693757277683 state=READY version=2 reconnects=2 snapshots=1 staleIntervals=2 staleMillis=1536.341751
switchboard-sample-service iteration=1128 checkout-v2=false
runtime-evidence iteration=1128 monotonicNanos=3693859093433 state=READY version=2 reconnects=2 snapshots=1 staleIntervals=2 staleMillis=1536.341751
switchboard-sample-service iteration=1129 checkout-v2=false
runtime-evidence iteration=1129 monotonicNanos=3693960402017 state=READY version=2 reconnects=2 snapshots=1 staleIntervals=2 staleMillis=1536.341751
switchboard-sample-service iteration=1130 checkout-v2=false
runtime-evidence iteration=1130 monotonicNanos=3694062036350 state=READY version=2 reconnects=2 snapshots=1 staleIntervals=2 staleMillis=1536.341751
switchboard-sample-service iteration=1131 checkout-v2=false
runtime-evidence iteration=1131 monotonicNanos=3694163528142 state=READY version=2 reconnects=2 snapshots=1 staleIntervals=2 staleMillis=1536.341751
switchboard-sample-service iteration=1132 checkout-v2=false
runtime-evidence iteration=1132 monotonicNanos=3694264673475 state=READY version=2 reconnects=2 snapshots=1 staleIntervals=2 staleMillis=1536.341751
switchboard-sample-service iteration=1133 checkout-v2=false
runtime-evidence iteration=1133 monotonicNanos=3694365983600 state=READY version=2 reconnects=2 snapshots=1 staleIntervals=2 staleMillis=1536.341751
switchboard-sample-service iteration=1134 checkout-v2=false
runtime-evidence iteration=1134 monotonicNanos=3694469086184 state=READY version=2 reconnects=2 snapshots=1 staleIntervals=2 staleMillis=1536.341751
switchboard-sample-service iteration=1135 checkout-v2=false
runtime-evidence iteration=1135 monotonicNanos=3694575547350 state=READY version=2 reconnects=2 snapshots=1 staleIntervals=2 staleMillis=1536.341751
switchboard-sample-service iteration=1136 checkout-v2=false
runtime-evidence iteration=1136 monotonicNanos=3694677165350 state=READY version=2 reconnects=2 snapshots=1 staleIntervals=2 staleMillis=1536.341751
switchboard-sample-service iteration=1137 checkout-v2=false
runtime-evidence iteration=1137 monotonicNanos=3694780160600 state=READY version=2 reconnects=2 snapshots=1 staleIntervals=2 staleMillis=1536.341751
switchboard-sample-service iteration=1138 checkout-v2=false
runtime-evidence iteration=1138 monotonicNanos=3694884027725 state=READY version=2 reconnects=2 snapshots=1 staleIntervals=2 staleMillis=1536.341751
switchboard-sample-service iteration=1139 checkout-v2=false
runtime-evidence iteration=1139 monotonicNanos=3694986916226 state=READY version=2 reconnects=2 snapshots=1 staleIntervals=2 staleMillis=1536.341751
switchboard-sample-service iteration=1140 checkout-v2=false
runtime-evidence iteration=1140 monotonicNanos=3695089268976 state=READY version=2 reconnects=2 snapshots=1 staleIntervals=2 staleMillis=1536.341751
switchboard-sample-service iteration=1141 checkout-v2=false
runtime-evidence iteration=1141 monotonicNanos=3695190411017 state=READY version=2 reconnects=2 snapshots=1 staleIntervals=2 staleMillis=1536.341751
switchboard-sample-service iteration=1142 checkout-v2=false
runtime-evidence iteration=1142 monotonicNanos=3695291738476 state=READY version=2 reconnects=2 snapshots=1 staleIntervals=2 staleMillis=1536.341751
switchboard-sample-service iteration=1143 checkout-v2=false
runtime-evidence iteration=1143 monotonicNanos=3695395070892 state=READY version=2 reconnects=2 snapshots=1 staleIntervals=2 staleMillis=1536.341751
switchboard-sample-service iteration=1144 checkout-v2=false
runtime-evidence iteration=1144 monotonicNanos=3695496871017 state=READY version=2 reconnects=2 snapshots=1 staleIntervals=2 staleMillis=1536.341751
switchboard-sample-service iteration=1145 checkout-v2=false
runtime-evidence iteration=1145 monotonicNanos=3695597539517 state=READY version=2 reconnects=2 snapshots=1 staleIntervals=2 staleMillis=1536.341751
switchboard-sample-service iteration=1146 checkout-v2=false
runtime-evidence iteration=1146 monotonicNanos=3695699260768 state=READY version=2 reconnects=2 snapshots=1 staleIntervals=2 staleMillis=1536.341751
switchboard-sample-service iteration=1147 checkout-v2=false
runtime-evidence iteration=1147 monotonicNanos=3695800579476 state=READY version=2 reconnects=2 snapshots=1 staleIntervals=2 staleMillis=1536.341751
switchboard-sample-service iteration=1148 checkout-v2=false
runtime-evidence iteration=1148 monotonicNanos=3695902711768 state=READY version=2 reconnects=2 snapshots=1 staleIntervals=2 staleMillis=1536.341751
switchboard-sample-service iteration=1149 checkout-v2=false
runtime-evidence iteration=1149 monotonicNanos=3696004421518 state=READY version=2 reconnects=2 snapshots=1 staleIntervals=2 staleMillis=1536.341751
switchboard-sample-service iteration=1150 checkout-v2=false
runtime-evidence iteration=1150 monotonicNanos=3696107599143 state=READY version=2 reconnects=2 snapshots=1 staleIntervals=2 staleMillis=1536.341751
switchboard-sample-service iteration=1151 checkout-v2=false
runtime-evidence iteration=1151 monotonicNanos=3696208443768 state=READY version=2 reconnects=2 snapshots=1 staleIntervals=2 staleMillis=1536.341751
switchboard-sample-service iteration=1152 checkout-v2=false
runtime-evidence iteration=1152 monotonicNanos=3696311660643 state=READY version=2 reconnects=2 snapshots=1 staleIntervals=2 staleMillis=1536.341751
switchboard-sample-service iteration=1153 checkout-v2=false
runtime-evidence iteration=1153 monotonicNanos=3696412674560 state=READY version=2 reconnects=2 snapshots=1 staleIntervals=2 staleMillis=1536.341751
switchboard-sample-service iteration=1154 checkout-v2=false
runtime-evidence iteration=1154 monotonicNanos=3696517847560 state=READY version=2 reconnects=2 snapshots=1 staleIntervals=2 staleMillis=1536.341751
switchboard-sample-service iteration=1155 checkout-v2=false
runtime-evidence iteration=1155 monotonicNanos=3696627560685 state=READY version=2 reconnects=2 snapshots=1 staleIntervals=2 staleMillis=1536.341751
switchboard-sample-service iteration=1156 checkout-v2=false
runtime-evidence iteration=1156 monotonicNanos=3696730864768 state=READY version=2 reconnects=2 snapshots=1 staleIntervals=2 staleMillis=1536.341751
switchboard-sample-service iteration=1157 checkout-v2=false
runtime-evidence iteration=1157 monotonicNanos=3696831525976 state=READY version=2 reconnects=2 snapshots=1 staleIntervals=2 staleMillis=1536.341751
switchboard-sample-service iteration=1158 checkout-v2=false
runtime-evidence iteration=1158 monotonicNanos=3696932994351 state=READY version=2 reconnects=2 snapshots=1 staleIntervals=2 staleMillis=1536.341751
switchboard-sample-service iteration=1159 checkout-v2=false
runtime-evidence iteration=1159 monotonicNanos=3697033496101 state=READY version=2 reconnects=2 snapshots=1 staleIntervals=2 staleMillis=1536.341751
switchboard-sample-service iteration=1160 checkout-v2=false
runtime-evidence iteration=1160 monotonicNanos=3697134981560 state=READY version=2 reconnects=2 snapshots=1 staleIntervals=2 staleMillis=1536.341751
switchboard-sample-service iteration=1161 checkout-v2=false
runtime-evidence iteration=1161 monotonicNanos=3697243780477 state=READY version=2 reconnects=2 snapshots=1 staleIntervals=2 staleMillis=1536.341751
switchboard-sample-service iteration=1162 checkout-v2=false
runtime-evidence iteration=1162 monotonicNanos=3697345585643 state=READY version=2 reconnects=2 snapshots=1 staleIntervals=2 staleMillis=1536.341751
switchboard-sample-service iteration=1163 checkout-v2=false
runtime-evidence iteration=1163 monotonicNanos=3697446638893 state=READY version=2 reconnects=2 snapshots=1 staleIntervals=2 staleMillis=1536.341751
switchboard-sample-service iteration=1164 checkout-v2=false
runtime-evidence iteration=1164 monotonicNanos=3697548135518 state=READY version=2 reconnects=2 snapshots=1 staleIntervals=2 staleMillis=1536.341751
switchboard-sample-service iteration=1165 checkout-v2=false
runtime-evidence iteration=1165 monotonicNanos=3697650241060 state=READY version=2 reconnects=2 snapshots=1 staleIntervals=2 staleMillis=1536.341751
switchboard-sample-service iteration=1166 checkout-v2=false
runtime-evidence iteration=1166 monotonicNanos=3697752040560 state=READY version=2 reconnects=2 snapshots=1 staleIntervals=2 staleMillis=1536.341751
switchboard-sample-service iteration=1167 checkout-v2=false
runtime-evidence iteration=1167 monotonicNanos=3697855539269 state=READY version=2 reconnects=2 snapshots=1 staleIntervals=2 staleMillis=1536.341751
switchboard-sample-service iteration=1168 checkout-v2=false
runtime-evidence iteration=1168 monotonicNanos=3697959395144 state=READY version=2 reconnects=2 snapshots=1 staleIntervals=2 staleMillis=1536.341751
switchboard-sample-service iteration=1169 checkout-v2=false
runtime-evidence iteration=1169 monotonicNanos=3698060848269 state=READY version=2 reconnects=2 snapshots=1 staleIntervals=2 staleMillis=1536.341751
switchboard-sample-service iteration=1170 checkout-v2=false
runtime-evidence iteration=1170 monotonicNanos=3698162741394 state=READY version=2 reconnects=2 snapshots=1 staleIntervals=2 staleMillis=1536.341751
switchboard-sample-service iteration=1171 checkout-v2=false
runtime-evidence iteration=1171 monotonicNanos=3698263487977 state=READY version=2 reconnects=2 snapshots=1 staleIntervals=2 staleMillis=1536.341751
switchboard-sample-service iteration=1172 checkout-v2=false
runtime-evidence iteration=1172 monotonicNanos=3698364864019 state=READY version=2 reconnects=2 snapshots=1 staleIntervals=2 staleMillis=1536.341751
switchboard-sample-service iteration=1173 checkout-v2=false
runtime-evidence iteration=1173 monotonicNanos=3698465902602 state=READY version=2 reconnects=2 snapshots=1 staleIntervals=2 staleMillis=1536.341751
switchboard-sample-service iteration=1174 checkout-v2=false
runtime-evidence iteration=1174 monotonicNanos=3698566442102 state=READY version=2 reconnects=2 snapshots=1 staleIntervals=2 staleMillis=1536.341751
switchboard-sample-service iteration=1175 checkout-v2=false
runtime-evidence iteration=1175 monotonicNanos=3698667514352 state=READY version=2 reconnects=2 snapshots=1 staleIntervals=2 staleMillis=1536.341751
switchboard-sample-service iteration=1176 checkout-v2=false
runtime-evidence iteration=1176 monotonicNanos=3698768820186 state=READY version=2 reconnects=2 snapshots=1 staleIntervals=2 staleMillis=1536.341751
switchboard-sample-service iteration=1177 checkout-v2=false
runtime-evidence iteration=1177 monotonicNanos=3698869746227 state=READY version=2 reconnects=2 snapshots=1 staleIntervals=2 staleMillis=1536.341751
switchboard-sample-service iteration=1178 checkout-v2=false
runtime-evidence iteration=1178 monotonicNanos=3698972658727 state=READY version=2 reconnects=2 snapshots=1 staleIntervals=2 staleMillis=1536.341751
switchboard-sample-service iteration=1179 checkout-v2=false
runtime-evidence iteration=1179 monotonicNanos=3699074138852 state=READY version=2 reconnects=2 snapshots=1 staleIntervals=2 staleMillis=1536.341751
switchboard-sample-service iteration=1180 checkout-v2=false
runtime-evidence iteration=1180 monotonicNanos=3699176701561 state=READY version=2 reconnects=2 snapshots=1 staleIntervals=2 staleMillis=1536.341751
switchboard-sample-service iteration=1181 checkout-v2=false
runtime-evidence iteration=1181 monotonicNanos=3699278697519 state=READY version=2 reconnects=2 snapshots=1 staleIntervals=2 staleMillis=1536.341751
switchboard-sample-service iteration=1182 checkout-v2=false
runtime-evidence iteration=1182 monotonicNanos=3699379546436 state=READY version=2 reconnects=2 snapshots=1 staleIntervals=2 staleMillis=1536.341751
switchboard-sample-service iteration=1183 checkout-v2=false
runtime-evidence iteration=1183 monotonicNanos=3699480737103 state=READY version=2 reconnects=2 snapshots=1 staleIntervals=2 staleMillis=1536.341751
switchboard-sample-service iteration=1184 checkout-v2=false
runtime-evidence iteration=1184 monotonicNanos=3699582067478 state=READY version=2 reconnects=2 snapshots=1 staleIntervals=2 staleMillis=1536.341751
switchboard-sample-service iteration=1185 checkout-v2=false
runtime-evidence iteration=1185 monotonicNanos=3699685139019 state=READY version=2 reconnects=2 snapshots=1 staleIntervals=2 staleMillis=1536.341751
switchboard-sample-service iteration=1186 checkout-v2=false
runtime-evidence iteration=1186 monotonicNanos=3699787047311 state=READY version=2 reconnects=2 snapshots=1 staleIntervals=2 staleMillis=1536.341751
switchboard-sample-service iteration=1187 checkout-v2=false
runtime-evidence iteration=1187 monotonicNanos=3699888801395 state=READY version=2 reconnects=2 snapshots=1 staleIntervals=2 staleMillis=1536.341751
switchboard-sample-service iteration=1188 checkout-v2=false
runtime-evidence iteration=1188 monotonicNanos=3699989769020 state=READY version=2 reconnects=2 snapshots=1 staleIntervals=2 staleMillis=1536.341751
switchboard-sample-service iteration=1189 checkout-v2=false
runtime-evidence iteration=1189 monotonicNanos=3700090868770 state=READY version=2 reconnects=2 snapshots=1 staleIntervals=2 staleMillis=1536.341751
switchboard-sample-service iteration=1190 checkout-v2=false
runtime-evidence iteration=1190 monotonicNanos=3700191347395 state=READY version=2 reconnects=2 snapshots=1 staleIntervals=2 staleMillis=1536.341751
switchboard-sample-service iteration=1191 checkout-v2=false
runtime-evidence iteration=1191 monotonicNanos=3700297690936 state=READY version=2 reconnects=2 snapshots=1 staleIntervals=2 staleMillis=1536.341751
switchboard-sample-service iteration=1192 checkout-v2=false
runtime-evidence iteration=1192 monotonicNanos=3700399248561 state=READY version=2 reconnects=2 snapshots=1 staleIntervals=2 staleMillis=1536.341751
switchboard-sample-service iteration=1193 checkout-v2=false
runtime-evidence iteration=1193 monotonicNanos=3700501515270 state=READY version=2 reconnects=2 snapshots=1 staleIntervals=2 staleMillis=1536.341751
switchboard-sample-service iteration=1194 checkout-v2=false
runtime-evidence iteration=1194 monotonicNanos=3700604600937 state=READY version=2 reconnects=2 snapshots=1 staleIntervals=2 staleMillis=1536.341751
switchboard-sample-service iteration=1195 checkout-v2=false
runtime-evidence iteration=1195 monotonicNanos=3700705788103 state=READY version=2 reconnects=2 snapshots=1 staleIntervals=2 staleMillis=1536.341751
switchboard-sample-service iteration=1196 checkout-v2=false
runtime-evidence iteration=1196 monotonicNanos=3700808112228 state=READY version=2 reconnects=2 snapshots=1 staleIntervals=2 staleMillis=1536.341751
switchboard-sample-service iteration=1197 checkout-v2=false
runtime-evidence iteration=1197 monotonicNanos=3700909547562 state=READY version=2 reconnects=2 snapshots=1 staleIntervals=2 staleMillis=1536.341751
switchboard-sample-service iteration=1198 checkout-v2=false
runtime-evidence iteration=1198 monotonicNanos=3701010984020 state=READY version=2 reconnects=2 snapshots=1 staleIntervals=2 staleMillis=1536.341751
switchboard-sample-service iteration=1199 checkout-v2=false
runtime-evidence iteration=1199 monotonicNanos=3701114241770 state=READY version=2 reconnects=2 snapshots=1 staleIntervals=2 staleMillis=1536.341751
switchboard-sample-service iteration=1200 checkout-v2=false
runtime-evidence iteration=1200 monotonicNanos=3701215655895 state=READY version=2 reconnects=2 snapshots=1 staleIntervals=2 staleMillis=1536.341751
