Picked up JAVA_TOOL_OPTIONS: -XX:MaxRAMPercentage=75.0 -XX:+ExitOnOutOfMemoryError
SLF4J(W): No SLF4J providers were found.
SLF4J(W): Defaulting to no-operation (NOP) logger implementation
SLF4J(W): See https://www.slf4j.org/codes.html#noProviders for further details.
switchboard-sample-service iteration=1 checkout-v2=false
runtime-evidence iteration=1 monotonicNanos=740195486921 state=READY version=2 reconnects=0 snapshots=1 staleIntervals=0 staleMillis=0.000000
switchboard-sample-service iteration=2 checkout-v2=false
runtime-evidence iteration=2 monotonicNanos=740300438713 state=READY version=2 reconnects=0 snapshots=1 staleIntervals=0 staleMillis=0.000000
switchboard-sample-service iteration=3 checkout-v2=false
runtime-evidence iteration=3 monotonicNanos=740405626254 state=READY version=2 reconnects=0 snapshots=1 staleIntervals=0 staleMillis=0.000000
switchboard-sample-service iteration=4 checkout-v2=false
runtime-evidence iteration=4 monotonicNanos=740508338838 state=READY version=2 reconnects=0 snapshots=1 staleIntervals=0 staleMillis=0.000000
switchboard-sample-service iteration=5 checkout-v2=false
runtime-evidence iteration=5 monotonicNanos=740611296838 state=READY version=2 reconnects=0 snapshots=1 staleIntervals=0 staleMillis=0.000000
switchboard-sample-service iteration=6 checkout-v2=false
runtime-evidence iteration=6 monotonicNanos=740714355171 state=READY version=2 reconnects=0 snapshots=1 staleIntervals=0 staleMillis=0.000000
switchboard-sample-service iteration=7 checkout-v2=false
runtime-evidence iteration=7 monotonicNanos=740815851588 state=READY version=2 reconnects=0 snapshots=1 staleIntervals=0 staleMillis=0.000000
switchboard-sample-service iteration=8 checkout-v2=false
runtime-evidence iteration=8 monotonicNanos=740918519296 state=READY version=2 reconnects=0 snapshots=1 staleIntervals=0 staleMillis=0.000000
switchboard-sample-service iteration=9 checkout-v2=false
runtime-evidence iteration=9 monotonicNanos=741019982671 state=READY version=2 reconnects=0 snapshots=1 staleIntervals=0 staleMillis=0.000000
switchboard-sample-service iteration=10 checkout-v2=false
runtime-evidence iteration=10 monotonicNanos=741122656380 state=READY version=2 reconnects=0 snapshots=1 staleIntervals=0 staleMillis=0.000000
switchboard-sample-service iteration=11 checkout-v2=false
runtime-evidence iteration=11 monotonicNanos=741224813671 state=READY version=2 reconnects=0 snapshots=1 staleIntervals=0 staleMillis=0.000000
switchboard-sample-service iteration=12 checkout-v2=false
runtime-evidence iteration=12 monotonicNanos=741327804880 state=READY version=2 reconnects=0 snapshots=1 staleIntervals=0 staleMillis=0.000000
switchboard-sample-service iteration=13 checkout-v2=false
runtime-evidence iteration=13 monotonicNanos=741430240588 state=READY version=2 reconnects=0 snapshots=1 staleIntervals=0 staleMillis=0.000000
switchboard-sample-service iteration=14 checkout-v2=false
runtime-evidence iteration=14 monotonicNanos=741532180088 state=READY version=2 reconnects=0 snapshots=1 staleIntervals=0 staleMillis=0.000000
switchboard-sample-service iteration=15 checkout-v2=false
runtime-evidence iteration=15 monotonicNanos=741634342672 state=READY version=2 reconnects=0 snapshots=1 staleIntervals=0 staleMillis=0.000000
switchboard-sample-service iteration=16 checkout-v2=false
runtime-evidence iteration=16 monotonicNanos=741737033588 state=READY version=2 reconnects=0 snapshots=1 staleIntervals=0 staleMillis=0.000000
switchboard-sample-service iteration=17 checkout-v2=false
runtime-evidence iteration=17 monotonicNanos=741838633922 state=READY version=2 reconnects=0 snapshots=1 staleIntervals=0 staleMillis=0.000000
switchboard-sample-service iteration=18 checkout-v2=false
runtime-evidence iteration=18 monotonicNanos=741940196797 state=READY version=2 reconnects=0 snapshots=1 staleIntervals=0 staleMillis=0.000000
switchboard-sample-service iteration=19 checkout-v2=false
runtime-evidence iteration=19 monotonicNanos=742042015005 state=READY version=2 reconnects=0 snapshots=1 staleIntervals=0 staleMillis=0.000000
switchboard-sample-service iteration=20 checkout-v2=false
runtime-evidence iteration=20 monotonicNanos=742143686338 state=READY version=2 reconnects=0 snapshots=1 staleIntervals=0 staleMillis=0.000000
switchboard-sample-service iteration=21 checkout-v2=false
runtime-evidence iteration=21 monotonicNanos=742246948505 state=READY version=2 reconnects=0 snapshots=1 staleIntervals=0 staleMillis=0.000000
switchboard-sample-service iteration=22 checkout-v2=false
runtime-evidence iteration=22 monotonicNanos=742348983630 state=READY version=2 reconnects=0 snapshots=1 staleIntervals=0 staleMillis=0.000000
switchboard-sample-service iteration=23 checkout-v2=false
runtime-evidence iteration=23 monotonicNanos=742451495672 state=READY version=2 reconnects=0 snapshots=1 staleIntervals=0 staleMillis=0.000000
switchboard-sample-service iteration=24 checkout-v2=false
runtime-evidence iteration=24 monotonicNanos=742552655589 state=READY version=2 reconnects=0 snapshots=1 staleIntervals=0 staleMillis=0.000000
switchboard-sample-service iteration=25 checkout-v2=false
runtime-evidence iteration=25 monotonicNanos=742656098130 state=READY version=2 reconnects=0 snapshots=1 staleIntervals=0 staleMillis=0.000000
switchboard-sample-service iteration=26 checkout-v2=false
runtime-evidence iteration=26 monotonicNanos=742758428214 state=READY version=2 reconnects=0 snapshots=1 staleIntervals=0 staleMillis=0.000000
switchboard-sample-service iteration=27 checkout-v2=false
runtime-evidence iteration=27 monotonicNanos=742859795422 state=READY version=2 reconnects=0 snapshots=1 staleIntervals=0 staleMillis=0.000000
switchboard-sample-service iteration=28 checkout-v2=false
runtime-evidence iteration=28 monotonicNanos=742960941339 state=READY version=2 reconnects=0 snapshots=1 staleIntervals=0 staleMillis=0.000000
switchboard-sample-service iteration=29 checkout-v2=false
runtime-evidence iteration=29 monotonicNanos=743063198881 state=READY version=2 reconnects=0 snapshots=1 staleIntervals=0 staleMillis=0.000000
switchboard-sample-service iteration=30 checkout-v2=false
runtime-evidence iteration=30 monotonicNanos=743165298506 state=READY version=2 reconnects=0 snapshots=1 staleIntervals=0 staleMillis=0.000000
switchboard-sample-service iteration=31 checkout-v2=false
runtime-evidence iteration=31 monotonicNanos=743267207672 state=READY version=2 reconnects=0 snapshots=1 staleIntervals=0 staleMillis=0.000000
switchboard-sample-service iteration=32 checkout-v2=false
runtime-evidence iteration=32 monotonicNanos=743369579422 state=READY version=2 reconnects=0 snapshots=1 staleIntervals=0 staleMillis=0.000000
switchboard-sample-service iteration=33 checkout-v2=false
runtime-evidence iteration=33 monotonicNanos=743470817631 state=READY version=2 reconnects=0 snapshots=1 staleIntervals=0 staleMillis=0.000000
switchboard-sample-service iteration=34 checkout-v2=false
runtime-evidence iteration=34 monotonicNanos=743573497922 state=READY version=2 reconnects=0 snapshots=1 staleIntervals=0 staleMillis=0.000000
switchboard-sample-service iteration=35 checkout-v2=false
runtime-evidence iteration=35 monotonicNanos=743674572339 state=READY version=2 reconnects=0 snapshots=1 staleIntervals=0 staleMillis=0.000000
switchboard-sample-service iteration=36 checkout-v2=false
runtime-evidence iteration=36 monotonicNanos=743775945548 state=READY version=2 reconnects=0 snapshots=1 staleIntervals=0 staleMillis=0.000000
switchboard-sample-service iteration=37 checkout-v2=false
runtime-evidence iteration=37 monotonicNanos=743877661464 state=READY version=2 reconnects=0 snapshots=1 staleIntervals=0 staleMillis=0.000000
switchboard-sample-service iteration=38 checkout-v2=false
runtime-evidence iteration=38 monotonicNanos=743978797964 state=READY version=2 reconnects=0 snapshots=1 staleIntervals=0 staleMillis=0.000000
switchboard-sample-service iteration=39 checkout-v2=false
runtime-evidence iteration=39 monotonicNanos=744079807548 state=READY version=2 reconnects=0 snapshots=1 staleIntervals=0 staleMillis=0.000000
switchboard-sample-service iteration=40 checkout-v2=false
runtime-evidence iteration=40 monotonicNanos=744180759464 state=READY version=2 reconnects=0 snapshots=1 staleIntervals=0 staleMillis=0.000000
switchboard-sample-service iteration=41 checkout-v2=false
runtime-evidence iteration=41 monotonicNanos=744283162506 state=READY version=2 reconnects=0 snapshots=1 staleIntervals=0 staleMillis=0.000000
switchboard-sample-service iteration=42 checkout-v2=false
runtime-evidence iteration=42 monotonicNanos=744385656339 state=READY version=2 reconnects=0 snapshots=1 staleIntervals=0 staleMillis=0.000000
switchboard-sample-service iteration=43 checkout-v2=false
runtime-evidence iteration=43 monotonicNanos=744487063090 state=READY version=2 reconnects=0 snapshots=1 staleIntervals=0 staleMillis=0.000000
switchboard-sample-service iteration=44 checkout-v2=false
runtime-evidence iteration=44 monotonicNanos=744588673131 state=READY version=2 reconnects=0 snapshots=1 staleIntervals=0 staleMillis=0.000000
switchboard-sample-service iteration=45 checkout-v2=false
runtime-evidence iteration=45 monotonicNanos=744689768756 state=READY version=2 reconnects=0 snapshots=1 staleIntervals=0 staleMillis=0.000000
switchboard-sample-service iteration=46 checkout-v2=false
runtime-evidence iteration=46 monotonicNanos=744791978715 state=READY version=2 reconnects=0 snapshots=1 staleIntervals=0 staleMillis=0.000000
switchboard-sample-service iteration=47 checkout-v2=false
runtime-evidence iteration=47 monotonicNanos=744893722840 state=READY version=2 reconnects=0 snapshots=1 staleIntervals=0 staleMillis=0.000000
switchboard-sample-service iteration=48 checkout-v2=false
runtime-evidence iteration=48 monotonicNanos=744994971923 state=READY version=2 reconnects=0 snapshots=1 staleIntervals=0 staleMillis=0.000000
switchboard-sample-service iteration=49 checkout-v2=false
runtime-evidence iteration=49 monotonicNanos=745097273465 state=READY version=2 reconnects=0 snapshots=1 staleIntervals=0 staleMillis=0.000000
switchboard-sample-service iteration=50 checkout-v2=false
runtime-evidence iteration=50 monotonicNanos=745198774132 state=READY version=2 reconnects=0 snapshots=1 staleIntervals=0 staleMillis=0.000000
switchboard-sample-service iteration=51 checkout-v2=false
runtime-evidence iteration=51 monotonicNanos=745302528882 state=READY version=2 reconnects=0 snapshots=1 staleIntervals=0 staleMillis=0.000000
switchboard-sample-service iteration=52 checkout-v2=false
runtime-evidence iteration=52 monotonicNanos=745406973882 state=READY version=2 reconnects=0 snapshots=1 staleIntervals=0 staleMillis=0.000000
switchboard-sample-service iteration=53 checkout-v2=false
runtime-evidence iteration=53 monotonicNanos=745509772715 state=READY version=2 reconnects=0 snapshots=1 staleIntervals=0 staleMillis=0.000000
switchboard-sample-service iteration=54 checkout-v2=false
runtime-evidence iteration=54 monotonicNanos=745611902007 state=READY version=2 reconnects=0 snapshots=1 staleIntervals=0 staleMillis=0.000000
switchboard-sample-service iteration=55 checkout-v2=false
runtime-evidence iteration=55 monotonicNanos=745714218507 state=READY version=2 reconnects=0 snapshots=1 staleIntervals=0 staleMillis=0.000000
switchboard-sample-service iteration=56 checkout-v2=false
runtime-evidence iteration=56 monotonicNanos=745815718215 state=READY version=2 reconnects=0 snapshots=1 staleIntervals=0 staleMillis=0.000000
switchboard-sample-service iteration=57 checkout-v2=false
runtime-evidence iteration=57 monotonicNanos=745916955174 state=READY version=2 reconnects=0 snapshots=1 staleIntervals=0 staleMillis=0.000000
switchboard-sample-service iteration=58 checkout-v2=false
runtime-evidence iteration=58 monotonicNanos=746018660340 state=READY version=2 reconnects=0 snapshots=1 staleIntervals=0 staleMillis=0.000000
switchboard-sample-service iteration=59 checkout-v2=false
runtime-evidence iteration=59 monotonicNanos=746120202382 state=READY version=2 reconnects=0 snapshots=1 staleIntervals=0 staleMillis=0.000000
switchboard-sample-service iteration=60 checkout-v2=false
runtime-evidence iteration=60 monotonicNanos=746222456424 state=READY version=2 reconnects=0 snapshots=1 staleIntervals=0 staleMillis=0.000000
switchboard-sample-service iteration=61 checkout-v2=false
runtime-evidence iteration=61 monotonicNanos=746323580007 state=READY version=2 reconnects=0 snapshots=1 staleIntervals=0 staleMillis=0.000000
switchboard-sample-service iteration=62 checkout-v2=false
runtime-evidence iteration=62 monotonicNanos=746425046465 state=READY version=2 reconnects=0 snapshots=1 staleIntervals=0 staleMillis=0.000000
switchboard-sample-service iteration=63 checkout-v2=false
runtime-evidence iteration=63 monotonicNanos=746526947924 state=READY version=2 reconnects=0 snapshots=1 staleIntervals=0 staleMillis=0.000000
switchboard-sample-service iteration=64 checkout-v2=false
runtime-evidence iteration=64 monotonicNanos=746628904674 state=READY version=2 reconnects=0 snapshots=1 staleIntervals=0 staleMillis=0.000000
switchboard-sample-service iteration=65 checkout-v2=false
runtime-evidence iteration=65 monotonicNanos=746731559341 state=READY version=2 reconnects=0 snapshots=1 staleIntervals=0 staleMillis=0.000000
switchboard-sample-service iteration=66 checkout-v2=false
runtime-evidence iteration=66 monotonicNanos=746833856299 state=READY version=2 reconnects=0 snapshots=1 staleIntervals=0 staleMillis=0.000000
switchboard-sample-service iteration=67 checkout-v2=false
runtime-evidence iteration=67 monotonicNanos=746936688466 state=READY version=2 reconnects=0 snapshots=1 staleIntervals=0 staleMillis=0.000000
switchboard-sample-service iteration=68 checkout-v2=false
runtime-evidence iteration=68 monotonicNanos=747039464424 state=READY version=2 reconnects=0 snapshots=1 staleIntervals=0 staleMillis=0.000000
switchboard-sample-service iteration=69 checkout-v2=false
runtime-evidence iteration=69 monotonicNanos=747145117924 state=READY version=2 reconnects=0 snapshots=1 staleIntervals=0 staleMillis=0.000000
switchboard-sample-service iteration=70 checkout-v2=false
runtime-evidence iteration=70 monotonicNanos=747247637591 state=READY version=2 reconnects=0 snapshots=1 staleIntervals=0 staleMillis=0.000000
switchboard-sample-service iteration=71 checkout-v2=false
runtime-evidence iteration=71 monotonicNanos=747348660716 state=READY version=2 reconnects=0 snapshots=1 staleIntervals=0 staleMillis=0.000000
switchboard-sample-service iteration=72 checkout-v2=false
runtime-evidence iteration=72 monotonicNanos=747449924216 state=READY version=2 reconnects=0 snapshots=1 staleIntervals=0 staleMillis=0.000000
switchboard-sample-service iteration=73 checkout-v2=false
runtime-evidence iteration=73 monotonicNanos=747550618924 state=READY version=2 reconnects=0 snapshots=1 staleIntervals=0 staleMillis=0.000000
switchboard-sample-service iteration=74 checkout-v2=false
runtime-evidence iteration=74 monotonicNanos=747653164591 state=READY version=2 reconnects=0 snapshots=1 staleIntervals=0 staleMillis=0.000000
switchboard-sample-service iteration=75 checkout-v2=false
runtime-evidence iteration=75 monotonicNanos=747754614674 state=READY version=2 reconnects=0 snapshots=1 staleIntervals=0 staleMillis=0.000000
switchboard-sample-service iteration=76 checkout-v2=false
runtime-evidence iteration=76 monotonicNanos=747856171008 state=READY version=2 reconnects=0 snapshots=1 staleIntervals=0 staleMillis=0.000000
switchboard-sample-service iteration=77 checkout-v2=false
runtime-evidence iteration=77 monotonicNanos=747957711716 state=READY version=2 reconnects=0 snapshots=1 staleIntervals=0 staleMillis=0.000000
switchboard-sample-service iteration=78 checkout-v2=false
runtime-evidence iteration=78 monotonicNanos=748058825800 state=READY version=2 reconnects=0 snapshots=1 staleIntervals=0 staleMillis=0.000000
switchboard-sample-service iteration=79 checkout-v2=false
runtime-evidence iteration=79 monotonicNanos=748161038258 state=READY version=2 reconnects=0 snapshots=1 staleIntervals=0 staleMillis=0.000000
switchboard-sample-service iteration=80 checkout-v2=false
runtime-evidence iteration=80 monotonicNanos=748262668841 state=READY version=2 reconnects=0 snapshots=1 staleIntervals=0 staleMillis=0.000000
switchboard-sample-service iteration=81 checkout-v2=false
runtime-evidence iteration=81 monotonicNanos=748363760466 state=READY version=2 reconnects=0 snapshots=1 staleIntervals=0 staleMillis=0.000000
switchboard-sample-service iteration=82 checkout-v2=false
runtime-evidence iteration=82 monotonicNanos=748464658800 state=READY version=2 reconnects=0 snapshots=1 staleIntervals=0 staleMillis=0.000000
switchboard-sample-service iteration=83 checkout-v2=false
runtime-evidence iteration=83 monotonicNanos=748566427883 state=READY version=2 reconnects=0 snapshots=1 staleIntervals=0 staleMillis=0.000000
switchboard-sample-service iteration=84 checkout-v2=false
runtime-evidence iteration=84 monotonicNanos=748667903883 state=READY version=2 reconnects=0 snapshots=1 staleIntervals=0 staleMillis=0.000000
switchboard-sample-service iteration=85 checkout-v2=false
runtime-evidence iteration=85 monotonicNanos=748770698633 state=READY version=2 reconnects=0 snapshots=1 staleIntervals=0 staleMillis=0.000000
switchboard-sample-service iteration=86 checkout-v2=false
runtime-evidence iteration=86 monotonicNanos=748873426675 state=READY version=2 reconnects=0 snapshots=1 staleIntervals=0 staleMillis=0.000000
switchboard-sample-service iteration=87 checkout-v2=false
runtime-evidence iteration=87 monotonicNanos=748975096050 state=READY version=2 reconnects=0 snapshots=1 staleIntervals=0 staleMillis=0.000000
switchboard-sample-service iteration=88 checkout-v2=false
runtime-evidence iteration=88 monotonicNanos=749076461717 state=READY version=2 reconnects=0 snapshots=1 staleIntervals=0 staleMillis=0.000000
switchboard-sample-service iteration=89 checkout-v2=false
runtime-evidence iteration=89 monotonicNanos=749177646383 state=READY version=2 reconnects=0 snapshots=1 staleIntervals=0 staleMillis=0.000000
switchboard-sample-service iteration=90 checkout-v2=false
runtime-evidence iteration=90 monotonicNanos=749278808925 state=READY version=2 reconnects=0 snapshots=1 staleIntervals=0 staleMillis=0.000000
switchboard-sample-service iteration=91 checkout-v2=false
runtime-evidence iteration=91 monotonicNanos=749380795592 state=READY version=2 reconnects=0 snapshots=1 staleIntervals=0 staleMillis=0.000000
switchboard-sample-service iteration=92 checkout-v2=false
runtime-evidence iteration=92 monotonicNanos=749483700759 state=READY version=2 reconnects=0 snapshots=1 staleIntervals=0 staleMillis=0.000000
switchboard-sample-service iteration=93 checkout-v2=false
runtime-evidence iteration=93 monotonicNanos=749587344467 state=READY version=2 reconnects=0 snapshots=1 staleIntervals=0 staleMillis=0.000000
switchboard-sample-service iteration=94 checkout-v2=false
runtime-evidence iteration=94 monotonicNanos=749688829675 state=READY version=2 reconnects=0 snapshots=1 staleIntervals=0 staleMillis=0.000000
switchboard-sample-service iteration=95 checkout-v2=false
runtime-evidence iteration=95 monotonicNanos=749791246134 state=READY version=2 reconnects=0 snapshots=1 staleIntervals=0 staleMillis=0.000000
switchboard-sample-service iteration=96 checkout-v2=false
runtime-evidence iteration=96 monotonicNanos=749892633675 state=READY version=2 reconnects=0 snapshots=1 staleIntervals=0 staleMillis=0.000000
switchboard-sample-service iteration=97 checkout-v2=false
runtime-evidence iteration=97 monotonicNanos=749994941842 state=READY version=2 reconnects=0 snapshots=1 staleIntervals=0 staleMillis=0.000000
switchboard-sample-service iteration=98 checkout-v2=false
runtime-evidence iteration=98 monotonicNanos=750099562926 state=READY version=2 reconnects=0 snapshots=1 staleIntervals=0 staleMillis=0.000000
switchboard-sample-service iteration=99 checkout-v2=false
runtime-evidence iteration=99 monotonicNanos=750201160301 state=READY version=2 reconnects=0 snapshots=1 staleIntervals=0 staleMillis=0.000000
switchboard-sample-service iteration=100 checkout-v2=false
runtime-evidence iteration=100 monotonicNanos=750303178134 state=READY version=2 reconnects=0 snapshots=1 staleIntervals=0 staleMillis=0.000000
switchboard-sample-service iteration=101 checkout-v2=false
runtime-evidence iteration=101 monotonicNanos=750405676384 state=READY version=2 reconnects=0 snapshots=1 staleIntervals=0 staleMillis=0.000000
switchboard-sample-service iteration=102 checkout-v2=false
runtime-evidence iteration=102 monotonicNanos=750507144592 state=READY version=2 reconnects=0 snapshots=1 staleIntervals=0 staleMillis=0.000000
switchboard-sample-service iteration=103 checkout-v2=false
runtime-evidence iteration=103 monotonicNanos=750609653551 state=READY version=2 reconnects=0 snapshots=1 staleIntervals=0 staleMillis=0.000000
switchboard-sample-service iteration=104 checkout-v2=false
runtime-evidence iteration=104 monotonicNanos=750710740384 state=READY version=2 reconnects=0 snapshots=1 staleIntervals=0 staleMillis=0.000000
switchboard-sample-service iteration=105 checkout-v2=false
runtime-evidence iteration=105 monotonicNanos=750813181217 state=READY version=2 reconnects=0 snapshots=1 staleIntervals=0 staleMillis=0.000000
switchboard-sample-service iteration=106 checkout-v2=false
runtime-evidence iteration=106 monotonicNanos=750916616425 state=READY version=2 reconnects=0 snapshots=1 staleIntervals=0 staleMillis=0.000000
switchboard-sample-service iteration=107 checkout-v2=false
runtime-evidence iteration=107 monotonicNanos=751018270300 state=READY version=2 reconnects=0 snapshots=1 staleIntervals=0 staleMillis=0.000000
switchboard-sample-service iteration=108 checkout-v2=false
runtime-evidence iteration=108 monotonicNanos=751120468967 state=READY version=2 reconnects=0 snapshots=1 staleIntervals=0 staleMillis=0.000000
switchboard-sample-service iteration=109 checkout-v2=false
runtime-evidence iteration=109 monotonicNanos=751236147300 state=READY version=2 reconnects=0 snapshots=1 staleIntervals=0 staleMillis=0.000000
switchboard-sample-service iteration=110 checkout-v2=false
runtime-evidence iteration=110 monotonicNanos=751409966467 state=READY version=2 reconnects=0 snapshots=1 staleIntervals=0 staleMillis=0.000000
switchboard-sample-service iteration=111 checkout-v2=false
runtime-evidence iteration=111 monotonicNanos=751511919259 state=READY version=2 reconnects=0 snapshots=1 staleIntervals=0 staleMillis=0.000000
switchboard-sample-service iteration=112 checkout-v2=false
runtime-evidence iteration=112 monotonicNanos=751614327926 state=READY version=2 reconnects=0 snapshots=1 staleIntervals=0 staleMillis=0.000000
switchboard-sample-service iteration=113 checkout-v2=false
runtime-evidence iteration=113 monotonicNanos=751715796967 state=READY version=2 reconnects=0 snapshots=1 staleIntervals=0 staleMillis=0.000000
switchboard-sample-service iteration=114 checkout-v2=false
runtime-evidence iteration=114 monotonicNanos=751816750676 state=READY version=2 reconnects=0 snapshots=1 staleIntervals=0 staleMillis=0.000000
switchboard-sample-service iteration=115 checkout-v2=false
runtime-evidence iteration=115 monotonicNanos=751918996592 state=READY version=2 reconnects=0 snapshots=1 staleIntervals=0 staleMillis=0.000000
switchboard-sample-service iteration=116 checkout-v2=false
runtime-evidence iteration=116 monotonicNanos=752020964134 state=READY version=2 reconnects=0 snapshots=1 staleIntervals=0 staleMillis=0.000000
switchboard-sample-service iteration=117 checkout-v2=false
runtime-evidence iteration=117 monotonicNanos=752124383551 state=READY version=2 reconnects=0 snapshots=1 staleIntervals=0 staleMillis=0.000000
switchboard-sample-service iteration=118 checkout-v2=false
runtime-evidence iteration=118 monotonicNanos=752225612384 state=READY version=2 reconnects=0 snapshots=1 staleIntervals=0 staleMillis=0.000000
switchboard-sample-service iteration=119 checkout-v2=false
runtime-evidence iteration=119 monotonicNanos=752329370676 state=READY version=2 reconnects=0 snapshots=1 staleIntervals=0 staleMillis=0.000000
switchboard-sample-service iteration=120 checkout-v2=false
runtime-evidence iteration=120 monotonicNanos=752430771343 state=READY version=2 reconnects=0 snapshots=1 staleIntervals=0 staleMillis=0.000000
switchboard-sample-service iteration=121 checkout-v2=false
runtime-evidence iteration=121 monotonicNanos=752531973134 state=READY version=2 reconnects=0 snapshots=1 staleIntervals=0 staleMillis=0.000000
switchboard-sample-service iteration=122 checkout-v2=false
runtime-evidence iteration=122 monotonicNanos=752633586426 state=READY version=2 reconnects=0 snapshots=1 staleIntervals=0 staleMillis=0.000000
switchboard-sample-service iteration=123 checkout-v2=false
runtime-evidence iteration=123 monotonicNanos=752734716468 state=READY version=2 reconnects=0 snapshots=1 staleIntervals=0 staleMillis=0.000000
switchboard-sample-service iteration=124 checkout-v2=false
runtime-evidence iteration=124 monotonicNanos=752835907051 state=READY version=2 reconnects=0 snapshots=1 staleIntervals=0 staleMillis=0.000000
switchboard-sample-service iteration=125 checkout-v2=false
runtime-evidence iteration=125 monotonicNanos=752940770718 state=READY version=2 reconnects=0 snapshots=1 staleIntervals=0 staleMillis=0.000000
switchboard-sample-service iteration=126 checkout-v2=false
runtime-evidence iteration=126 monotonicNanos=753042863385 state=READY version=2 reconnects=0 snapshots=1 staleIntervals=0 staleMillis=0.000000
switchboard-sample-service iteration=127 checkout-v2=false
runtime-evidence iteration=127 monotonicNanos=753144926635 state=READY version=2 reconnects=0 snapshots=1 staleIntervals=0 staleMillis=0.000000
switchboard-sample-service iteration=128 checkout-v2=false
runtime-evidence iteration=128 monotonicNanos=753249288593 state=READY version=2 reconnects=0 snapshots=1 staleIntervals=0 staleMillis=0.000000
switchboard-sample-service iteration=129 checkout-v2=false
runtime-evidence iteration=129 monotonicNanos=753353939843 state=READY version=2 reconnects=0 snapshots=1 staleIntervals=0 staleMillis=0.000000
switchboard-sample-service iteration=130 checkout-v2=false
runtime-evidence iteration=130 monotonicNanos=753455848802 state=READY version=2 reconnects=0 snapshots=1 staleIntervals=0 staleMillis=0.000000
switchboard-sample-service iteration=131 checkout-v2=false
runtime-evidence iteration=131 monotonicNanos=753559046302 state=READY version=2 reconnects=0 snapshots=1 staleIntervals=0 staleMillis=0.000000
switchboard-sample-service iteration=132 checkout-v2=false
runtime-evidence iteration=132 monotonicNanos=753660977718 state=READY version=2 reconnects=0 snapshots=1 staleIntervals=0 staleMillis=0.000000
switchboard-sample-service iteration=133 checkout-v2=false
runtime-evidence iteration=133 monotonicNanos=753762690802 state=READY version=2 reconnects=0 snapshots=1 staleIntervals=0 staleMillis=0.000000
switchboard-sample-service iteration=134 checkout-v2=false
runtime-evidence iteration=134 monotonicNanos=753863740927 state=READY version=2 reconnects=0 snapshots=1 staleIntervals=0 staleMillis=0.000000
switchboard-sample-service iteration=135 checkout-v2=false
runtime-evidence iteration=135 monotonicNanos=753965861677 state=READY version=2 reconnects=0 snapshots=1 staleIntervals=0 staleMillis=0.000000
switchboard-sample-service iteration=136 checkout-v2=false
runtime-evidence iteration=136 monotonicNanos=754067837385 state=READY version=2 reconnects=0 snapshots=1 staleIntervals=0 staleMillis=0.000000
switchboard-sample-service iteration=137 checkout-v2=false
runtime-evidence iteration=137 monotonicNanos=754169545885 state=READY version=2 reconnects=0 snapshots=1 staleIntervals=0 staleMillis=0.000000
switchboard-sample-service iteration=138 checkout-v2=false
runtime-evidence iteration=138 monotonicNanos=754270524177 state=READY version=2 reconnects=0 snapshots=1 staleIntervals=0 staleMillis=0.000000
switchboard-sample-service iteration=139 checkout-v2=false
runtime-evidence iteration=139 monotonicNanos=754371726219 state=READY version=2 reconnects=0 snapshots=1 staleIntervals=0 staleMillis=0.000000
switchboard-sample-service iteration=140 checkout-v2=false
runtime-evidence iteration=140 monotonicNanos=754472769677 state=READY version=2 reconnects=0 snapshots=1 staleIntervals=0 staleMillis=0.000000
switchboard-sample-service iteration=141 checkout-v2=false
runtime-evidence iteration=141 monotonicNanos=754574602760 state=READY version=2 reconnects=0 snapshots=1 staleIntervals=0 staleMillis=0.000000
switchboard-sample-service iteration=142 checkout-v2=false
runtime-evidence iteration=142 monotonicNanos=754675672344 state=READY version=2 reconnects=0 snapshots=1 staleIntervals=0 staleMillis=0.000000
switchboard-sample-service iteration=143 checkout-v2=false
runtime-evidence iteration=143 monotonicNanos=754776603094 state=READY version=2 reconnects=0 snapshots=1 staleIntervals=0 staleMillis=0.000000
switchboard-sample-service iteration=144 checkout-v2=false
runtime-evidence iteration=144 monotonicNanos=754877668219 state=READY version=2 reconnects=0 snapshots=1 staleIntervals=0 staleMillis=0.000000
switchboard-sample-service iteration=145 checkout-v2=false
runtime-evidence iteration=145 monotonicNanos=754979179052 state=READY version=2 reconnects=0 snapshots=1 staleIntervals=0 staleMillis=0.000000
switchboard-sample-service iteration=146 checkout-v2=false
runtime-evidence iteration=146 monotonicNanos=755080744052 state=READY version=2 reconnects=0 snapshots=1 staleIntervals=0 staleMillis=0.000000
switchboard-sample-service iteration=147 checkout-v2=false
runtime-evidence iteration=147 monotonicNanos=755181743136 state=READY version=2 reconnects=0 snapshots=1 staleIntervals=0 staleMillis=0.000000
switchboard-sample-service iteration=148 checkout-v2=false
runtime-evidence iteration=148 monotonicNanos=755288424052 state=READY version=2 reconnects=0 snapshots=1 staleIntervals=0 staleMillis=0.000000
switchboard-sample-service iteration=149 checkout-v2=false
runtime-evidence iteration=149 monotonicNanos=755389648636 state=READY version=2 reconnects=0 snapshots=1 staleIntervals=0 staleMillis=0.000000
switchboard-sample-service iteration=150 checkout-v2=false
runtime-evidence iteration=150 monotonicNanos=755490879261 state=READY version=2 reconnects=0 snapshots=1 staleIntervals=0 staleMillis=0.000000
switchboard-sample-service iteration=151 checkout-v2=false
runtime-evidence iteration=151 monotonicNanos=755593165719 state=READY version=2 reconnects=0 snapshots=1 staleIntervals=0 staleMillis=0.000000
switchboard-sample-service iteration=152 checkout-v2=false
runtime-evidence iteration=152 monotonicNanos=755694453094 state=READY version=2 reconnects=0 snapshots=1 staleIntervals=0 staleMillis=0.000000
switchboard-sample-service iteration=153 checkout-v2=false
runtime-evidence iteration=153 monotonicNanos=755795602678 state=READY version=2 reconnects=0 snapshots=1 staleIntervals=0 staleMillis=0.000000
switchboard-sample-service iteration=154 checkout-v2=false
runtime-evidence iteration=154 monotonicNanos=755896991761 state=READY version=2 reconnects=0 snapshots=1 staleIntervals=0 staleMillis=0.000000
switchboard-sample-service iteration=155 checkout-v2=false
runtime-evidence iteration=155 monotonicNanos=755998800969 state=READY version=2 reconnects=0 snapshots=1 staleIntervals=0 staleMillis=0.000000
switchboard-sample-service iteration=156 checkout-v2=false
runtime-evidence iteration=156 monotonicNanos=756100926469 state=READY version=2 reconnects=0 snapshots=1 staleIntervals=0 staleMillis=0.000000
switchboard-sample-service iteration=157 checkout-v2=false
runtime-evidence iteration=157 monotonicNanos=756203479178 state=READY version=2 reconnects=0 snapshots=1 staleIntervals=0 staleMillis=0.000000
switchboard-sample-service iteration=158 checkout-v2=false
runtime-evidence iteration=158 monotonicNanos=756304935303 state=READY version=2 reconnects=0 snapshots=1 staleIntervals=0 staleMillis=0.000000
switchboard-sample-service iteration=159 checkout-v2=false
runtime-evidence iteration=159 monotonicNanos=756405964470 state=READY version=2 reconnects=0 snapshots=1 staleIntervals=0 staleMillis=0.000000
switchboard-sample-service iteration=160 checkout-v2=false
runtime-evidence iteration=160 monotonicNanos=756506792678 state=READY version=2 reconnects=0 snapshots=1 staleIntervals=0 staleMillis=0.000000
switchboard-sample-service iteration=161 checkout-v2=false
runtime-evidence iteration=161 monotonicNanos=756607669261 state=READY version=2 reconnects=0 snapshots=1 staleIntervals=0 staleMillis=0.000000
switchboard-sample-service iteration=162 checkout-v2=false
runtime-evidence iteration=162 monotonicNanos=756709281136 state=READY version=2 reconnects=0 snapshots=1 staleIntervals=0 staleMillis=0.000000
switchboard-sample-service iteration=163 checkout-v2=false
runtime-evidence iteration=163 monotonicNanos=756810695595 state=READY version=2 reconnects=0 snapshots=1 staleIntervals=0 staleMillis=0.000000
switchboard-sample-service iteration=164 checkout-v2=false
runtime-evidence iteration=164 monotonicNanos=756911512136 state=READY version=2 reconnects=0 snapshots=1 staleIntervals=0 staleMillis=0.000000
switchboard-sample-service iteration=165 checkout-v2=false
runtime-evidence iteration=165 monotonicNanos=757012647970 state=READY version=2 reconnects=0 snapshots=1 staleIntervals=0 staleMillis=0.000000
switchboard-sample-service iteration=166 checkout-v2=false
runtime-evidence iteration=166 monotonicNanos=757113594637 state=READY version=2 reconnects=0 snapshots=1 staleIntervals=0 staleMillis=0.000000
switchboard-sample-service iteration=167 checkout-v2=false
runtime-evidence iteration=167 monotonicNanos=757214606053 state=READY version=2 reconnects=0 snapshots=1 staleIntervals=0 staleMillis=0.000000
switchboard-sample-service iteration=168 checkout-v2=false
runtime-evidence iteration=168 monotonicNanos=757315703303 state=READY version=2 reconnects=0 snapshots=1 staleIntervals=0 staleMillis=0.000000
switchboard-sample-service iteration=169 checkout-v2=false
runtime-evidence iteration=169 monotonicNanos=757416737887 state=READY version=2 reconnects=0 snapshots=1 staleIntervals=0 staleMillis=0.000000
switchboard-sample-service iteration=170 checkout-v2=false
runtime-evidence iteration=170 monotonicNanos=757519350762 state=READY version=2 reconnects=0 snapshots=1 staleIntervals=0 staleMillis=0.000000
switchboard-sample-service iteration=171 checkout-v2=false
runtime-evidence iteration=171 monotonicNanos=757621271053 state=READY version=2 reconnects=0 snapshots=1 staleIntervals=0 staleMillis=0.000000
switchboard-sample-service iteration=172 checkout-v2=false
runtime-evidence iteration=172 monotonicNanos=757724603304 state=READY version=2 reconnects=0 snapshots=1 staleIntervals=0 staleMillis=0.000000
switchboard-sample-service iteration=173 checkout-v2=false
runtime-evidence iteration=173 monotonicNanos=757825742762 state=READY version=2 reconnects=0 snapshots=1 staleIntervals=0 staleMillis=0.000000
switchboard-sample-service iteration=174 checkout-v2=false
runtime-evidence iteration=174 monotonicNanos=757926622137 state=READY version=2 reconnects=0 snapshots=1 staleIntervals=0 staleMillis=0.000000
switchboard-sample-service iteration=175 checkout-v2=false
runtime-evidence iteration=175 monotonicNanos=758027687762 state=READY version=2 reconnects=0 snapshots=1 staleIntervals=0 staleMillis=0.000000
switchboard-sample-service iteration=176 checkout-v2=false
runtime-evidence iteration=176 monotonicNanos=758128809679 state=READY_STALE version=2 reconnects=1 snapshots=1 staleIntervals=0 staleMillis=0.000000
switchboard-sample-service iteration=177 checkout-v2=false
runtime-evidence iteration=177 monotonicNanos=758230513720 state=READY_STALE version=2 reconnects=1 snapshots=1 staleIntervals=0 staleMillis=0.000000
switchboard-sample-service iteration=178 checkout-v2=false
runtime-evidence iteration=178 monotonicNanos=758331869387 state=READY_STALE version=2 reconnects=1 snapshots=1 staleIntervals=0 staleMillis=0.000000
switchboard-sample-service iteration=179 checkout-v2=false
runtime-evidence iteration=179 monotonicNanos=758433839554 state=READY_STALE version=2 reconnects=1 snapshots=1 staleIntervals=0 staleMillis=0.000000
switchboard-sample-service iteration=180 checkout-v2=false
runtime-evidence iteration=180 monotonicNanos=758534481512 state=READY_STALE version=2 reconnects=1 snapshots=1 staleIntervals=0 staleMillis=0.000000
switchboard-sample-service iteration=181 checkout-v2=false
runtime-evidence iteration=181 monotonicNanos=758635690262 state=READY_STALE version=2 reconnects=1 snapshots=1 staleIntervals=0 staleMillis=0.000000
switchboard-sample-service iteration=182 checkout-v2=false
runtime-evidence iteration=182 monotonicNanos=758737172471 state=READY version=2 reconnects=1 snapshots=1 staleIntervals=1 staleMillis=563.570875
switchboard-sample-service iteration=183 checkout-v2=false
runtime-evidence iteration=183 monotonicNanos=758838904429 state=READY version=2 reconnects=1 snapshots=1 staleIntervals=1 staleMillis=563.570875
switchboard-sample-service iteration=184 checkout-v2=false
runtime-evidence iteration=184 monotonicNanos=758939904512 state=READY version=2 reconnects=1 snapshots=1 staleIntervals=1 staleMillis=563.570875
switchboard-sample-service iteration=185 checkout-v2=false
runtime-evidence iteration=185 monotonicNanos=759042836971 state=READY version=2 reconnects=1 snapshots=1 staleIntervals=1 staleMillis=563.570875
switchboard-sample-service iteration=186 checkout-v2=false
runtime-evidence iteration=186 monotonicNanos=759144860263 state=READY version=2 reconnects=1 snapshots=1 staleIntervals=1 staleMillis=563.570875
switchboard-sample-service iteration=187 checkout-v2=false
runtime-evidence iteration=187 monotonicNanos=759246726763 state=READY version=2 reconnects=1 snapshots=1 staleIntervals=1 staleMillis=563.570875
switchboard-sample-service iteration=188 checkout-v2=false
runtime-evidence iteration=188 monotonicNanos=759347593971 state=READY version=2 reconnects=1 snapshots=1 staleIntervals=1 staleMillis=563.570875
switchboard-sample-service iteration=189 checkout-v2=false
runtime-evidence iteration=189 monotonicNanos=759448635263 state=READY version=2 reconnects=1 snapshots=1 staleIntervals=1 staleMillis=563.570875
switchboard-sample-service iteration=190 checkout-v2=false
runtime-evidence iteration=190 monotonicNanos=759549628513 state=READY version=2 reconnects=1 snapshots=1 staleIntervals=1 staleMillis=563.570875
switchboard-sample-service iteration=191 checkout-v2=false
runtime-evidence iteration=191 monotonicNanos=759651174471 state=READY version=2 reconnects=1 snapshots=1 staleIntervals=1 staleMillis=563.570875
switchboard-sample-service iteration=192 checkout-v2=false
runtime-evidence iteration=192 monotonicNanos=759753253888 state=READY version=2 reconnects=1 snapshots=1 staleIntervals=1 staleMillis=563.570875
switchboard-sample-service iteration=193 checkout-v2=false
runtime-evidence iteration=193 monotonicNanos=759855080805 state=READY version=2 reconnects=1 snapshots=1 staleIntervals=1 staleMillis=563.570875
switchboard-sample-service iteration=194 checkout-v2=false
runtime-evidence iteration=194 monotonicNanos=759956698805 state=READY version=2 reconnects=1 snapshots=1 staleIntervals=1 staleMillis=563.570875
switchboard-sample-service iteration=195 checkout-v2=false
runtime-evidence iteration=195 monotonicNanos=760058391055 state=READY version=2 reconnects=1 snapshots=1 staleIntervals=1 staleMillis=563.570875
switchboard-sample-service iteration=196 checkout-v2=false
runtime-evidence iteration=196 monotonicNanos=760159883596 state=READY version=2 reconnects=1 snapshots=1 staleIntervals=1 staleMillis=563.570875
switchboard-sample-service iteration=197 checkout-v2=false
runtime-evidence iteration=197 monotonicNanos=760260643596 state=READY version=2 reconnects=1 snapshots=1 staleIntervals=1 staleMillis=563.570875
switchboard-sample-service iteration=198 checkout-v2=false
runtime-evidence iteration=198 monotonicNanos=760361855513 state=READY version=2 reconnects=1 snapshots=1 staleIntervals=1 staleMillis=563.570875
switchboard-sample-service iteration=199 checkout-v2=false
runtime-evidence iteration=199 monotonicNanos=760463692180 state=READY version=2 reconnects=1 snapshots=1 staleIntervals=1 staleMillis=563.570875
switchboard-sample-service iteration=200 checkout-v2=false
runtime-evidence iteration=200 monotonicNanos=760564675180 state=READY version=2 reconnects=1 snapshots=1 staleIntervals=1 staleMillis=563.570875
switchboard-sample-service iteration=201 checkout-v2=false
runtime-evidence iteration=201 monotonicNanos=760666279888 state=READY version=2 reconnects=1 snapshots=1 staleIntervals=1 staleMillis=563.570875
switchboard-sample-service iteration=202 checkout-v2=false
runtime-evidence iteration=202 monotonicNanos=760767575513 state=READY version=2 reconnects=1 snapshots=1 staleIntervals=1 staleMillis=563.570875
switchboard-sample-service iteration=203 checkout-v2=false
runtime-evidence iteration=203 monotonicNanos=760869362597 state=READY version=2 reconnects=1 snapshots=1 staleIntervals=1 staleMillis=563.570875
switchboard-sample-service iteration=204 checkout-v2=false
runtime-evidence iteration=204 monotonicNanos=760972900138 state=READY version=2 reconnects=1 snapshots=1 staleIntervals=1 staleMillis=563.570875
switchboard-sample-service iteration=205 checkout-v2=false
runtime-evidence iteration=205 monotonicNanos=761075204847 state=READY version=2 reconnects=1 snapshots=1 staleIntervals=1 staleMillis=563.570875
switchboard-sample-service iteration=206 checkout-v2=false
runtime-evidence iteration=206 monotonicNanos=761176791722 state=READY version=2 reconnects=1 snapshots=1 staleIntervals=1 staleMillis=563.570875
switchboard-sample-service iteration=207 checkout-v2=false
runtime-evidence iteration=207 monotonicNanos=761278505055 state=READY version=2 reconnects=1 snapshots=1 staleIntervals=1 staleMillis=563.570875
switchboard-sample-service iteration=208 checkout-v2=false
runtime-evidence iteration=208 monotonicNanos=761380478889 state=READY version=2 reconnects=1 snapshots=1 staleIntervals=1 staleMillis=563.570875
switchboard-sample-service iteration=209 checkout-v2=false
runtime-evidence iteration=209 monotonicNanos=761482124014 state=READY version=2 reconnects=1 snapshots=1 staleIntervals=1 staleMillis=563.570875
switchboard-sample-service iteration=210 checkout-v2=false
runtime-evidence iteration=210 monotonicNanos=761583669180 state=READY version=2 reconnects=1 snapshots=1 staleIntervals=1 staleMillis=563.570875
switchboard-sample-service iteration=211 checkout-v2=false
runtime-evidence iteration=211 monotonicNanos=761685852680 state=READY version=2 reconnects=1 snapshots=1 staleIntervals=1 staleMillis=563.570875
switchboard-sample-service iteration=212 checkout-v2=false
runtime-evidence iteration=212 monotonicNanos=761787599639 state=READY version=2 reconnects=1 snapshots=1 staleIntervals=1 staleMillis=563.570875
switchboard-sample-service iteration=213 checkout-v2=false
runtime-evidence iteration=213 monotonicNanos=761888639639 state=READY version=2 reconnects=1 snapshots=1 staleIntervals=1 staleMillis=563.570875
switchboard-sample-service iteration=214 checkout-v2=false
runtime-evidence iteration=214 monotonicNanos=761989854639 state=READY version=2 reconnects=1 snapshots=1 staleIntervals=1 staleMillis=563.570875
switchboard-sample-service iteration=215 checkout-v2=false
runtime-evidence iteration=215 monotonicNanos=762091689931 state=READY version=2 reconnects=1 snapshots=1 staleIntervals=1 staleMillis=563.570875
switchboard-sample-service iteration=216 checkout-v2=false
runtime-evidence iteration=216 monotonicNanos=762192675556 state=READY version=2 reconnects=1 snapshots=1 staleIntervals=1 staleMillis=563.570875
switchboard-sample-service iteration=217 checkout-v2=false
runtime-evidence iteration=217 monotonicNanos=762293572139 state=READY version=2 reconnects=1 snapshots=1 staleIntervals=1 staleMillis=563.570875
switchboard-sample-service iteration=218 checkout-v2=false
runtime-evidence iteration=218 monotonicNanos=762394574347 state=READY version=2 reconnects=1 snapshots=1 staleIntervals=1 staleMillis=563.570875
switchboard-sample-service iteration=219 checkout-v2=false
runtime-evidence iteration=219 monotonicNanos=762495592472 state=READY version=2 reconnects=1 snapshots=1 staleIntervals=1 staleMillis=563.570875
switchboard-sample-service iteration=220 checkout-v2=false
runtime-evidence iteration=220 monotonicNanos=762596804264 state=READY version=2 reconnects=1 snapshots=1 staleIntervals=1 staleMillis=563.570875
switchboard-sample-service iteration=221 checkout-v2=false
runtime-evidence iteration=221 monotonicNanos=762698754264 state=READY version=2 reconnects=1 snapshots=1 staleIntervals=1 staleMillis=563.570875
switchboard-sample-service iteration=222 checkout-v2=false
runtime-evidence iteration=222 monotonicNanos=762799855431 state=READY version=2 reconnects=1 snapshots=1 staleIntervals=1 staleMillis=563.570875
switchboard-sample-service iteration=223 checkout-v2=false
runtime-evidence iteration=223 monotonicNanos=762900801723 state=READY version=2 reconnects=1 snapshots=1 staleIntervals=1 staleMillis=563.570875
switchboard-sample-service iteration=224 checkout-v2=false
runtime-evidence iteration=224 monotonicNanos=763001551056 state=READY version=2 reconnects=1 snapshots=1 staleIntervals=1 staleMillis=563.570875
switchboard-sample-service iteration=225 checkout-v2=false
runtime-evidence iteration=225 monotonicNanos=763102585223 state=READY version=2 reconnects=1 snapshots=1 staleIntervals=1 staleMillis=563.570875
switchboard-sample-service iteration=226 checkout-v2=false
runtime-evidence iteration=226 monotonicNanos=763203499098 state=READY version=2 reconnects=1 snapshots=1 staleIntervals=1 staleMillis=563.570875
switchboard-sample-service iteration=227 checkout-v2=false
runtime-evidence iteration=227 monotonicNanos=763304806390 state=READY version=2 reconnects=1 snapshots=1 staleIntervals=1 staleMillis=563.570875
switchboard-sample-service iteration=228 checkout-v2=false
runtime-evidence iteration=228 monotonicNanos=763406835473 state=READY version=2 reconnects=1 snapshots=1 staleIntervals=1 staleMillis=563.570875
switchboard-sample-service iteration=229 checkout-v2=false
runtime-evidence iteration=229 monotonicNanos=763509428015 state=READY version=2 reconnects=1 snapshots=1 staleIntervals=1 staleMillis=563.570875
switchboard-sample-service iteration=230 checkout-v2=false
runtime-evidence iteration=230 monotonicNanos=763611962265 state=READY version=2 reconnects=1 snapshots=1 staleIntervals=1 staleMillis=563.570875
switchboard-sample-service iteration=231 checkout-v2=false
runtime-evidence iteration=231 monotonicNanos=763713876931 state=READY version=2 reconnects=1 snapshots=1 staleIntervals=1 staleMillis=563.570875
switchboard-sample-service iteration=232 checkout-v2=false
runtime-evidence iteration=232 monotonicNanos=763816111098 state=READY version=2 reconnects=1 snapshots=1 staleIntervals=1 staleMillis=563.570875
switchboard-sample-service iteration=233 checkout-v2=false
runtime-evidence iteration=233 monotonicNanos=763918545640 state=READY version=2 reconnects=1 snapshots=1 staleIntervals=1 staleMillis=563.570875
switchboard-sample-service iteration=234 checkout-v2=false
runtime-evidence iteration=234 monotonicNanos=764021872723 state=READY version=2 reconnects=1 snapshots=1 staleIntervals=1 staleMillis=563.570875
switchboard-sample-service iteration=235 checkout-v2=false
runtime-evidence iteration=235 monotonicNanos=764126372182 state=READY version=2 reconnects=1 snapshots=1 staleIntervals=1 staleMillis=563.570875
switchboard-sample-service iteration=236 checkout-v2=false
runtime-evidence iteration=236 monotonicNanos=764228040848 state=READY version=2 reconnects=1 snapshots=1 staleIntervals=1 staleMillis=563.570875
switchboard-sample-service iteration=237 checkout-v2=false
runtime-evidence iteration=237 monotonicNanos=764329873182 state=READY version=2 reconnects=1 snapshots=1 staleIntervals=1 staleMillis=563.570875
switchboard-sample-service iteration=238 checkout-v2=false
runtime-evidence iteration=238 monotonicNanos=764431726348 state=READY version=2 reconnects=1 snapshots=1 staleIntervals=1 staleMillis=563.570875
switchboard-sample-service iteration=239 checkout-v2=false
runtime-evidence iteration=239 monotonicNanos=764534648265 state=READY version=2 reconnects=1 snapshots=1 staleIntervals=1 staleMillis=563.570875
switchboard-sample-service iteration=240 checkout-v2=false
runtime-evidence iteration=240 monotonicNanos=764635975474 state=READY version=2 reconnects=1 snapshots=1 staleIntervals=1 staleMillis=563.570875
switchboard-sample-service iteration=241 checkout-v2=false
runtime-evidence iteration=241 monotonicNanos=764738828349 state=READY version=2 reconnects=1 snapshots=1 staleIntervals=1 staleMillis=563.570875
switchboard-sample-service iteration=242 checkout-v2=false
runtime-evidence iteration=242 monotonicNanos=764841567057 state=READY version=2 reconnects=1 snapshots=1 staleIntervals=1 staleMillis=563.570875
switchboard-sample-service iteration=243 checkout-v2=false
runtime-evidence iteration=243 monotonicNanos=764943084557 state=READY version=2 reconnects=1 snapshots=1 staleIntervals=1 staleMillis=563.570875
switchboard-sample-service iteration=244 checkout-v2=false
runtime-evidence iteration=244 monotonicNanos=765044624057 state=READY version=2 reconnects=1 snapshots=1 staleIntervals=1 staleMillis=563.570875
switchboard-sample-service iteration=245 checkout-v2=false
runtime-evidence iteration=245 monotonicNanos=765146703765 state=READY version=2 reconnects=1 snapshots=1 staleIntervals=1 staleMillis=563.570875
switchboard-sample-service iteration=246 checkout-v2=false
runtime-evidence iteration=246 monotonicNanos=765249556307 state=READY version=2 reconnects=1 snapshots=1 staleIntervals=1 staleMillis=563.570875
switchboard-sample-service iteration=247 checkout-v2=false
runtime-evidence iteration=247 monotonicNanos=765350958807 state=READY version=2 reconnects=1 snapshots=1 staleIntervals=1 staleMillis=563.570875
switchboard-sample-service iteration=248 checkout-v2=false
runtime-evidence iteration=248 monotonicNanos=765452988141 state=READY version=2 reconnects=1 snapshots=1 staleIntervals=1 staleMillis=563.570875
switchboard-sample-service iteration=249 checkout-v2=false
runtime-evidence iteration=249 monotonicNanos=765556278266 state=READY version=2 reconnects=1 snapshots=1 staleIntervals=1 staleMillis=563.570875
switchboard-sample-service iteration=250 checkout-v2=false
runtime-evidence iteration=250 monotonicNanos=765657777307 state=READY version=2 reconnects=1 snapshots=1 staleIntervals=1 staleMillis=563.570875
switchboard-sample-service iteration=251 checkout-v2=false
runtime-evidence iteration=251 monotonicNanos=765759629849 state=READY version=2 reconnects=1 snapshots=1 staleIntervals=1 staleMillis=563.570875
switchboard-sample-service iteration=252 checkout-v2=false
runtime-evidence iteration=252 monotonicNanos=765860763432 state=READY version=2 reconnects=1 snapshots=1 staleIntervals=1 staleMillis=563.570875
switchboard-sample-service iteration=253 checkout-v2=false
runtime-evidence iteration=253 monotonicNanos=765962454474 state=READY version=2 reconnects=1 snapshots=1 staleIntervals=1 staleMillis=563.570875
switchboard-sample-service iteration=254 checkout-v2=false
runtime-evidence iteration=254 monotonicNanos=766063800391 state=READY version=2 reconnects=1 snapshots=1 staleIntervals=1 staleMillis=563.570875
switchboard-sample-service iteration=255 checkout-v2=false
runtime-evidence iteration=255 monotonicNanos=766165382099 state=READY version=2 reconnects=1 snapshots=1 staleIntervals=1 staleMillis=563.570875
switchboard-sample-service iteration=256 checkout-v2=false
runtime-evidence iteration=256 monotonicNanos=766266768183 state=READY version=2 reconnects=1 snapshots=1 staleIntervals=1 staleMillis=563.570875
switchboard-sample-service iteration=257 checkout-v2=false
runtime-evidence iteration=257 monotonicNanos=766367787974 state=READY version=2 reconnects=1 snapshots=1 staleIntervals=1 staleMillis=563.570875
switchboard-sample-service iteration=258 checkout-v2=false
runtime-evidence iteration=258 monotonicNanos=766470153849 state=READY version=2 reconnects=1 snapshots=1 staleIntervals=1 staleMillis=563.570875
switchboard-sample-service iteration=259 checkout-v2=false
runtime-evidence iteration=259 monotonicNanos=766571912849 state=READY version=2 reconnects=1 snapshots=1 staleIntervals=1 staleMillis=563.570875
switchboard-sample-service iteration=260 checkout-v2=false
runtime-evidence iteration=260 monotonicNanos=766673909474 state=READY version=2 reconnects=1 snapshots=1 staleIntervals=1 staleMillis=563.570875
switchboard-sample-service iteration=261 checkout-v2=false
runtime-evidence iteration=261 monotonicNanos=766777069558 state=READY version=2 reconnects=1 snapshots=1 staleIntervals=1 staleMillis=563.570875
switchboard-sample-service iteration=262 checkout-v2=false
runtime-evidence iteration=262 monotonicNanos=766883032016 state=READY version=2 reconnects=1 snapshots=1 staleIntervals=1 staleMillis=563.570875
switchboard-sample-service iteration=263 checkout-v2=false
runtime-evidence iteration=263 monotonicNanos=766985519016 state=READY version=2 reconnects=1 snapshots=1 staleIntervals=1 staleMillis=563.570875
switchboard-sample-service iteration=264 checkout-v2=false
runtime-evidence iteration=264 monotonicNanos=767088520016 state=READY version=2 reconnects=1 snapshots=1 staleIntervals=1 staleMillis=563.570875
switchboard-sample-service iteration=265 checkout-v2=false
runtime-evidence iteration=265 monotonicNanos=767191514766 state=READY version=2 reconnects=1 snapshots=1 staleIntervals=1 staleMillis=563.570875
switchboard-sample-service iteration=266 checkout-v2=false
runtime-evidence iteration=266 monotonicNanos=767293174183 state=READY version=2 reconnects=1 snapshots=1 staleIntervals=1 staleMillis=563.570875
switchboard-sample-service iteration=267 checkout-v2=false
runtime-evidence iteration=267 monotonicNanos=767395431641 state=READY version=2 reconnects=1 snapshots=1 staleIntervals=1 staleMillis=563.570875
switchboard-sample-service iteration=268 checkout-v2=false
runtime-evidence iteration=268 monotonicNanos=767497896308 state=READY version=2 reconnects=1 snapshots=1 staleIntervals=1 staleMillis=563.570875
switchboard-sample-service iteration=269 checkout-v2=false
runtime-evidence iteration=269 monotonicNanos=767602423058 state=READY version=2 reconnects=1 snapshots=1 staleIntervals=1 staleMillis=563.570875
switchboard-sample-service iteration=270 checkout-v2=false
runtime-evidence iteration=270 monotonicNanos=767703794767 state=READY version=2 reconnects=1 snapshots=1 staleIntervals=1 staleMillis=563.570875
switchboard-sample-service iteration=271 checkout-v2=false
runtime-evidence iteration=271 monotonicNanos=767806136058 state=READY version=2 reconnects=1 snapshots=1 staleIntervals=1 staleMillis=563.570875
switchboard-sample-service iteration=272 checkout-v2=false
runtime-evidence iteration=272 monotonicNanos=767908171308 state=READY version=2 reconnects=1 snapshots=1 staleIntervals=1 staleMillis=563.570875
switchboard-sample-service iteration=273 checkout-v2=false
runtime-evidence iteration=273 monotonicNanos=768009749183 state=READY version=2 reconnects=1 snapshots=1 staleIntervals=1 staleMillis=563.570875
switchboard-sample-service iteration=274 checkout-v2=false
runtime-evidence iteration=274 monotonicNanos=768111755808 state=READY version=2 reconnects=1 snapshots=1 staleIntervals=1 staleMillis=563.570875
switchboard-sample-service iteration=275 checkout-v2=false
runtime-evidence iteration=275 monotonicNanos=768216829850 state=READY version=2 reconnects=1 snapshots=1 staleIntervals=1 staleMillis=563.570875
switchboard-sample-service iteration=276 checkout-v2=false
runtime-evidence iteration=276 monotonicNanos=768318632892 state=READY version=2 reconnects=1 snapshots=1 staleIntervals=1 staleMillis=563.570875
switchboard-sample-service iteration=277 checkout-v2=false
runtime-evidence iteration=277 monotonicNanos=768420272725 state=READY version=2 reconnects=1 snapshots=1 staleIntervals=1 staleMillis=563.570875
switchboard-sample-service iteration=278 checkout-v2=false
runtime-evidence iteration=278 monotonicNanos=768521819225 state=READY version=2 reconnects=1 snapshots=1 staleIntervals=1 staleMillis=563.570875
switchboard-sample-service iteration=279 checkout-v2=false
runtime-evidence iteration=279 monotonicNanos=768623790100 state=READY version=2 reconnects=1 snapshots=1 staleIntervals=1 staleMillis=563.570875
switchboard-sample-service iteration=280 checkout-v2=false
runtime-evidence iteration=280 monotonicNanos=768725422809 state=READY version=2 reconnects=1 snapshots=1 staleIntervals=1 staleMillis=563.570875
switchboard-sample-service iteration=281 checkout-v2=false
runtime-evidence iteration=281 monotonicNanos=768827151517 state=READY version=2 reconnects=1 snapshots=1 staleIntervals=1 staleMillis=563.570875
switchboard-sample-service iteration=282 checkout-v2=false
runtime-evidence iteration=282 monotonicNanos=768929637351 state=READY version=2 reconnects=1 snapshots=1 staleIntervals=1 staleMillis=563.570875
switchboard-sample-service iteration=283 checkout-v2=false
runtime-evidence iteration=283 monotonicNanos=769033561601 state=READY version=2 reconnects=1 snapshots=1 staleIntervals=1 staleMillis=563.570875
switchboard-sample-service iteration=284 checkout-v2=false
runtime-evidence iteration=284 monotonicNanos=769135544184 state=READY version=2 reconnects=1 snapshots=1 staleIntervals=1 staleMillis=563.570875
switchboard-sample-service iteration=285 checkout-v2=false
runtime-evidence iteration=285 monotonicNanos=769240441309 state=READY version=2 reconnects=1 snapshots=1 staleIntervals=1 staleMillis=563.570875
switchboard-sample-service iteration=286 checkout-v2=false
runtime-evidence iteration=286 monotonicNanos=769341607684 state=READY version=2 reconnects=1 snapshots=1 staleIntervals=1 staleMillis=563.570875
switchboard-sample-service iteration=287 checkout-v2=false
runtime-evidence iteration=287 monotonicNanos=769442998101 state=READY version=2 reconnects=1 snapshots=1 staleIntervals=1 staleMillis=563.570875
switchboard-sample-service iteration=288 checkout-v2=false
runtime-evidence iteration=288 monotonicNanos=769544558101 state=READY version=2 reconnects=1 snapshots=1 staleIntervals=1 staleMillis=563.570875
switchboard-sample-service iteration=289 checkout-v2=false
runtime-evidence iteration=289 monotonicNanos=769648202684 state=READY version=2 reconnects=1 snapshots=1 staleIntervals=1 staleMillis=563.570875
switchboard-sample-service iteration=290 checkout-v2=false
runtime-evidence iteration=290 monotonicNanos=769750849226 state=READY version=2 reconnects=1 snapshots=1 staleIntervals=1 staleMillis=563.570875
switchboard-sample-service iteration=291 checkout-v2=false
runtime-evidence iteration=291 monotonicNanos=769856495934 state=READY version=2 reconnects=1 snapshots=1 staleIntervals=1 staleMillis=563.570875
switchboard-sample-service iteration=292 checkout-v2=false
runtime-evidence iteration=292 monotonicNanos=769958365809 state=READY version=2 reconnects=1 snapshots=1 staleIntervals=1 staleMillis=563.570875
switchboard-sample-service iteration=293 checkout-v2=false
runtime-evidence iteration=293 monotonicNanos=770059929184 state=READY version=2 reconnects=1 snapshots=1 staleIntervals=1 staleMillis=563.570875
switchboard-sample-service iteration=294 checkout-v2=false
runtime-evidence iteration=294 monotonicNanos=770161926934 state=READY version=2 reconnects=1 snapshots=1 staleIntervals=1 staleMillis=563.570875
switchboard-sample-service iteration=295 checkout-v2=false
runtime-evidence iteration=295 monotonicNanos=770264085268 state=READY version=2 reconnects=1 snapshots=1 staleIntervals=1 staleMillis=563.570875
switchboard-sample-service iteration=296 checkout-v2=false
runtime-evidence iteration=296 monotonicNanos=770366747935 state=READY version=2 reconnects=1 snapshots=1 staleIntervals=1 staleMillis=563.570875
switchboard-sample-service iteration=297 checkout-v2=false
runtime-evidence iteration=297 monotonicNanos=770468730060 state=READY version=2 reconnects=1 snapshots=1 staleIntervals=1 staleMillis=563.570875
switchboard-sample-service iteration=298 checkout-v2=false
runtime-evidence iteration=298 monotonicNanos=770570911976 state=READY version=2 reconnects=1 snapshots=1 staleIntervals=1 staleMillis=563.570875
switchboard-sample-service iteration=299 checkout-v2=false
runtime-evidence iteration=299 monotonicNanos=770673040226 state=READY version=2 reconnects=1 snapshots=1 staleIntervals=1 staleMillis=563.570875
switchboard-sample-service iteration=300 checkout-v2=false
runtime-evidence iteration=300 monotonicNanos=770774716560 state=READY version=2 reconnects=1 snapshots=1 staleIntervals=1 staleMillis=563.570875
switchboard-sample-service iteration=301 checkout-v2=false
runtime-evidence iteration=301 monotonicNanos=770876732518 state=READY version=2 reconnects=1 snapshots=1 staleIntervals=1 staleMillis=563.570875
switchboard-sample-service iteration=302 checkout-v2=false
runtime-evidence iteration=302 monotonicNanos=770977680602 state=READY version=2 reconnects=1 snapshots=1 staleIntervals=1 staleMillis=563.570875
switchboard-sample-service iteration=303 checkout-v2=false
runtime-evidence iteration=303 monotonicNanos=771079941185 state=READY version=2 reconnects=1 snapshots=1 staleIntervals=1 staleMillis=563.570875
switchboard-sample-service iteration=304 checkout-v2=false
runtime-evidence iteration=304 monotonicNanos=771182104018 state=READY version=2 reconnects=1 snapshots=1 staleIntervals=1 staleMillis=563.570875
switchboard-sample-service iteration=305 checkout-v2=false
runtime-evidence iteration=305 monotonicNanos=771283914685 state=READY version=2 reconnects=1 snapshots=1 staleIntervals=1 staleMillis=563.570875
switchboard-sample-service iteration=306 checkout-v2=false
runtime-evidence iteration=306 monotonicNanos=771385272310 state=READY version=2 reconnects=1 snapshots=1 staleIntervals=1 staleMillis=563.570875
switchboard-sample-service iteration=307 checkout-v2=false
runtime-evidence iteration=307 monotonicNanos=771487368393 state=READY version=2 reconnects=1 snapshots=1 staleIntervals=1 staleMillis=563.570875
switchboard-sample-service iteration=308 checkout-v2=false
runtime-evidence iteration=308 monotonicNanos=771589732977 state=READY version=2 reconnects=1 snapshots=1 staleIntervals=1 staleMillis=563.570875
switchboard-sample-service iteration=309 checkout-v2=false
runtime-evidence iteration=309 monotonicNanos=771692193852 state=READY version=2 reconnects=1 snapshots=1 staleIntervals=1 staleMillis=563.570875
switchboard-sample-service iteration=310 checkout-v2=false
runtime-evidence iteration=310 monotonicNanos=771794602394 state=READY version=2 reconnects=1 snapshots=1 staleIntervals=1 staleMillis=563.570875
switchboard-sample-service iteration=311 checkout-v2=false
runtime-evidence iteration=311 monotonicNanos=771895503644 state=READY version=2 reconnects=1 snapshots=1 staleIntervals=1 staleMillis=563.570875
switchboard-sample-service iteration=312 checkout-v2=false
runtime-evidence iteration=312 monotonicNanos=772000024852 state=READY version=2 reconnects=1 snapshots=1 staleIntervals=1 staleMillis=563.570875
switchboard-sample-service iteration=313 checkout-v2=false
runtime-evidence iteration=313 monotonicNanos=772103250394 state=READY version=2 reconnects=1 snapshots=1 staleIntervals=1 staleMillis=563.570875
switchboard-sample-service iteration=314 checkout-v2=false
runtime-evidence iteration=314 monotonicNanos=772206369060 state=READY version=2 reconnects=1 snapshots=1 staleIntervals=1 staleMillis=563.570875
switchboard-sample-service iteration=315 checkout-v2=false
runtime-evidence iteration=315 monotonicNanos=772307480852 state=READY version=2 reconnects=1 snapshots=1 staleIntervals=1 staleMillis=563.570875
switchboard-sample-service iteration=316 checkout-v2=false
runtime-evidence iteration=316 monotonicNanos=772409391686 state=READY version=2 reconnects=1 snapshots=1 staleIntervals=1 staleMillis=563.570875
switchboard-sample-service iteration=317 checkout-v2=false
runtime-evidence iteration=317 monotonicNanos=772512983477 state=READY version=2 reconnects=1 snapshots=1 staleIntervals=1 staleMillis=563.570875
switchboard-sample-service iteration=318 checkout-v2=false
runtime-evidence iteration=318 monotonicNanos=772615200352 state=READY version=2 reconnects=1 snapshots=1 staleIntervals=1 staleMillis=563.570875
switchboard-sample-service iteration=319 checkout-v2=false
runtime-evidence iteration=319 monotonicNanos=772717909352 state=READY version=2 reconnects=1 snapshots=1 staleIntervals=1 staleMillis=563.570875
switchboard-sample-service iteration=320 checkout-v2=false
runtime-evidence iteration=320 monotonicNanos=772819924436 state=READY version=2 reconnects=1 snapshots=1 staleIntervals=1 staleMillis=563.570875
switchboard-sample-service iteration=321 checkout-v2=false
runtime-evidence iteration=321 monotonicNanos=772924051061 state=READY version=2 reconnects=1 snapshots=1 staleIntervals=1 staleMillis=563.570875
switchboard-sample-service iteration=322 checkout-v2=false
runtime-evidence iteration=322 monotonicNanos=773025651436 state=READY version=2 reconnects=1 snapshots=1 staleIntervals=1 staleMillis=563.570875
switchboard-sample-service iteration=323 checkout-v2=false
runtime-evidence iteration=323 monotonicNanos=773128229353 state=READY version=2 reconnects=1 snapshots=1 staleIntervals=1 staleMillis=563.570875
switchboard-sample-service iteration=324 checkout-v2=false
runtime-evidence iteration=324 monotonicNanos=773232848936 state=READY version=2 reconnects=1 snapshots=1 staleIntervals=1 staleMillis=563.570875
switchboard-sample-service iteration=325 checkout-v2=false
runtime-evidence iteration=325 monotonicNanos=773335312269 state=READY version=2 reconnects=1 snapshots=1 staleIntervals=1 staleMillis=563.570875
switchboard-sample-service iteration=326 checkout-v2=false
runtime-evidence iteration=326 monotonicNanos=773438075644 state=READY version=2 reconnects=1 snapshots=1 staleIntervals=1 staleMillis=563.570875
switchboard-sample-service iteration=327 checkout-v2=false
runtime-evidence iteration=327 monotonicNanos=773539992186 state=READY version=2 reconnects=1 snapshots=1 staleIntervals=1 staleMillis=563.570875
switchboard-sample-service iteration=328 checkout-v2=false
runtime-evidence iteration=328 monotonicNanos=773642157228 state=READY version=2 reconnects=1 snapshots=1 staleIntervals=1 staleMillis=563.570875
switchboard-sample-service iteration=329 checkout-v2=false
runtime-evidence iteration=329 monotonicNanos=773744451436 state=READY version=2 reconnects=1 snapshots=1 staleIntervals=1 staleMillis=563.570875
switchboard-sample-service iteration=330 checkout-v2=false
runtime-evidence iteration=330 monotonicNanos=773849522811 state=READY version=2 reconnects=1 snapshots=1 staleIntervals=1 staleMillis=563.570875
switchboard-sample-service iteration=331 checkout-v2=false
runtime-evidence iteration=331 monotonicNanos=773951164853 state=READY version=2 reconnects=1 snapshots=1 staleIntervals=1 staleMillis=563.570875
switchboard-sample-service iteration=332 checkout-v2=false
runtime-evidence iteration=332 monotonicNanos=774052518478 state=READY version=2 reconnects=1 snapshots=1 staleIntervals=1 staleMillis=563.570875
switchboard-sample-service iteration=333 checkout-v2=false
runtime-evidence iteration=333 monotonicNanos=774155227270 state=READY version=2 reconnects=1 snapshots=1 staleIntervals=1 staleMillis=563.570875
switchboard-sample-service iteration=334 checkout-v2=false
runtime-evidence iteration=334 monotonicNanos=774259540311 state=READY version=2 reconnects=1 snapshots=1 staleIntervals=1 staleMillis=563.570875
switchboard-sample-service iteration=335 checkout-v2=false
runtime-evidence iteration=335 monotonicNanos=774360704061 state=READY version=2 reconnects=1 snapshots=1 staleIntervals=1 staleMillis=563.570875
switchboard-sample-service iteration=336 checkout-v2=false
runtime-evidence iteration=336 monotonicNanos=774462836187 state=READY version=2 reconnects=1 snapshots=1 staleIntervals=1 staleMillis=563.570875
switchboard-sample-service iteration=337 checkout-v2=false
runtime-evidence iteration=337 monotonicNanos=774564642270 state=READY version=2 reconnects=1 snapshots=1 staleIntervals=1 staleMillis=563.570875
switchboard-sample-service iteration=338 checkout-v2=false
runtime-evidence iteration=338 monotonicNanos=774666147145 state=READY version=2 reconnects=1 snapshots=1 staleIntervals=1 staleMillis=563.570875
switchboard-sample-service iteration=339 checkout-v2=false
runtime-evidence iteration=339 monotonicNanos=774770509020 state=READY version=2 reconnects=1 snapshots=1 staleIntervals=1 staleMillis=563.570875
switchboard-sample-service iteration=340 checkout-v2=false
runtime-evidence iteration=340 monotonicNanos=774872707062 state=READY version=2 reconnects=1 snapshots=1 staleIntervals=1 staleMillis=563.570875
switchboard-sample-service iteration=341 checkout-v2=false
runtime-evidence iteration=341 monotonicNanos=774974927853 state=READY version=2 reconnects=1 snapshots=1 staleIntervals=1 staleMillis=563.570875
switchboard-sample-service iteration=342 checkout-v2=false
runtime-evidence iteration=342 monotonicNanos=775078429853 state=READY version=2 reconnects=1 snapshots=1 staleIntervals=1 staleMillis=563.570875
switchboard-sample-service iteration=343 checkout-v2=false
runtime-evidence iteration=343 monotonicNanos=775179982270 state=READY version=2 reconnects=1 snapshots=1 staleIntervals=1 staleMillis=563.570875
switchboard-sample-service iteration=344 checkout-v2=false
runtime-evidence iteration=344 monotonicNanos=775283048937 state=READY version=2 reconnects=1 snapshots=1 staleIntervals=1 staleMillis=563.570875
switchboard-sample-service iteration=345 checkout-v2=false
runtime-evidence iteration=345 monotonicNanos=775384900395 state=READY version=2 reconnects=1 snapshots=1 staleIntervals=1 staleMillis=563.570875
switchboard-sample-service iteration=346 checkout-v2=false
runtime-evidence iteration=346 monotonicNanos=775488993729 state=READY version=2 reconnects=1 snapshots=1 staleIntervals=1 staleMillis=563.570875
switchboard-sample-service iteration=347 checkout-v2=false
runtime-evidence iteration=347 monotonicNanos=775594404937 state=READY version=2 reconnects=1 snapshots=1 staleIntervals=1 staleMillis=563.570875
switchboard-sample-service iteration=348 checkout-v2=false
runtime-evidence iteration=348 monotonicNanos=775695665270 state=READY version=2 reconnects=1 snapshots=1 staleIntervals=1 staleMillis=563.570875
switchboard-sample-service iteration=349 checkout-v2=false
runtime-evidence iteration=349 monotonicNanos=775797575729 state=READY version=2 reconnects=1 snapshots=1 staleIntervals=1 staleMillis=563.570875
switchboard-sample-service iteration=350 checkout-v2=false
runtime-evidence iteration=350 monotonicNanos=775899300979 state=READY version=2 reconnects=1 snapshots=1 staleIntervals=1 staleMillis=563.570875
switchboard-sample-service iteration=351 checkout-v2=false
runtime-evidence iteration=351 monotonicNanos=776001118604 state=READY version=2 reconnects=1 snapshots=1 staleIntervals=1 staleMillis=563.570875
switchboard-sample-service iteration=352 checkout-v2=false
runtime-evidence iteration=352 monotonicNanos=776103196729 state=READY version=2 reconnects=1 snapshots=1 staleIntervals=1 staleMillis=563.570875
switchboard-sample-service iteration=353 checkout-v2=false
runtime-evidence iteration=353 monotonicNanos=776206701937 state=READY version=2 reconnects=1 snapshots=1 staleIntervals=1 staleMillis=563.570875
switchboard-sample-service iteration=354 checkout-v2=false
runtime-evidence iteration=354 monotonicNanos=776307865729 state=READY version=2 reconnects=1 snapshots=1 staleIntervals=1 staleMillis=563.570875
switchboard-sample-service iteration=355 checkout-v2=false
runtime-evidence iteration=355 monotonicNanos=776409826354 state=READY version=2 reconnects=1 snapshots=1 staleIntervals=1 staleMillis=563.570875
switchboard-sample-service iteration=356 checkout-v2=false
runtime-evidence iteration=356 monotonicNanos=776510978979 state=READY version=2 reconnects=1 snapshots=1 staleIntervals=1 staleMillis=563.570875
switchboard-sample-service iteration=357 checkout-v2=false
runtime-evidence iteration=357 monotonicNanos=776613230688 state=READY version=2 reconnects=1 snapshots=1 staleIntervals=1 staleMillis=563.570875
switchboard-sample-service iteration=358 checkout-v2=false
runtime-evidence iteration=358 monotonicNanos=776714184021 state=READY version=2 reconnects=1 snapshots=1 staleIntervals=1 staleMillis=563.570875
switchboard-sample-service iteration=359 checkout-v2=false
runtime-evidence iteration=359 monotonicNanos=776815126646 state=READY version=2 reconnects=1 snapshots=1 staleIntervals=1 staleMillis=563.570875
switchboard-sample-service iteration=360 checkout-v2=false
runtime-evidence iteration=360 monotonicNanos=776916885854 state=READY version=2 reconnects=1 snapshots=1 staleIntervals=1 staleMillis=563.570875
switchboard-sample-service iteration=361 checkout-v2=false
runtime-evidence iteration=361 monotonicNanos=777018864354 state=READY version=2 reconnects=1 snapshots=1 staleIntervals=1 staleMillis=563.570875
switchboard-sample-service iteration=362 checkout-v2=false
runtime-evidence iteration=362 monotonicNanos=777119635938 state=READY version=2 reconnects=1 snapshots=1 staleIntervals=1 staleMillis=563.570875
switchboard-sample-service iteration=363 checkout-v2=false
runtime-evidence iteration=363 monotonicNanos=777221802146 state=READY version=2 reconnects=1 snapshots=1 staleIntervals=1 staleMillis=563.570875
switchboard-sample-service iteration=364 checkout-v2=false
runtime-evidence iteration=364 monotonicNanos=777324457146 state=READY version=2 reconnects=1 snapshots=1 staleIntervals=1 staleMillis=563.570875
switchboard-sample-service iteration=365 checkout-v2=false
runtime-evidence iteration=365 monotonicNanos=777426456063 state=READY version=2 reconnects=1 snapshots=1 staleIntervals=1 staleMillis=563.570875
switchboard-sample-service iteration=366 checkout-v2=false
runtime-evidence iteration=366 monotonicNanos=777527406313 state=READY version=2 reconnects=1 snapshots=1 staleIntervals=1 staleMillis=563.570875
switchboard-sample-service iteration=367 checkout-v2=false
runtime-evidence iteration=367 monotonicNanos=777628524771 state=READY version=2 reconnects=1 snapshots=1 staleIntervals=1 staleMillis=563.570875
switchboard-sample-service iteration=368 checkout-v2=false
runtime-evidence iteration=368 monotonicNanos=777729929063 state=READY version=2 reconnects=1 snapshots=1 staleIntervals=1 staleMillis=563.570875
switchboard-sample-service iteration=369 checkout-v2=false
runtime-evidence iteration=369 monotonicNanos=777832556855 state=READY version=2 reconnects=1 snapshots=1 staleIntervals=1 staleMillis=563.570875
switchboard-sample-service iteration=370 checkout-v2=false
runtime-evidence iteration=370 monotonicNanos=777933596022 state=READY version=2 reconnects=1 snapshots=1 staleIntervals=1 staleMillis=563.570875
switchboard-sample-service iteration=371 checkout-v2=false
runtime-evidence iteration=371 monotonicNanos=778034740438 state=READY version=2 reconnects=1 snapshots=1 staleIntervals=1 staleMillis=563.570875
switchboard-sample-service iteration=372 checkout-v2=false
runtime-evidence iteration=372 monotonicNanos=778137769397 state=READY version=2 reconnects=1 snapshots=1 staleIntervals=1 staleMillis=563.570875
switchboard-sample-service iteration=373 checkout-v2=false
runtime-evidence iteration=373 monotonicNanos=778239912522 state=READY version=2 reconnects=1 snapshots=1 staleIntervals=1 staleMillis=563.570875
switchboard-sample-service iteration=374 checkout-v2=false
runtime-evidence iteration=374 monotonicNanos=778341598772 state=READY version=2 reconnects=1 snapshots=1 staleIntervals=1 staleMillis=563.570875
switchboard-sample-service iteration=375 checkout-v2=false
runtime-evidence iteration=375 monotonicNanos=778443357980 state=READY version=2 reconnects=1 snapshots=1 staleIntervals=1 staleMillis=563.570875
switchboard-sample-service iteration=376 checkout-v2=false
runtime-evidence iteration=376 monotonicNanos=778544582730 state=READY version=2 reconnects=1 snapshots=1 staleIntervals=1 staleMillis=563.570875
switchboard-sample-service iteration=377 checkout-v2=false
runtime-evidence iteration=377 monotonicNanos=778645619855 state=READY version=2 reconnects=1 snapshots=1 staleIntervals=1 staleMillis=563.570875
switchboard-sample-service iteration=378 checkout-v2=false
runtime-evidence iteration=378 monotonicNanos=778747160772 state=READY version=2 reconnects=1 snapshots=1 staleIntervals=1 staleMillis=563.570875
switchboard-sample-service iteration=379 checkout-v2=false
runtime-evidence iteration=379 monotonicNanos=778850681939 state=READY version=2 reconnects=1 snapshots=1 staleIntervals=1 staleMillis=563.570875
switchboard-sample-service iteration=380 checkout-v2=false
runtime-evidence iteration=380 monotonicNanos=778953461355 state=READY version=2 reconnects=1 snapshots=1 staleIntervals=1 staleMillis=563.570875
switchboard-sample-service iteration=381 checkout-v2=false
runtime-evidence iteration=381 monotonicNanos=779054820480 state=READY version=2 reconnects=1 snapshots=1 staleIntervals=1 staleMillis=563.570875
switchboard-sample-service iteration=382 checkout-v2=false
runtime-evidence iteration=382 monotonicNanos=779155883730 state=READY version=2 reconnects=1 snapshots=1 staleIntervals=1 staleMillis=563.570875
switchboard-sample-service iteration=383 checkout-v2=false
runtime-evidence iteration=383 monotonicNanos=779257490397 state=READY version=2 reconnects=1 snapshots=1 staleIntervals=1 staleMillis=563.570875
switchboard-sample-service iteration=384 checkout-v2=false
runtime-evidence iteration=384 monotonicNanos=779359280814 state=READY version=2 reconnects=1 snapshots=1 staleIntervals=1 staleMillis=563.570875
switchboard-sample-service iteration=385 checkout-v2=false
runtime-evidence iteration=385 monotonicNanos=779460815481 state=READY version=2 reconnects=1 snapshots=1 staleIntervals=1 staleMillis=563.570875
switchboard-sample-service iteration=386 checkout-v2=false
runtime-evidence iteration=386 monotonicNanos=779562114731 state=READY version=2 reconnects=1 snapshots=1 staleIntervals=1 staleMillis=563.570875
switchboard-sample-service iteration=387 checkout-v2=false
runtime-evidence iteration=387 monotonicNanos=779663629439 state=READY version=2 reconnects=1 snapshots=1 staleIntervals=1 staleMillis=563.570875
switchboard-sample-service iteration=388 checkout-v2=false
runtime-evidence iteration=388 monotonicNanos=779764564856 state=READY version=2 reconnects=1 snapshots=1 staleIntervals=1 staleMillis=563.570875
switchboard-sample-service iteration=389 checkout-v2=false
runtime-evidence iteration=389 monotonicNanos=779867304939 state=READY version=2 reconnects=1 snapshots=1 staleIntervals=1 staleMillis=563.570875
switchboard-sample-service iteration=390 checkout-v2=false
runtime-evidence iteration=390 monotonicNanos=779969276439 state=READY version=2 reconnects=1 snapshots=1 staleIntervals=1 staleMillis=563.570875
switchboard-sample-service iteration=391 checkout-v2=false
runtime-evidence iteration=391 monotonicNanos=780071921064 state=READY version=2 reconnects=1 snapshots=1 staleIntervals=1 staleMillis=563.570875
switchboard-sample-service iteration=392 checkout-v2=false
runtime-evidence iteration=392 monotonicNanos=780173928314 state=READY version=2 reconnects=1 snapshots=1 staleIntervals=1 staleMillis=563.570875
switchboard-sample-service iteration=393 checkout-v2=false
runtime-evidence iteration=393 monotonicNanos=780278794814 state=READY version=2 reconnects=1 snapshots=1 staleIntervals=1 staleMillis=563.570875
switchboard-sample-service iteration=394 checkout-v2=false
runtime-evidence iteration=394 monotonicNanos=780379711689 state=READY version=2 reconnects=1 snapshots=1 staleIntervals=1 staleMillis=563.570875
switchboard-sample-service iteration=395 checkout-v2=false
runtime-evidence iteration=395 monotonicNanos=780481200731 state=READY version=2 reconnects=1 snapshots=1 staleIntervals=1 staleMillis=563.570875
switchboard-sample-service iteration=396 checkout-v2=false
runtime-evidence iteration=396 monotonicNanos=780586174898 state=READY version=2 reconnects=1 snapshots=1 staleIntervals=1 staleMillis=563.570875
switchboard-sample-service iteration=397 checkout-v2=false
runtime-evidence iteration=397 monotonicNanos=780688445022 state=READY version=2 reconnects=1 snapshots=1 staleIntervals=1 staleMillis=563.570875
switchboard-sample-service iteration=398 checkout-v2=false
runtime-evidence iteration=398 monotonicNanos=780791659897 state=READY version=2 reconnects=1 snapshots=1 staleIntervals=1 staleMillis=563.570875
switchboard-sample-service iteration=399 checkout-v2=false
runtime-evidence iteration=399 monotonicNanos=780893149855 state=READY version=2 reconnects=1 snapshots=1 staleIntervals=1 staleMillis=563.570875
switchboard-sample-service iteration=400 checkout-v2=false
runtime-evidence iteration=400 monotonicNanos=780994424855 state=READY version=2 reconnects=1 snapshots=1 staleIntervals=1 staleMillis=563.570875
switchboard-sample-service iteration=401 checkout-v2=false
runtime-evidence iteration=401 monotonicNanos=781096410564 state=READY version=2 reconnects=1 snapshots=1 staleIntervals=1 staleMillis=563.570875
switchboard-sample-service iteration=402 checkout-v2=false
runtime-evidence iteration=402 monotonicNanos=781198273105 state=READY version=2 reconnects=1 snapshots=1 staleIntervals=1 staleMillis=563.570875
switchboard-sample-service iteration=403 checkout-v2=false
runtime-evidence iteration=403 monotonicNanos=781299538480 state=READY version=2 reconnects=1 snapshots=1 staleIntervals=1 staleMillis=563.570875
switchboard-sample-service iteration=404 checkout-v2=false
runtime-evidence iteration=404 monotonicNanos=781401131689 state=READY version=2 reconnects=1 snapshots=1 staleIntervals=1 staleMillis=563.570875
switchboard-sample-service iteration=405 checkout-v2=false
runtime-evidence iteration=405 monotonicNanos=781502623106 state=READY version=2 reconnects=1 snapshots=1 staleIntervals=1 staleMillis=563.570875
switchboard-sample-service iteration=406 checkout-v2=false
runtime-evidence iteration=406 monotonicNanos=781606873314 state=READY version=2 reconnects=1 snapshots=1 staleIntervals=1 staleMillis=563.570875
switchboard-sample-service iteration=407 checkout-v2=false
runtime-evidence iteration=407 monotonicNanos=781709777772 state=READY version=2 reconnects=1 snapshots=1 staleIntervals=1 staleMillis=563.570875
switchboard-sample-service iteration=408 checkout-v2=false
runtime-evidence iteration=408 monotonicNanos=781812258772 state=READY version=2 reconnects=1 snapshots=1 staleIntervals=1 staleMillis=563.570875
switchboard-sample-service iteration=409 checkout-v2=false
runtime-evidence iteration=409 monotonicNanos=781917338106 state=READY version=2 reconnects=1 snapshots=1 staleIntervals=1 staleMillis=563.570875
switchboard-sample-service iteration=410 checkout-v2=false
runtime-evidence iteration=410 monotonicNanos=782021889522 state=READY version=2 reconnects=1 snapshots=1 staleIntervals=1 staleMillis=563.570875
switchboard-sample-service iteration=411 checkout-v2=false
runtime-evidence iteration=411 monotonicNanos=782124181689 state=READY version=2 reconnects=1 snapshots=1 staleIntervals=1 staleMillis=563.570875
switchboard-sample-service iteration=412 checkout-v2=false
runtime-evidence iteration=412 monotonicNanos=782225916731 state=READY version=2 reconnects=1 snapshots=1 staleIntervals=1 staleMillis=563.570875
switchboard-sample-service iteration=413 checkout-v2=false
runtime-evidence iteration=413 monotonicNanos=782329091189 state=READY version=2 reconnects=1 snapshots=1 staleIntervals=1 staleMillis=563.570875
switchboard-sample-service iteration=414 checkout-v2=false
runtime-evidence iteration=414 monotonicNanos=782431617939 state=READY version=2 reconnects=1 snapshots=1 staleIntervals=1 staleMillis=563.570875
switchboard-sample-service iteration=415 checkout-v2=false
runtime-evidence iteration=415 monotonicNanos=782532940231 state=READY version=2 reconnects=1 snapshots=1 staleIntervals=1 staleMillis=563.570875
switchboard-sample-service iteration=416 checkout-v2=false
runtime-evidence iteration=416 monotonicNanos=782635227689 state=READY version=2 reconnects=1 snapshots=1 staleIntervals=1 staleMillis=563.570875
switchboard-sample-service iteration=417 checkout-v2=false
runtime-evidence iteration=417 monotonicNanos=782736922731 state=READY version=2 reconnects=1 snapshots=1 staleIntervals=1 staleMillis=563.570875
switchboard-sample-service iteration=418 checkout-v2=false
runtime-evidence iteration=418 monotonicNanos=782839241398 state=READY version=2 reconnects=1 snapshots=1 staleIntervals=1 staleMillis=563.570875
switchboard-sample-service iteration=419 checkout-v2=false
runtime-evidence iteration=419 monotonicNanos=782941410731 state=READY version=2 reconnects=1 snapshots=1 staleIntervals=1 staleMillis=563.570875
switchboard-sample-service iteration=420 checkout-v2=false
runtime-evidence iteration=420 monotonicNanos=783042914190 state=READY version=2 reconnects=1 snapshots=1 staleIntervals=1 staleMillis=563.570875
switchboard-sample-service iteration=421 checkout-v2=false
runtime-evidence iteration=421 monotonicNanos=783144793856 state=READY version=2 reconnects=1 snapshots=1 staleIntervals=1 staleMillis=563.570875
switchboard-sample-service iteration=422 checkout-v2=false
runtime-evidence iteration=422 monotonicNanos=783246752773 state=READY version=2 reconnects=1 snapshots=1 staleIntervals=1 staleMillis=563.570875
switchboard-sample-service iteration=423 checkout-v2=false
runtime-evidence iteration=423 monotonicNanos=783349911898 state=READY version=2 reconnects=1 snapshots=1 staleIntervals=1 staleMillis=563.570875
switchboard-sample-service iteration=424 checkout-v2=false
runtime-evidence iteration=424 monotonicNanos=783452835107 state=READY version=2 reconnects=1 snapshots=1 staleIntervals=1 staleMillis=563.570875
switchboard-sample-service iteration=425 checkout-v2=false
runtime-evidence iteration=425 monotonicNanos=783553797065 state=READY version=2 reconnects=1 snapshots=1 staleIntervals=1 staleMillis=563.570875
switchboard-sample-service iteration=426 checkout-v2=false
runtime-evidence iteration=426 monotonicNanos=783656363857 state=READY version=2 reconnects=1 snapshots=1 staleIntervals=1 staleMillis=563.570875
switchboard-sample-service iteration=427 checkout-v2=false
runtime-evidence iteration=427 monotonicNanos=783757597648 state=READY version=2 reconnects=1 snapshots=1 staleIntervals=1 staleMillis=563.570875
switchboard-sample-service iteration=428 checkout-v2=false
runtime-evidence iteration=428 monotonicNanos=783858932315 state=READY version=2 reconnects=1 snapshots=1 staleIntervals=1 staleMillis=563.570875
switchboard-sample-service iteration=429 checkout-v2=false
runtime-evidence iteration=429 monotonicNanos=783961718857 state=READY version=2 reconnects=1 snapshots=1 staleIntervals=1 staleMillis=563.570875
switchboard-sample-service iteration=430 checkout-v2=false
runtime-evidence iteration=430 monotonicNanos=784062706607 state=READY version=2 reconnects=1 snapshots=1 staleIntervals=1 staleMillis=563.570875
switchboard-sample-service iteration=431 checkout-v2=false
runtime-evidence iteration=431 monotonicNanos=784163552649 state=READY version=2 reconnects=1 snapshots=1 staleIntervals=1 staleMillis=563.570875
switchboard-sample-service iteration=432 checkout-v2=false
runtime-evidence iteration=432 monotonicNanos=784266388274 state=READY version=2 reconnects=1 snapshots=1 staleIntervals=1 staleMillis=563.570875
switchboard-sample-service iteration=433 checkout-v2=false
runtime-evidence iteration=433 monotonicNanos=784368429649 state=READY version=2 reconnects=1 snapshots=1 staleIntervals=1 staleMillis=563.570875
switchboard-sample-service iteration=434 checkout-v2=false
runtime-evidence iteration=434 monotonicNanos=784470280190 state=READY version=2 reconnects=1 snapshots=1 staleIntervals=1 staleMillis=563.570875
switchboard-sample-service iteration=435 checkout-v2=false
runtime-evidence iteration=435 monotonicNanos=784572631065 state=READY version=2 reconnects=1 snapshots=1 staleIntervals=1 staleMillis=563.570875
switchboard-sample-service iteration=436 checkout-v2=false
runtime-evidence iteration=436 monotonicNanos=784675846815 state=READY version=2 reconnects=1 snapshots=1 staleIntervals=1 staleMillis=563.570875
switchboard-sample-service iteration=437 checkout-v2=false
runtime-evidence iteration=437 monotonicNanos=784785956274 state=READY version=2 reconnects=1 snapshots=1 staleIntervals=1 staleMillis=563.570875
switchboard-sample-service iteration=438 checkout-v2=false
runtime-evidence iteration=438 monotonicNanos=784891725857 state=READY version=2 reconnects=1 snapshots=1 staleIntervals=1 staleMillis=563.570875
switchboard-sample-service iteration=439 checkout-v2=false
runtime-evidence iteration=439 monotonicNanos=784995382899 state=READY version=2 reconnects=1 snapshots=1 staleIntervals=1 staleMillis=563.570875
switchboard-sample-service iteration=440 checkout-v2=false
runtime-evidence iteration=440 monotonicNanos=785098578316 state=READY version=2 reconnects=1 snapshots=1 staleIntervals=1 staleMillis=563.570875
switchboard-sample-service iteration=441 checkout-v2=false
runtime-evidence iteration=441 monotonicNanos=785202166316 state=READY version=2 reconnects=1 snapshots=1 staleIntervals=1 staleMillis=563.570875
switchboard-sample-service iteration=442 checkout-v2=false
runtime-evidence iteration=442 monotonicNanos=785304542691 state=READY version=2 reconnects=1 snapshots=1 staleIntervals=1 staleMillis=563.570875
switchboard-sample-service iteration=443 checkout-v2=false
runtime-evidence iteration=443 monotonicNanos=785408824857 state=READY version=2 reconnects=1 snapshots=1 staleIntervals=1 staleMillis=563.570875
switchboard-sample-service iteration=444 checkout-v2=false
runtime-evidence iteration=444 monotonicNanos=785512808857 state=READY version=2 reconnects=1 snapshots=1 staleIntervals=1 staleMillis=563.570875
switchboard-sample-service iteration=445 checkout-v2=false
runtime-evidence iteration=445 monotonicNanos=785613604066 state=READY version=2 reconnects=1 snapshots=1 staleIntervals=1 staleMillis=563.570875
switchboard-sample-service iteration=446 checkout-v2=false
runtime-evidence iteration=446 monotonicNanos=785714455274 state=READY version=2 reconnects=1 snapshots=1 staleIntervals=1 staleMillis=563.570875
switchboard-sample-service iteration=447 checkout-v2=false
runtime-evidence iteration=447 monotonicNanos=785820451399 state=READY version=2 reconnects=1 snapshots=1 staleIntervals=1 staleMillis=563.570875
switchboard-sample-service iteration=448 checkout-v2=false
runtime-evidence iteration=448 monotonicNanos=785921782608 state=READY version=2 reconnects=1 snapshots=1 staleIntervals=1 staleMillis=563.570875
switchboard-sample-service iteration=449 checkout-v2=false
runtime-evidence iteration=449 monotonicNanos=786022608024 state=READY version=2 reconnects=1 snapshots=1 staleIntervals=1 staleMillis=563.570875
switchboard-sample-service iteration=450 checkout-v2=false
runtime-evidence iteration=450 monotonicNanos=786123635899 state=READY version=2 reconnects=1 snapshots=1 staleIntervals=1 staleMillis=563.570875
switchboard-sample-service iteration=451 checkout-v2=false
runtime-evidence iteration=451 monotonicNanos=786225322524 state=READY version=2 reconnects=1 snapshots=1 staleIntervals=1 staleMillis=563.570875
switchboard-sample-service iteration=452 checkout-v2=false
runtime-evidence iteration=452 monotonicNanos=786328327108 state=READY version=2 reconnects=1 snapshots=1 staleIntervals=1 staleMillis=563.570875
switchboard-sample-service iteration=453 checkout-v2=false
runtime-evidence iteration=453 monotonicNanos=786430540233 state=READY version=2 reconnects=1 snapshots=1 staleIntervals=1 staleMillis=563.570875
switchboard-sample-service iteration=454 checkout-v2=false
runtime-evidence iteration=454 monotonicNanos=786533879275 state=READY version=2 reconnects=1 snapshots=1 staleIntervals=1 staleMillis=563.570875
switchboard-sample-service iteration=455 checkout-v2=false
runtime-evidence iteration=455 monotonicNanos=786635650691 state=READY version=2 reconnects=1 snapshots=1 staleIntervals=1 staleMillis=563.570875
switchboard-sample-service iteration=456 checkout-v2=false
runtime-evidence iteration=456 monotonicNanos=786737599733 state=READY version=2 reconnects=1 snapshots=1 staleIntervals=1 staleMillis=563.570875
switchboard-sample-service iteration=457 checkout-v2=false
runtime-evidence iteration=457 monotonicNanos=786849669691 state=READY version=2 reconnects=1 snapshots=1 staleIntervals=1 staleMillis=563.570875
switchboard-sample-service iteration=458 checkout-v2=false
runtime-evidence iteration=458 monotonicNanos=786955162733 state=READY version=2 reconnects=1 snapshots=1 staleIntervals=1 staleMillis=563.570875
switchboard-sample-service iteration=459 checkout-v2=false
runtime-evidence iteration=459 monotonicNanos=787060209400 state=READY version=2 reconnects=1 snapshots=1 staleIntervals=1 staleMillis=563.570875
switchboard-sample-service iteration=460 checkout-v2=false
runtime-evidence iteration=460 monotonicNanos=787164379150 state=READY version=2 reconnects=1 snapshots=1 staleIntervals=1 staleMillis=563.570875
switchboard-sample-service iteration=461 checkout-v2=false
runtime-evidence iteration=461 monotonicNanos=787266185233 state=READY version=2 reconnects=1 snapshots=1 staleIntervals=1 staleMillis=563.570875
switchboard-sample-service iteration=462 checkout-v2=false
runtime-evidence iteration=462 monotonicNanos=787368257067 state=READY version=2 reconnects=1 snapshots=1 staleIntervals=1 staleMillis=563.570875
switchboard-sample-service iteration=463 checkout-v2=false
runtime-evidence iteration=463 monotonicNanos=787471214900 state=READY version=2 reconnects=1 snapshots=1 staleIntervals=1 staleMillis=563.570875
switchboard-sample-service iteration=464 checkout-v2=false
runtime-evidence iteration=464 monotonicNanos=787572902733 state=READY version=2 reconnects=1 snapshots=1 staleIntervals=1 staleMillis=563.570875
switchboard-sample-service iteration=465 checkout-v2=false
runtime-evidence iteration=465 monotonicNanos=787676228192 state=READY version=2 reconnects=1 snapshots=1 staleIntervals=1 staleMillis=563.570875
switchboard-sample-service iteration=466 checkout-v2=false
runtime-evidence iteration=466 monotonicNanos=787778552942 state=READY version=2 reconnects=1 snapshots=1 staleIntervals=1 staleMillis=563.570875
switchboard-sample-service iteration=467 checkout-v2=false
runtime-evidence iteration=467 monotonicNanos=787880298442 state=READY version=2 reconnects=1 snapshots=1 staleIntervals=1 staleMillis=563.570875
switchboard-sample-service iteration=468 checkout-v2=false
runtime-evidence iteration=468 monotonicNanos=787983373609 state=READY version=2 reconnects=1 snapshots=1 staleIntervals=1 staleMillis=563.570875
switchboard-sample-service iteration=469 checkout-v2=false
runtime-evidence iteration=469 monotonicNanos=788085582192 state=READY version=2 reconnects=1 snapshots=1 staleIntervals=1 staleMillis=563.570875
switchboard-sample-service iteration=470 checkout-v2=false
runtime-evidence iteration=470 monotonicNanos=788187903442 state=READY version=2 reconnects=1 snapshots=1 staleIntervals=1 staleMillis=563.570875
switchboard-sample-service iteration=471 checkout-v2=false
runtime-evidence iteration=471 monotonicNanos=788290737317 state=READY version=2 reconnects=1 snapshots=1 staleIntervals=1 staleMillis=563.570875
switchboard-sample-service iteration=472 checkout-v2=false
runtime-evidence iteration=472 monotonicNanos=788394878442 state=READY version=2 reconnects=1 snapshots=1 staleIntervals=1 staleMillis=563.570875
switchboard-sample-service iteration=473 checkout-v2=false
runtime-evidence iteration=473 monotonicNanos=788497343817 state=READY version=2 reconnects=1 snapshots=1 staleIntervals=1 staleMillis=563.570875
switchboard-sample-service iteration=474 checkout-v2=false
runtime-evidence iteration=474 monotonicNanos=788598911817 state=READY version=2 reconnects=1 snapshots=1 staleIntervals=1 staleMillis=563.570875
switchboard-sample-service iteration=475 checkout-v2=false
runtime-evidence iteration=475 monotonicNanos=788699562984 state=READY version=2 reconnects=1 snapshots=1 staleIntervals=1 staleMillis=563.570875
switchboard-sample-service iteration=476 checkout-v2=false
runtime-evidence iteration=476 monotonicNanos=788801188859 state=READY version=2 reconnects=1 snapshots=1 staleIntervals=1 staleMillis=563.570875
switchboard-sample-service iteration=477 checkout-v2=false
runtime-evidence iteration=477 monotonicNanos=788903174651 state=READY version=2 reconnects=1 snapshots=1 staleIntervals=1 staleMillis=563.570875
switchboard-sample-service iteration=478 checkout-v2=false
runtime-evidence iteration=478 monotonicNanos=789004695526 state=READY version=2 reconnects=1 snapshots=1 staleIntervals=1 staleMillis=563.570875
switchboard-sample-service iteration=479 checkout-v2=false
runtime-evidence iteration=479 monotonicNanos=789105654943 state=READY version=2 reconnects=1 snapshots=1 staleIntervals=1 staleMillis=563.570875
switchboard-sample-service iteration=480 checkout-v2=false
runtime-evidence iteration=480 monotonicNanos=789207015818 state=READY version=2 reconnects=1 snapshots=1 staleIntervals=1 staleMillis=563.570875
switchboard-sample-service iteration=481 checkout-v2=false
runtime-evidence iteration=481 monotonicNanos=789312962651 state=READY version=2 reconnects=1 snapshots=1 staleIntervals=1 staleMillis=563.570875
switchboard-sample-service iteration=482 checkout-v2=false
runtime-evidence iteration=482 monotonicNanos=789414652109 state=READY version=2 reconnects=1 snapshots=1 staleIntervals=1 staleMillis=563.570875
switchboard-sample-service iteration=483 checkout-v2=false
runtime-evidence iteration=483 monotonicNanos=789517136026 state=READY version=2 reconnects=1 snapshots=1 staleIntervals=1 staleMillis=563.570875
switchboard-sample-service iteration=484 checkout-v2=false
runtime-evidence iteration=484 monotonicNanos=789622754651 state=READY version=2 reconnects=1 snapshots=1 staleIntervals=1 staleMillis=563.570875
switchboard-sample-service iteration=485 checkout-v2=false
runtime-evidence iteration=485 monotonicNanos=789726157776 state=READY version=2 reconnects=1 snapshots=1 staleIntervals=1 staleMillis=563.570875
switchboard-sample-service iteration=486 checkout-v2=false
runtime-evidence iteration=486 monotonicNanos=789828958943 state=READY version=2 reconnects=1 snapshots=1 staleIntervals=1 staleMillis=563.570875
switchboard-sample-service iteration=487 checkout-v2=false
runtime-evidence iteration=487 monotonicNanos=789931601443 state=READY version=2 reconnects=1 snapshots=1 staleIntervals=1 staleMillis=563.570875
switchboard-sample-service iteration=488 checkout-v2=false
runtime-evidence iteration=488 monotonicNanos=790032709068 state=READY version=2 reconnects=1 snapshots=1 staleIntervals=1 staleMillis=563.570875
switchboard-sample-service iteration=489 checkout-v2=false
runtime-evidence iteration=489 monotonicNanos=790133850610 state=READY version=2 reconnects=1 snapshots=1 staleIntervals=1 staleMillis=563.570875
switchboard-sample-service iteration=490 checkout-v2=false
runtime-evidence iteration=490 monotonicNanos=790236175526 state=READY version=2 reconnects=1 snapshots=1 staleIntervals=1 staleMillis=563.570875
switchboard-sample-service iteration=491 checkout-v2=false
runtime-evidence iteration=491 monotonicNanos=790337976151 state=READY version=2 reconnects=1 snapshots=1 staleIntervals=1 staleMillis=563.570875
switchboard-sample-service iteration=492 checkout-v2=false
runtime-evidence iteration=492 monotonicNanos=790444327318 state=READY version=2 reconnects=1 snapshots=1 staleIntervals=1 staleMillis=563.570875
switchboard-sample-service iteration=493 checkout-v2=false
runtime-evidence iteration=493 monotonicNanos=790546860277 state=READY version=2 reconnects=1 snapshots=1 staleIntervals=1 staleMillis=563.570875
switchboard-sample-service iteration=494 checkout-v2=false
runtime-evidence iteration=494 monotonicNanos=790648791360 state=READY version=2 reconnects=1 snapshots=1 staleIntervals=1 staleMillis=563.570875
switchboard-sample-service iteration=495 checkout-v2=false
runtime-evidence iteration=495 monotonicNanos=790753810193 state=READY version=2 reconnects=1 snapshots=1 staleIntervals=1 staleMillis=563.570875
switchboard-sample-service iteration=496 checkout-v2=false
runtime-evidence iteration=496 monotonicNanos=790859772152 state=READY version=2 reconnects=1 snapshots=1 staleIntervals=1 staleMillis=563.570875
switchboard-sample-service iteration=497 checkout-v2=false
runtime-evidence iteration=497 monotonicNanos=790961386152 state=READY version=2 reconnects=1 snapshots=1 staleIntervals=1 staleMillis=563.570875
switchboard-sample-service iteration=498 checkout-v2=false
runtime-evidence iteration=498 monotonicNanos=791062604068 state=READY version=2 reconnects=1 snapshots=1 staleIntervals=1 staleMillis=563.570875
switchboard-sample-service iteration=499 checkout-v2=false
runtime-evidence iteration=499 monotonicNanos=791163748277 state=READY version=2 reconnects=1 snapshots=1 staleIntervals=1 staleMillis=563.570875
switchboard-sample-service iteration=500 checkout-v2=false
runtime-evidence iteration=500 monotonicNanos=791266543069 state=READY version=2 reconnects=1 snapshots=1 staleIntervals=1 staleMillis=563.570875
switchboard-sample-service iteration=501 checkout-v2=false
runtime-evidence iteration=501 monotonicNanos=791368051152 state=READY version=2 reconnects=1 snapshots=1 staleIntervals=1 staleMillis=563.570875
switchboard-sample-service iteration=502 checkout-v2=false
runtime-evidence iteration=502 monotonicNanos=791470130485 state=READY version=2 reconnects=1 snapshots=1 staleIntervals=1 staleMillis=563.570875
switchboard-sample-service iteration=503 checkout-v2=false
runtime-evidence iteration=503 monotonicNanos=791573086152 state=READY version=2 reconnects=1 snapshots=1 staleIntervals=1 staleMillis=563.570875
switchboard-sample-service iteration=504 checkout-v2=false
runtime-evidence iteration=504 monotonicNanos=791675253985 state=READY version=2 reconnects=1 snapshots=1 staleIntervals=1 staleMillis=563.570875
switchboard-sample-service iteration=505 checkout-v2=false
runtime-evidence iteration=505 monotonicNanos=791783905402 state=READY version=2 reconnects=1 snapshots=1 staleIntervals=1 staleMillis=563.570875
switchboard-sample-service iteration=506 checkout-v2=false
runtime-evidence iteration=506 monotonicNanos=791889086402 state=READY version=2 reconnects=1 snapshots=1 staleIntervals=1 staleMillis=563.570875
switchboard-sample-service iteration=507 checkout-v2=false
runtime-evidence iteration=507 monotonicNanos=791992795361 state=READY version=2 reconnects=1 snapshots=1 staleIntervals=1 staleMillis=563.570875
switchboard-sample-service iteration=508 checkout-v2=false
runtime-evidence iteration=508 monotonicNanos=792096484611 state=READY version=2 reconnects=1 snapshots=1 staleIntervals=1 staleMillis=563.570875
switchboard-sample-service iteration=509 checkout-v2=false
runtime-evidence iteration=509 monotonicNanos=792198567611 state=READY version=2 reconnects=1 snapshots=1 staleIntervals=1 staleMillis=563.570875
switchboard-sample-service iteration=510 checkout-v2=false
runtime-evidence iteration=510 monotonicNanos=792300897611 state=READY version=2 reconnects=1 snapshots=1 staleIntervals=1 staleMillis=563.570875
switchboard-sample-service iteration=511 checkout-v2=false
runtime-evidence iteration=511 monotonicNanos=792403969819 state=READY version=2 reconnects=1 snapshots=1 staleIntervals=1 staleMillis=563.570875
switchboard-sample-service iteration=512 checkout-v2=false
runtime-evidence iteration=512 monotonicNanos=792509472569 state=READY version=2 reconnects=1 snapshots=1 staleIntervals=1 staleMillis=563.570875
switchboard-sample-service iteration=513 checkout-v2=false
runtime-evidence iteration=513 monotonicNanos=792611171694 state=READY version=2 reconnects=1 snapshots=1 staleIntervals=1 staleMillis=563.570875
switchboard-sample-service iteration=514 checkout-v2=false
runtime-evidence iteration=514 monotonicNanos=792713718444 state=READY version=2 reconnects=1 snapshots=1 staleIntervals=1 staleMillis=563.570875
switchboard-sample-service iteration=515 checkout-v2=false
runtime-evidence iteration=515 monotonicNanos=792815186361 state=READY version=2 reconnects=1 snapshots=1 staleIntervals=1 staleMillis=563.570875
switchboard-sample-service iteration=516 checkout-v2=false
runtime-evidence iteration=516 monotonicNanos=792916640278 state=READY version=2 reconnects=1 snapshots=1 staleIntervals=1 staleMillis=563.570875
switchboard-sample-service iteration=517 checkout-v2=false
runtime-evidence iteration=517 monotonicNanos=793017670444 state=READY version=2 reconnects=1 snapshots=1 staleIntervals=1 staleMillis=563.570875
switchboard-sample-service iteration=518 checkout-v2=false
runtime-evidence iteration=518 monotonicNanos=793127427028 state=READY version=2 reconnects=1 snapshots=1 staleIntervals=1 staleMillis=563.570875
switchboard-sample-service iteration=519 checkout-v2=false
runtime-evidence iteration=519 monotonicNanos=793229259444 state=READY version=2 reconnects=1 snapshots=1 staleIntervals=1 staleMillis=563.570875
switchboard-sample-service iteration=520 checkout-v2=false
runtime-evidence iteration=520 monotonicNanos=793330593903 state=READY version=2 reconnects=1 snapshots=1 staleIntervals=1 staleMillis=563.570875
switchboard-sample-service iteration=521 checkout-v2=false
runtime-evidence iteration=521 monotonicNanos=793431941028 state=READY version=2 reconnects=1 snapshots=1 staleIntervals=1 staleMillis=563.570875
switchboard-sample-service iteration=522 checkout-v2=false
runtime-evidence iteration=522 monotonicNanos=793533649986 state=READY version=2 reconnects=1 snapshots=1 staleIntervals=1 staleMillis=563.570875
switchboard-sample-service iteration=523 checkout-v2=false
runtime-evidence iteration=523 monotonicNanos=793634605778 state=READY version=2 reconnects=1 snapshots=1 staleIntervals=1 staleMillis=563.570875
switchboard-sample-service iteration=524 checkout-v2=false
runtime-evidence iteration=524 monotonicNanos=793735517403 state=READY version=2 reconnects=1 snapshots=1 staleIntervals=1 staleMillis=563.570875
switchboard-sample-service iteration=525 checkout-v2=false
runtime-evidence iteration=525 monotonicNanos=793837089986 state=READY version=2 reconnects=1 snapshots=1 staleIntervals=1 staleMillis=563.570875
switchboard-sample-service iteration=526 checkout-v2=false
runtime-evidence iteration=526 monotonicNanos=793939261403 state=READY version=2 reconnects=1 snapshots=1 staleIntervals=1 staleMillis=563.570875
switchboard-sample-service iteration=527 checkout-v2=false
runtime-evidence iteration=527 monotonicNanos=794040600112 state=READY version=2 reconnects=1 snapshots=1 staleIntervals=1 staleMillis=563.570875
switchboard-sample-service iteration=528 checkout-v2=false
runtime-evidence iteration=528 monotonicNanos=794141766903 state=READY version=2 reconnects=1 snapshots=1 staleIntervals=1 staleMillis=563.570875
switchboard-sample-service iteration=529 checkout-v2=false
runtime-evidence iteration=529 monotonicNanos=794243719278 state=READY version=2 reconnects=1 snapshots=1 staleIntervals=1 staleMillis=563.570875
switchboard-sample-service iteration=530 checkout-v2=false
runtime-evidence iteration=530 monotonicNanos=794344883153 state=READY version=2 reconnects=1 snapshots=1 staleIntervals=1 staleMillis=563.570875
switchboard-sample-service iteration=531 checkout-v2=false
runtime-evidence iteration=531 monotonicNanos=794445745987 state=READY version=2 reconnects=1 snapshots=1 staleIntervals=1 staleMillis=563.570875
switchboard-sample-service iteration=532 checkout-v2=false
runtime-evidence iteration=532 monotonicNanos=794546891945 state=READY version=2 reconnects=1 snapshots=1 staleIntervals=1 staleMillis=563.570875
switchboard-sample-service iteration=533 checkout-v2=false
runtime-evidence iteration=533 monotonicNanos=794647560112 state=READY version=2 reconnects=1 snapshots=1 staleIntervals=1 staleMillis=563.570875
switchboard-sample-service iteration=534 checkout-v2=false
runtime-evidence iteration=534 monotonicNanos=794748698320 state=READY version=2 reconnects=1 snapshots=1 staleIntervals=1 staleMillis=563.570875
switchboard-sample-service iteration=535 checkout-v2=false
runtime-evidence iteration=535 monotonicNanos=794850244570 state=READY version=2 reconnects=1 snapshots=1 staleIntervals=1 staleMillis=563.570875
switchboard-sample-service iteration=536 checkout-v2=false
runtime-evidence iteration=536 monotonicNanos=794952769654 state=READY version=2 reconnects=1 snapshots=1 staleIntervals=1 staleMillis=563.570875
switchboard-sample-service iteration=537 checkout-v2=false
runtime-evidence iteration=537 monotonicNanos=795053488362 state=READY version=2 reconnects=1 snapshots=1 staleIntervals=1 staleMillis=563.570875
switchboard-sample-service iteration=538 checkout-v2=false
runtime-evidence iteration=538 monotonicNanos=795154933154 state=READY version=2 reconnects=1 snapshots=1 staleIntervals=1 staleMillis=563.570875
switchboard-sample-service iteration=539 checkout-v2=false
runtime-evidence iteration=539 monotonicNanos=795256457737 state=READY version=2 reconnects=1 snapshots=1 staleIntervals=1 staleMillis=563.570875
switchboard-sample-service iteration=540 checkout-v2=false
runtime-evidence iteration=540 monotonicNanos=795357436737 state=READY version=2 reconnects=1 snapshots=1 staleIntervals=1 staleMillis=563.570875
switchboard-sample-service iteration=541 checkout-v2=false
runtime-evidence iteration=541 monotonicNanos=795459953571 state=READY version=2 reconnects=1 snapshots=1 staleIntervals=1 staleMillis=563.570875
switchboard-sample-service iteration=542 checkout-v2=false
runtime-evidence iteration=542 monotonicNanos=795560825946 state=READY version=2 reconnects=1 snapshots=1 staleIntervals=1 staleMillis=563.570875
switchboard-sample-service iteration=543 checkout-v2=false
runtime-evidence iteration=543 monotonicNanos=795662505779 state=READY version=2 reconnects=1 snapshots=1 staleIntervals=1 staleMillis=563.570875
switchboard-sample-service iteration=544 checkout-v2=false
runtime-evidence iteration=544 monotonicNanos=795763903487 state=READY version=2 reconnects=1 snapshots=1 staleIntervals=1 staleMillis=563.570875
switchboard-sample-service iteration=545 checkout-v2=false
runtime-evidence iteration=545 monotonicNanos=795864411279 state=READY version=2 reconnects=1 snapshots=1 staleIntervals=1 staleMillis=563.570875
switchboard-sample-service iteration=546 checkout-v2=false
runtime-evidence iteration=546 monotonicNanos=795965945529 state=READY version=2 reconnects=1 snapshots=1 staleIntervals=1 staleMillis=563.570875
switchboard-sample-service iteration=547 checkout-v2=false
runtime-evidence iteration=547 monotonicNanos=796066784446 state=READY version=2 reconnects=1 snapshots=1 staleIntervals=1 staleMillis=563.570875
switchboard-sample-service iteration=548 checkout-v2=false
runtime-evidence iteration=548 monotonicNanos=796169542946 state=READY version=2 reconnects=1 snapshots=1 staleIntervals=1 staleMillis=563.570875
switchboard-sample-service iteration=549 checkout-v2=false
runtime-evidence iteration=549 monotonicNanos=796271085571 state=READY version=2 reconnects=1 snapshots=1 staleIntervals=1 staleMillis=563.570875
switchboard-sample-service iteration=550 checkout-v2=false
runtime-evidence iteration=550 monotonicNanos=796373106821 state=READY version=2 reconnects=1 snapshots=1 staleIntervals=1 staleMillis=563.570875
switchboard-sample-service iteration=551 checkout-v2=false
runtime-evidence iteration=551 monotonicNanos=796475491654 state=READY version=2 reconnects=1 snapshots=1 staleIntervals=1 staleMillis=563.570875
switchboard-sample-service iteration=552 checkout-v2=false
runtime-evidence iteration=552 monotonicNanos=796576788113 state=READY version=2 reconnects=1 snapshots=1 staleIntervals=1 staleMillis=563.570875
switchboard-sample-service iteration=553 checkout-v2=false
runtime-evidence iteration=553 monotonicNanos=796679913529 state=READY version=2 reconnects=1 snapshots=1 staleIntervals=1 staleMillis=563.570875
switchboard-sample-service iteration=554 checkout-v2=false
runtime-evidence iteration=554 monotonicNanos=796783166821 state=READY version=2 reconnects=1 snapshots=1 staleIntervals=1 staleMillis=563.570875
switchboard-sample-service iteration=555 checkout-v2=false
runtime-evidence iteration=555 monotonicNanos=796885978946 state=READY version=2 reconnects=1 snapshots=1 staleIntervals=1 staleMillis=563.570875
switchboard-sample-service iteration=556 checkout-v2=false
runtime-evidence iteration=556 monotonicNanos=796988549696 state=READY version=2 reconnects=1 snapshots=1 staleIntervals=1 staleMillis=563.570875
switchboard-sample-service iteration=557 checkout-v2=false
runtime-evidence iteration=557 monotonicNanos=797089802363 state=READY version=2 reconnects=1 snapshots=1 staleIntervals=1 staleMillis=563.570875
switchboard-sample-service iteration=558 checkout-v2=false
runtime-evidence iteration=558 monotonicNanos=797191979488 state=READY version=2 reconnects=1 snapshots=1 staleIntervals=1 staleMillis=563.570875
switchboard-sample-service iteration=559 checkout-v2=false
runtime-evidence iteration=559 monotonicNanos=797294000030 state=READY version=2 reconnects=1 snapshots=1 staleIntervals=1 staleMillis=563.570875
switchboard-sample-service iteration=560 checkout-v2=false
runtime-evidence iteration=560 monotonicNanos=797397263696 state=READY version=2 reconnects=1 snapshots=1 staleIntervals=1 staleMillis=563.570875
switchboard-sample-service iteration=561 checkout-v2=false
runtime-evidence iteration=561 monotonicNanos=797498294447 state=READY version=2 reconnects=1 snapshots=1 staleIntervals=1 staleMillis=563.570875
switchboard-sample-service iteration=562 checkout-v2=false
runtime-evidence iteration=562 monotonicNanos=797600115363 state=READY version=2 reconnects=1 snapshots=1 staleIntervals=1 staleMillis=563.570875
switchboard-sample-service iteration=563 checkout-v2=false
runtime-evidence iteration=563 monotonicNanos=797701952613 state=READY version=2 reconnects=1 snapshots=1 staleIntervals=1 staleMillis=563.570875
switchboard-sample-service iteration=564 checkout-v2=false
runtime-evidence iteration=564 monotonicNanos=797807967363 state=READY version=2 reconnects=1 snapshots=1 staleIntervals=1 staleMillis=563.570875
switchboard-sample-service iteration=565 checkout-v2=false
runtime-evidence iteration=565 monotonicNanos=797910450947 state=READY version=2 reconnects=1 snapshots=1 staleIntervals=1 staleMillis=563.570875
switchboard-sample-service iteration=566 checkout-v2=false
runtime-evidence iteration=566 monotonicNanos=798011949863 state=READY version=2 reconnects=1 snapshots=1 staleIntervals=1 staleMillis=563.570875
switchboard-sample-service iteration=567 checkout-v2=false
runtime-evidence iteration=567 monotonicNanos=798113675238 state=READY version=2 reconnects=1 snapshots=1 staleIntervals=1 staleMillis=563.570875
switchboard-sample-service iteration=568 checkout-v2=false
runtime-evidence iteration=568 monotonicNanos=798215271280 state=READY version=2 reconnects=1 snapshots=1 staleIntervals=1 staleMillis=563.570875
switchboard-sample-service iteration=569 checkout-v2=false
runtime-evidence iteration=569 monotonicNanos=798317753864 state=READY version=2 reconnects=1 snapshots=1 staleIntervals=1 staleMillis=563.570875
switchboard-sample-service iteration=570 checkout-v2=false
runtime-evidence iteration=570 monotonicNanos=798420620864 state=READY version=2 reconnects=1 snapshots=1 staleIntervals=1 staleMillis=563.570875
switchboard-sample-service iteration=571 checkout-v2=false
runtime-evidence iteration=571 monotonicNanos=798524787905 state=READY version=2 reconnects=1 snapshots=1 staleIntervals=1 staleMillis=563.570875
switchboard-sample-service iteration=572 checkout-v2=false
runtime-evidence iteration=572 monotonicNanos=798626977197 state=READY version=2 reconnects=1 snapshots=1 staleIntervals=1 staleMillis=563.570875
switchboard-sample-service iteration=573 checkout-v2=false
runtime-evidence iteration=573 monotonicNanos=798728545322 state=READY version=2 reconnects=1 snapshots=1 staleIntervals=1 staleMillis=563.570875
switchboard-sample-service iteration=574 checkout-v2=false
runtime-evidence iteration=574 monotonicNanos=798830517739 state=READY version=2 reconnects=1 snapshots=1 staleIntervals=1 staleMillis=563.570875
switchboard-sample-service iteration=575 checkout-v2=false
runtime-evidence iteration=575 monotonicNanos=798932034781 state=READY version=2 reconnects=1 snapshots=1 staleIntervals=1 staleMillis=563.570875
switchboard-sample-service iteration=576 checkout-v2=false
runtime-evidence iteration=576 monotonicNanos=799033459781 state=READY version=2 reconnects=1 snapshots=1 staleIntervals=1 staleMillis=563.570875
switchboard-sample-service iteration=577 checkout-v2=false
runtime-evidence iteration=577 monotonicNanos=799134541947 state=READY version=2 reconnects=1 snapshots=1 staleIntervals=1 staleMillis=563.570875
switchboard-sample-service iteration=578 checkout-v2=false
runtime-evidence iteration=578 monotonicNanos=799235932531 state=READY version=2 reconnects=1 snapshots=1 staleIntervals=1 staleMillis=563.570875
switchboard-sample-service iteration=579 checkout-v2=false
runtime-evidence iteration=579 monotonicNanos=799337421406 state=READY version=2 reconnects=1 snapshots=1 staleIntervals=1 staleMillis=563.570875
switchboard-sample-service iteration=580 checkout-v2=false
runtime-evidence iteration=580 monotonicNanos=799438742531 state=READY version=2 reconnects=1 snapshots=1 staleIntervals=1 staleMillis=563.570875
switchboard-sample-service iteration=581 checkout-v2=false
runtime-evidence iteration=581 monotonicNanos=799540544156 state=READY version=2 reconnects=1 snapshots=1 staleIntervals=1 staleMillis=563.570875
switchboard-sample-service iteration=582 checkout-v2=false
runtime-evidence iteration=582 monotonicNanos=799642840989 state=READY version=2 reconnects=1 snapshots=1 staleIntervals=1 staleMillis=563.570875
switchboard-sample-service iteration=583 checkout-v2=false
runtime-evidence iteration=583 monotonicNanos=799745231698 state=READY version=2 reconnects=1 snapshots=1 staleIntervals=1 staleMillis=563.570875
switchboard-sample-service iteration=584 checkout-v2=false
runtime-evidence iteration=584 monotonicNanos=799847835906 state=READY version=2 reconnects=1 snapshots=1 staleIntervals=1 staleMillis=563.570875
switchboard-sample-service iteration=585 checkout-v2=false
runtime-evidence iteration=585 monotonicNanos=799950451989 state=READY version=2 reconnects=1 snapshots=1 staleIntervals=1 staleMillis=563.570875
switchboard-sample-service iteration=586 checkout-v2=false
runtime-evidence iteration=586 monotonicNanos=800053648323 state=READY version=2 reconnects=1 snapshots=1 staleIntervals=1 staleMillis=563.570875
switchboard-sample-service iteration=587 checkout-v2=false
runtime-evidence iteration=587 monotonicNanos=800155679614 state=READY version=2 reconnects=1 snapshots=1 staleIntervals=1 staleMillis=563.570875
switchboard-sample-service iteration=588 checkout-v2=false
runtime-evidence iteration=588 monotonicNanos=800259133156 state=READY version=2 reconnects=1 snapshots=1 staleIntervals=1 staleMillis=563.570875
switchboard-sample-service iteration=589 checkout-v2=false
runtime-evidence iteration=589 monotonicNanos=800361411323 state=READY version=2 reconnects=1 snapshots=1 staleIntervals=1 staleMillis=563.570875
switchboard-sample-service iteration=590 checkout-v2=false
runtime-evidence iteration=590 monotonicNanos=800464076406 state=READY version=2 reconnects=1 snapshots=1 staleIntervals=1 staleMillis=563.570875
switchboard-sample-service iteration=591 checkout-v2=false
runtime-evidence iteration=591 monotonicNanos=800565886865 state=READY version=2 reconnects=1 snapshots=1 staleIntervals=1 staleMillis=563.570875
switchboard-sample-service iteration=592 checkout-v2=false
runtime-evidence iteration=592 monotonicNanos=800668526281 state=READY version=2 reconnects=1 snapshots=1 staleIntervals=1 staleMillis=563.570875
switchboard-sample-service iteration=593 checkout-v2=false
runtime-evidence iteration=593 monotonicNanos=800769821990 state=READY version=2 reconnects=1 snapshots=1 staleIntervals=1 staleMillis=563.570875
switchboard-sample-service iteration=594 checkout-v2=false
runtime-evidence iteration=594 monotonicNanos=800871846573 state=READY version=2 reconnects=1 snapshots=1 staleIntervals=1 staleMillis=563.570875
switchboard-sample-service iteration=595 checkout-v2=false
runtime-evidence iteration=595 monotonicNanos=800974178990 state=READY version=2 reconnects=1 snapshots=1 staleIntervals=1 staleMillis=563.570875
switchboard-sample-service iteration=596 checkout-v2=false
runtime-evidence iteration=596 monotonicNanos=801075866365 state=READY version=2 reconnects=1 snapshots=1 staleIntervals=1 staleMillis=563.570875
switchboard-sample-service iteration=597 checkout-v2=false
runtime-evidence iteration=597 monotonicNanos=801177180323 state=READY version=2 reconnects=1 snapshots=1 staleIntervals=1 staleMillis=563.570875
switchboard-sample-service iteration=598 checkout-v2=false
runtime-evidence iteration=598 monotonicNanos=801281499907 state=READY version=2 reconnects=1 snapshots=1 staleIntervals=1 staleMillis=563.570875
switchboard-sample-service iteration=599 checkout-v2=false
runtime-evidence iteration=599 monotonicNanos=801382980032 state=READY version=2 reconnects=1 snapshots=1 staleIntervals=1 staleMillis=563.570875
switchboard-sample-service iteration=600 checkout-v2=false
runtime-evidence iteration=600 monotonicNanos=801486511698 state=READY version=2 reconnects=1 snapshots=1 staleIntervals=1 staleMillis=563.570875
switchboard-sample-service iteration=601 checkout-v2=false
runtime-evidence iteration=601 monotonicNanos=801587672407 state=READY version=2 reconnects=1 snapshots=1 staleIntervals=1 staleMillis=563.570875
switchboard-sample-service iteration=602 checkout-v2=false
runtime-evidence iteration=602 monotonicNanos=801688865574 state=READY version=2 reconnects=1 snapshots=1 staleIntervals=1 staleMillis=563.570875
switchboard-sample-service iteration=603 checkout-v2=false
runtime-evidence iteration=603 monotonicNanos=801791418449 state=READY version=2 reconnects=1 snapshots=1 staleIntervals=1 staleMillis=563.570875
switchboard-sample-service iteration=604 checkout-v2=false
runtime-evidence iteration=604 monotonicNanos=801893333240 state=READY version=2 reconnects=1 snapshots=1 staleIntervals=1 staleMillis=563.570875
switchboard-sample-service iteration=605 checkout-v2=false
runtime-evidence iteration=605 monotonicNanos=801995134490 state=READY version=2 reconnects=1 snapshots=1 staleIntervals=1 staleMillis=563.570875
switchboard-sample-service iteration=606 checkout-v2=false
runtime-evidence iteration=606 monotonicNanos=802097507032 state=READY version=2 reconnects=1 snapshots=1 staleIntervals=1 staleMillis=563.570875
switchboard-sample-service iteration=607 checkout-v2=false
runtime-evidence iteration=607 monotonicNanos=802199035574 state=READY version=2 reconnects=1 snapshots=1 staleIntervals=1 staleMillis=563.570875
switchboard-sample-service iteration=608 checkout-v2=false
runtime-evidence iteration=608 monotonicNanos=802303628532 state=READY version=2 reconnects=1 snapshots=1 staleIntervals=1 staleMillis=563.570875
switchboard-sample-service iteration=609 checkout-v2=false
runtime-evidence iteration=609 monotonicNanos=802405330407 state=READY version=2 reconnects=1 snapshots=1 staleIntervals=1 staleMillis=563.570875
switchboard-sample-service iteration=610 checkout-v2=false
runtime-evidence iteration=610 monotonicNanos=802506502824 state=READY version=2 reconnects=1 snapshots=1 staleIntervals=1 staleMillis=563.570875
switchboard-sample-service iteration=611 checkout-v2=false
runtime-evidence iteration=611 monotonicNanos=802607623199 state=READY version=2 reconnects=1 snapshots=1 staleIntervals=1 staleMillis=563.570875
switchboard-sample-service iteration=612 checkout-v2=false
runtime-evidence iteration=612 monotonicNanos=802709179782 state=READY version=2 reconnects=1 snapshots=1 staleIntervals=1 staleMillis=563.570875
switchboard-sample-service iteration=613 checkout-v2=false
runtime-evidence iteration=613 monotonicNanos=802811972657 state=READY version=2 reconnects=1 snapshots=1 staleIntervals=1 staleMillis=563.570875
switchboard-sample-service iteration=614 checkout-v2=false
runtime-evidence iteration=614 monotonicNanos=802914811657 state=READY version=2 reconnects=1 snapshots=1 staleIntervals=1 staleMillis=563.570875
switchboard-sample-service iteration=615 checkout-v2=false
runtime-evidence iteration=615 monotonicNanos=803016700699 state=READY version=2 reconnects=1 snapshots=1 staleIntervals=1 staleMillis=563.570875
switchboard-sample-service iteration=616 checkout-v2=false
runtime-evidence iteration=616 monotonicNanos=803118859241 state=READY version=2 reconnects=1 snapshots=1 staleIntervals=1 staleMillis=563.570875
switchboard-sample-service iteration=617 checkout-v2=false
runtime-evidence iteration=617 monotonicNanos=803221039908 state=READY version=2 reconnects=1 snapshots=1 staleIntervals=1 staleMillis=563.570875
switchboard-sample-service iteration=618 checkout-v2=false
runtime-evidence iteration=618 monotonicNanos=803322700408 state=READY version=2 reconnects=1 snapshots=1 staleIntervals=1 staleMillis=563.570875
switchboard-sample-service iteration=619 checkout-v2=false
runtime-evidence iteration=619 monotonicNanos=803423889699 state=READY version=2 reconnects=1 snapshots=1 staleIntervals=1 staleMillis=563.570875
switchboard-sample-service iteration=620 checkout-v2=false
runtime-evidence iteration=620 monotonicNanos=803526059991 state=READY version=2 reconnects=1 snapshots=1 staleIntervals=1 staleMillis=563.570875
switchboard-sample-service iteration=621 checkout-v2=false
runtime-evidence iteration=621 monotonicNanos=803627456949 state=READY version=2 reconnects=1 snapshots=1 staleIntervals=1 staleMillis=563.570875
switchboard-sample-service iteration=622 checkout-v2=false
runtime-evidence iteration=622 monotonicNanos=803728731325 state=READY version=2 reconnects=1 snapshots=1 staleIntervals=1 staleMillis=563.570875
switchboard-sample-service iteration=623 checkout-v2=false
runtime-evidence iteration=623 monotonicNanos=803830375700 state=READY version=2 reconnects=1 snapshots=1 staleIntervals=1 staleMillis=563.570875
switchboard-sample-service iteration=624 checkout-v2=false
runtime-evidence iteration=624 monotonicNanos=803931890116 state=READY version=2 reconnects=1 snapshots=1 staleIntervals=1 staleMillis=563.570875
switchboard-sample-service iteration=625 checkout-v2=false
runtime-evidence iteration=625 monotonicNanos=804033048783 state=READY version=2 reconnects=1 snapshots=1 staleIntervals=1 staleMillis=563.570875
switchboard-sample-service iteration=626 checkout-v2=false
runtime-evidence iteration=626 monotonicNanos=804134596283 state=READY version=2 reconnects=1 snapshots=1 staleIntervals=1 staleMillis=563.570875
switchboard-sample-service iteration=627 checkout-v2=false
runtime-evidence iteration=627 monotonicNanos=804235967158 state=READY version=2 reconnects=1 snapshots=1 staleIntervals=1 staleMillis=563.570875
switchboard-sample-service iteration=628 checkout-v2=false
runtime-evidence iteration=628 monotonicNanos=804337809950 state=READY version=2 reconnects=1 snapshots=1 staleIntervals=1 staleMillis=563.570875
switchboard-sample-service iteration=629 checkout-v2=false
runtime-evidence iteration=629 monotonicNanos=804439734492 state=READY version=2 reconnects=1 snapshots=1 staleIntervals=1 staleMillis=563.570875
switchboard-sample-service iteration=630 checkout-v2=false
runtime-evidence iteration=630 monotonicNanos=804541312992 state=READY version=2 reconnects=1 snapshots=1 staleIntervals=1 staleMillis=563.570875
switchboard-sample-service iteration=631 checkout-v2=false
runtime-evidence iteration=631 monotonicNanos=804642645283 state=READY version=2 reconnects=1 snapshots=1 staleIntervals=1 staleMillis=563.570875
switchboard-sample-service iteration=632 checkout-v2=false
runtime-evidence iteration=632 monotonicNanos=804744375825 state=READY version=2 reconnects=1 snapshots=1 staleIntervals=1 staleMillis=563.570875
switchboard-sample-service iteration=633 checkout-v2=false
runtime-evidence iteration=633 monotonicNanos=804846688158 state=READY version=2 reconnects=1 snapshots=1 staleIntervals=1 staleMillis=563.570875
switchboard-sample-service iteration=634 checkout-v2=false
runtime-evidence iteration=634 monotonicNanos=804950190825 state=READY version=2 reconnects=1 snapshots=1 staleIntervals=1 staleMillis=563.570875
switchboard-sample-service iteration=635 checkout-v2=false
runtime-evidence iteration=635 monotonicNanos=805053082658 state=READY version=2 reconnects=1 snapshots=1 staleIntervals=1 staleMillis=563.570875
switchboard-sample-service iteration=636 checkout-v2=false
runtime-evidence iteration=636 monotonicNanos=805154774117 state=READY version=2 reconnects=1 snapshots=1 staleIntervals=1 staleMillis=563.570875
switchboard-sample-service iteration=637 checkout-v2=false
runtime-evidence iteration=637 monotonicNanos=805256643659 state=READY version=2 reconnects=1 snapshots=1 staleIntervals=1 staleMillis=563.570875
switchboard-sample-service iteration=638 checkout-v2=false
runtime-evidence iteration=638 monotonicNanos=805357989784 state=READY version=2 reconnects=1 snapshots=1 staleIntervals=1 staleMillis=563.570875
switchboard-sample-service iteration=639 checkout-v2=false
runtime-evidence iteration=639 monotonicNanos=805459843284 state=READY version=2 reconnects=1 snapshots=1 staleIntervals=1 staleMillis=563.570875
switchboard-sample-service iteration=640 checkout-v2=false
runtime-evidence iteration=640 monotonicNanos=805561753034 state=READY version=2 reconnects=1 snapshots=1 staleIntervals=1 staleMillis=563.570875
switchboard-sample-service iteration=641 checkout-v2=false
runtime-evidence iteration=641 monotonicNanos=805663624950 state=READY version=2 reconnects=1 snapshots=1 staleIntervals=1 staleMillis=563.570875
switchboard-sample-service iteration=642 checkout-v2=false
runtime-evidence iteration=642 monotonicNanos=805764852367 state=READY version=2 reconnects=1 snapshots=1 staleIntervals=1 staleMillis=563.570875
switchboard-sample-service iteration=643 checkout-v2=false
runtime-evidence iteration=643 monotonicNanos=805865567034 state=READY version=2 reconnects=1 snapshots=1 staleIntervals=1 staleMillis=563.570875
switchboard-sample-service iteration=644 checkout-v2=false
runtime-evidence iteration=644 monotonicNanos=805966798784 state=READY version=2 reconnects=1 snapshots=1 staleIntervals=1 staleMillis=563.570875
switchboard-sample-service iteration=645 checkout-v2=false
runtime-evidence iteration=645 monotonicNanos=806067721326 state=READY version=2 reconnects=1 snapshots=1 staleIntervals=1 staleMillis=563.570875
switchboard-sample-service iteration=646 checkout-v2=false
runtime-evidence iteration=646 monotonicNanos=806172945492 state=READY version=2 reconnects=1 snapshots=1 staleIntervals=1 staleMillis=563.570875
switchboard-sample-service iteration=647 checkout-v2=false
runtime-evidence iteration=647 monotonicNanos=806277616492 state=READY version=2 reconnects=1 snapshots=1 staleIntervals=1 staleMillis=563.570875
switchboard-sample-service iteration=648 checkout-v2=false
runtime-evidence iteration=648 monotonicNanos=806380137451 state=READY version=2 reconnects=1 snapshots=1 staleIntervals=1 staleMillis=563.570875
switchboard-sample-service iteration=649 checkout-v2=false
runtime-evidence iteration=649 monotonicNanos=806483185784 state=READY version=2 reconnects=1 snapshots=1 staleIntervals=1 staleMillis=563.570875
switchboard-sample-service iteration=650 checkout-v2=false
runtime-evidence iteration=650 monotonicNanos=806584645951 state=READY version=2 reconnects=1 snapshots=1 staleIntervals=1 staleMillis=563.570875
switchboard-sample-service iteration=651 checkout-v2=false
runtime-evidence iteration=651 monotonicNanos=806685523076 state=READY version=2 reconnects=1 snapshots=1 staleIntervals=1 staleMillis=563.570875
switchboard-sample-service iteration=652 checkout-v2=false
runtime-evidence iteration=652 monotonicNanos=806787757826 state=READY version=2 reconnects=1 snapshots=1 staleIntervals=1 staleMillis=563.570875
switchboard-sample-service iteration=653 checkout-v2=false
runtime-evidence iteration=653 monotonicNanos=806889911118 state=READY version=2 reconnects=1 snapshots=1 staleIntervals=1 staleMillis=563.570875
switchboard-sample-service iteration=654 checkout-v2=false
runtime-evidence iteration=654 monotonicNanos=806991996243 state=READY version=2 reconnects=1 snapshots=1 staleIntervals=1 staleMillis=563.570875
switchboard-sample-service iteration=655 checkout-v2=false
runtime-evidence iteration=655 monotonicNanos=807092541368 state=READY version=2 reconnects=1 snapshots=1 staleIntervals=1 staleMillis=563.570875
switchboard-sample-service iteration=656 checkout-v2=false
runtime-evidence iteration=656 monotonicNanos=807194537743 state=READY version=2 reconnects=1 snapshots=1 staleIntervals=1 staleMillis=563.570875
switchboard-sample-service iteration=657 checkout-v2=false
runtime-evidence iteration=657 monotonicNanos=807295640993 state=READY version=2 reconnects=1 snapshots=1 staleIntervals=1 staleMillis=563.570875
switchboard-sample-service iteration=658 checkout-v2=false
runtime-evidence iteration=658 monotonicNanos=807398123910 state=READY version=2 reconnects=1 snapshots=1 staleIntervals=1 staleMillis=563.570875
switchboard-sample-service iteration=659 checkout-v2=false
runtime-evidence iteration=659 monotonicNanos=807502355118 state=READY version=2 reconnects=1 snapshots=1 staleIntervals=1 staleMillis=563.570875
switchboard-sample-service iteration=660 checkout-v2=false
runtime-evidence iteration=660 monotonicNanos=807603790243 state=READY version=2 reconnects=1 snapshots=1 staleIntervals=1 staleMillis=563.570875
switchboard-sample-service iteration=661 checkout-v2=false
runtime-evidence iteration=661 monotonicNanos=807704952785 state=READY version=2 reconnects=1 snapshots=1 staleIntervals=1 staleMillis=563.570875
switchboard-sample-service iteration=662 checkout-v2=false
runtime-evidence iteration=662 monotonicNanos=807807331035 state=READY version=2 reconnects=1 snapshots=1 staleIntervals=1 staleMillis=563.570875
switchboard-sample-service iteration=663 checkout-v2=false
runtime-evidence iteration=663 monotonicNanos=807908790326 state=READY version=2 reconnects=1 snapshots=1 staleIntervals=1 staleMillis=563.570875
switchboard-sample-service iteration=664 checkout-v2=false
runtime-evidence iteration=664 monotonicNanos=808015708868 state=READY version=2 reconnects=1 snapshots=1 staleIntervals=1 staleMillis=563.570875
switchboard-sample-service iteration=665 checkout-v2=false
runtime-evidence iteration=665 monotonicNanos=808117713827 state=READY version=2 reconnects=1 snapshots=1 staleIntervals=1 staleMillis=563.570875
switchboard-sample-service iteration=666 checkout-v2=false
runtime-evidence iteration=666 monotonicNanos=808219348827 state=READY version=2 reconnects=1 snapshots=1 staleIntervals=1 staleMillis=563.570875
switchboard-sample-service iteration=667 checkout-v2=false
runtime-evidence iteration=667 monotonicNanos=808320928327 state=READY version=2 reconnects=1 snapshots=1 staleIntervals=1 staleMillis=563.570875
switchboard-sample-service iteration=668 checkout-v2=false
runtime-evidence iteration=668 monotonicNanos=808421523118 state=READY version=2 reconnects=1 snapshots=1 staleIntervals=1 staleMillis=563.570875
switchboard-sample-service iteration=669 checkout-v2=false
runtime-evidence iteration=669 monotonicNanos=808522808327 state=READY version=2 reconnects=1 snapshots=1 staleIntervals=1 staleMillis=563.570875
switchboard-sample-service iteration=670 checkout-v2=false
runtime-evidence iteration=670 monotonicNanos=808625137535 state=READY version=2 reconnects=1 snapshots=1 staleIntervals=1 staleMillis=563.570875
switchboard-sample-service iteration=671 checkout-v2=false
runtime-evidence iteration=671 monotonicNanos=808727150702 state=READY version=2 reconnects=1 snapshots=1 staleIntervals=1 staleMillis=563.570875
switchboard-sample-service iteration=672 checkout-v2=false
runtime-evidence iteration=672 monotonicNanos=808833300035 state=READY version=2 reconnects=1 snapshots=1 staleIntervals=1 staleMillis=563.570875
switchboard-sample-service iteration=673 checkout-v2=false
runtime-evidence iteration=673 monotonicNanos=808935354077 state=READY version=2 reconnects=1 snapshots=1 staleIntervals=1 staleMillis=563.570875
switchboard-sample-service iteration=674 checkout-v2=false
runtime-evidence iteration=674 monotonicNanos=809038366660 state=READY version=2 reconnects=1 snapshots=1 staleIntervals=1 staleMillis=563.570875
switchboard-sample-service iteration=675 checkout-v2=false
runtime-evidence iteration=675 monotonicNanos=809141767785 state=READY version=2 reconnects=1 snapshots=1 staleIntervals=1 staleMillis=563.570875
switchboard-sample-service iteration=676 checkout-v2=false
runtime-evidence iteration=676 monotonicNanos=809243305744 state=READY version=2 reconnects=1 snapshots=1 staleIntervals=1 staleMillis=563.570875
switchboard-sample-service iteration=677 checkout-v2=false
runtime-evidence iteration=677 monotonicNanos=809345136411 state=READY version=2 reconnects=1 snapshots=1 staleIntervals=1 staleMillis=563.570875
switchboard-sample-service iteration=678 checkout-v2=false
runtime-evidence iteration=678 monotonicNanos=809446569661 state=READY version=2 reconnects=1 snapshots=1 staleIntervals=1 staleMillis=563.570875
switchboard-sample-service iteration=679 checkout-v2=false
runtime-evidence iteration=679 monotonicNanos=809547558619 state=READY version=2 reconnects=1 snapshots=1 staleIntervals=1 staleMillis=563.570875
switchboard-sample-service iteration=680 checkout-v2=false
runtime-evidence iteration=680 monotonicNanos=809648687786 state=READY version=2 reconnects=1 snapshots=1 staleIntervals=1 staleMillis=563.570875
switchboard-sample-service iteration=681 checkout-v2=false
runtime-evidence iteration=681 monotonicNanos=809749705744 state=READY version=2 reconnects=1 snapshots=1 staleIntervals=1 staleMillis=563.570875
switchboard-sample-service iteration=682 checkout-v2=false
runtime-evidence iteration=682 monotonicNanos=809850668452 state=READY version=2 reconnects=1 snapshots=1 staleIntervals=1 staleMillis=563.570875
switchboard-sample-service iteration=683 checkout-v2=false
runtime-evidence iteration=683 monotonicNanos=809959190702 state=READY version=2 reconnects=1 snapshots=1 staleIntervals=1 staleMillis=563.570875
switchboard-sample-service iteration=684 checkout-v2=false
runtime-evidence iteration=684 monotonicNanos=810060562953 state=READY version=2 reconnects=1 snapshots=1 staleIntervals=1 staleMillis=563.570875
switchboard-sample-service iteration=685 checkout-v2=false
runtime-evidence iteration=685 monotonicNanos=810162571411 state=READY version=2 reconnects=1 snapshots=1 staleIntervals=1 staleMillis=563.570875
switchboard-sample-service iteration=686 checkout-v2=false
runtime-evidence iteration=686 monotonicNanos=810264196953 state=READY version=2 reconnects=1 snapshots=1 staleIntervals=1 staleMillis=563.570875
switchboard-sample-service iteration=687 checkout-v2=false
runtime-evidence iteration=687 monotonicNanos=810365849911 state=READY version=2 reconnects=1 snapshots=1 staleIntervals=1 staleMillis=563.570875
switchboard-sample-service iteration=688 checkout-v2=false
runtime-evidence iteration=688 monotonicNanos=810471415911 state=READY version=2 reconnects=1 snapshots=1 staleIntervals=1 staleMillis=563.570875
switchboard-sample-service iteration=689 checkout-v2=false
runtime-evidence iteration=689 monotonicNanos=810573088328 state=READY version=2 reconnects=1 snapshots=1 staleIntervals=1 staleMillis=563.570875
switchboard-sample-service iteration=690 checkout-v2=false
runtime-evidence iteration=690 monotonicNanos=810675443411 state=READY version=2 reconnects=1 snapshots=1 staleIntervals=1 staleMillis=563.570875
switchboard-sample-service iteration=691 checkout-v2=false
runtime-evidence iteration=691 monotonicNanos=810778178828 state=READY version=2 reconnects=1 snapshots=1 staleIntervals=1 staleMillis=563.570875
switchboard-sample-service iteration=692 checkout-v2=false
runtime-evidence iteration=692 monotonicNanos=810880600078 state=READY version=2 reconnects=1 snapshots=1 staleIntervals=1 staleMillis=563.570875
switchboard-sample-service iteration=693 checkout-v2=false
runtime-evidence iteration=693 monotonicNanos=810981422786 state=READY version=2 reconnects=1 snapshots=1 staleIntervals=1 staleMillis=563.570875
switchboard-sample-service iteration=694 checkout-v2=false
runtime-evidence iteration=694 monotonicNanos=811082733119 state=READY version=2 reconnects=1 snapshots=1 staleIntervals=1 staleMillis=563.570875
switchboard-sample-service iteration=695 checkout-v2=false
runtime-evidence iteration=695 monotonicNanos=811183850328 state=READY version=2 reconnects=1 snapshots=1 staleIntervals=1 staleMillis=563.570875
switchboard-sample-service iteration=696 checkout-v2=false
runtime-evidence iteration=696 monotonicNanos=811285482744 state=READY version=2 reconnects=1 snapshots=1 staleIntervals=1 staleMillis=563.570875
switchboard-sample-service iteration=697 checkout-v2=false
runtime-evidence iteration=697 monotonicNanos=811388364495 state=READY version=2 reconnects=1 snapshots=1 staleIntervals=1 staleMillis=563.570875
switchboard-sample-service iteration=698 checkout-v2=false
runtime-evidence iteration=698 monotonicNanos=811489763995 state=READY version=2 reconnects=1 snapshots=1 staleIntervals=1 staleMillis=563.570875
switchboard-sample-service iteration=699 checkout-v2=false
runtime-evidence iteration=699 monotonicNanos=811591499328 state=READY version=2 reconnects=1 snapshots=1 staleIntervals=1 staleMillis=563.570875
switchboard-sample-service iteration=700 checkout-v2=false
runtime-evidence iteration=700 monotonicNanos=811693920078 state=READY version=2 reconnects=1 snapshots=1 staleIntervals=1 staleMillis=563.570875
switchboard-sample-service iteration=701 checkout-v2=false
runtime-evidence iteration=701 monotonicNanos=811796542161 state=READY version=2 reconnects=1 snapshots=1 staleIntervals=1 staleMillis=563.570875
switchboard-sample-service iteration=702 checkout-v2=false
runtime-evidence iteration=702 monotonicNanos=811900763870 state=READY version=2 reconnects=1 snapshots=1 staleIntervals=1 staleMillis=563.570875
switchboard-sample-service iteration=703 checkout-v2=false
runtime-evidence iteration=703 monotonicNanos=812001651745 state=READY version=2 reconnects=1 snapshots=1 staleIntervals=1 staleMillis=563.570875
switchboard-sample-service iteration=704 checkout-v2=false
runtime-evidence iteration=704 monotonicNanos=812102685370 state=READY version=2 reconnects=1 snapshots=1 staleIntervals=1 staleMillis=563.570875
switchboard-sample-service iteration=705 checkout-v2=false
runtime-evidence iteration=705 monotonicNanos=812204398453 state=READY version=2 reconnects=1 snapshots=1 staleIntervals=1 staleMillis=563.570875
switchboard-sample-service iteration=706 checkout-v2=false
runtime-evidence iteration=706 monotonicNanos=812309224078 state=READY version=2 reconnects=1 snapshots=1 staleIntervals=1 staleMillis=563.570875
switchboard-sample-service iteration=707 checkout-v2=false
runtime-evidence iteration=707 monotonicNanos=812411459287 state=READY version=2 reconnects=1 snapshots=1 staleIntervals=1 staleMillis=563.570875
switchboard-sample-service iteration=708 checkout-v2=false
runtime-evidence iteration=708 monotonicNanos=812514943745 state=READY version=2 reconnects=1 snapshots=1 staleIntervals=1 staleMillis=563.570875
switchboard-sample-service iteration=709 checkout-v2=false
runtime-evidence iteration=709 monotonicNanos=812616910828 state=READY version=2 reconnects=1 snapshots=1 staleIntervals=1 staleMillis=563.570875
switchboard-sample-service iteration=710 checkout-v2=false
runtime-evidence iteration=710 monotonicNanos=812719186787 state=READY version=2 reconnects=1 snapshots=1 staleIntervals=1 staleMillis=563.570875
switchboard-sample-service iteration=711 checkout-v2=false
runtime-evidence iteration=711 monotonicNanos=812820860745 state=READY version=2 reconnects=1 snapshots=1 staleIntervals=1 staleMillis=563.570875
switchboard-sample-service iteration=712 checkout-v2=false
runtime-evidence iteration=712 monotonicNanos=812924834995 state=READY version=2 reconnects=1 snapshots=1 staleIntervals=1 staleMillis=563.570875
switchboard-sample-service iteration=713 checkout-v2=false
runtime-evidence iteration=713 monotonicNanos=813026873204 state=READY version=2 reconnects=1 snapshots=1 staleIntervals=1 staleMillis=563.570875
switchboard-sample-service iteration=714 checkout-v2=false
runtime-evidence iteration=714 monotonicNanos=813129377287 state=READY version=2 reconnects=1 snapshots=1 staleIntervals=1 staleMillis=563.570875
switchboard-sample-service iteration=715 checkout-v2=false
runtime-evidence iteration=715 monotonicNanos=813233585162 state=READY version=2 reconnects=1 snapshots=1 staleIntervals=1 staleMillis=563.570875
switchboard-sample-service iteration=716 checkout-v2=false
runtime-evidence iteration=716 monotonicNanos=813337067495 state=READY version=2 reconnects=1 snapshots=1 staleIntervals=1 staleMillis=563.570875
switchboard-sample-service iteration=717 checkout-v2=false
runtime-evidence iteration=717 monotonicNanos=813440493787 state=READY version=2 reconnects=1 snapshots=1 staleIntervals=1 staleMillis=563.570875
switchboard-sample-service iteration=718 checkout-v2=false
runtime-evidence iteration=718 monotonicNanos=813541503204 state=READY version=2 reconnects=1 snapshots=1 staleIntervals=1 staleMillis=563.570875
switchboard-sample-service iteration=719 checkout-v2=false
runtime-evidence iteration=719 monotonicNanos=813643460496 state=READY version=2 reconnects=1 snapshots=1 staleIntervals=1 staleMillis=563.570875
switchboard-sample-service iteration=720 checkout-v2=false
runtime-evidence iteration=720 monotonicNanos=813744750037 state=READY version=2 reconnects=1 snapshots=1 staleIntervals=1 staleMillis=563.570875
switchboard-sample-service iteration=721 checkout-v2=false
runtime-evidence iteration=721 monotonicNanos=813848164037 state=READY version=2 reconnects=1 snapshots=1 staleIntervals=1 staleMillis=563.570875
switchboard-sample-service iteration=722 checkout-v2=false
runtime-evidence iteration=722 monotonicNanos=813949940079 state=READY version=2 reconnects=1 snapshots=1 staleIntervals=1 staleMillis=563.570875
switchboard-sample-service iteration=723 checkout-v2=false
runtime-evidence iteration=723 monotonicNanos=814051991829 state=READY version=2 reconnects=1 snapshots=1 staleIntervals=1 staleMillis=563.570875
switchboard-sample-service iteration=724 checkout-v2=false
runtime-evidence iteration=724 monotonicNanos=814154754038 state=READY version=2 reconnects=1 snapshots=1 staleIntervals=1 staleMillis=563.570875
switchboard-sample-service iteration=725 checkout-v2=false
runtime-evidence iteration=725 monotonicNanos=814256748454 state=READY version=2 reconnects=1 snapshots=1 staleIntervals=1 staleMillis=563.570875
switchboard-sample-service iteration=726 checkout-v2=false
runtime-evidence iteration=726 monotonicNanos=814357508871 state=READY version=2 reconnects=1 snapshots=1 staleIntervals=1 staleMillis=563.570875
switchboard-sample-service iteration=727 checkout-v2=false
runtime-evidence iteration=727 monotonicNanos=814459060954 state=READY version=2 reconnects=1 snapshots=1 staleIntervals=1 staleMillis=563.570875
switchboard-sample-service iteration=728 checkout-v2=false
runtime-evidence iteration=728 monotonicNanos=814562115246 state=READY version=2 reconnects=1 snapshots=1 staleIntervals=1 staleMillis=563.570875
switchboard-sample-service iteration=729 checkout-v2=false
runtime-evidence iteration=729 monotonicNanos=814663945413 state=READY version=2 reconnects=1 snapshots=1 staleIntervals=1 staleMillis=563.570875
switchboard-sample-service iteration=730 checkout-v2=false
runtime-evidence iteration=730 monotonicNanos=814768187163 state=READY version=2 reconnects=1 snapshots=1 staleIntervals=1 staleMillis=563.570875
switchboard-sample-service iteration=731 checkout-v2=false
runtime-evidence iteration=731 monotonicNanos=814870432830 state=READY version=2 reconnects=1 snapshots=1 staleIntervals=1 staleMillis=563.570875
switchboard-sample-service iteration=732 checkout-v2=false
runtime-evidence iteration=732 monotonicNanos=814972973288 state=READY version=2 reconnects=1 snapshots=1 staleIntervals=1 staleMillis=563.570875
switchboard-sample-service iteration=733 checkout-v2=false
runtime-evidence iteration=733 monotonicNanos=815075605871 state=READY version=2 reconnects=1 snapshots=1 staleIntervals=1 staleMillis=563.570875
switchboard-sample-service iteration=734 checkout-v2=false
runtime-evidence iteration=734 monotonicNanos=815177308788 state=READY version=2 reconnects=1 snapshots=1 staleIntervals=1 staleMillis=563.570875
switchboard-sample-service iteration=735 checkout-v2=false
runtime-evidence iteration=735 monotonicNanos=815278939663 state=READY version=2 reconnects=1 snapshots=1 staleIntervals=1 staleMillis=563.570875
switchboard-sample-service iteration=736 checkout-v2=false
runtime-evidence iteration=736 monotonicNanos=815386361413 state=READY version=2 reconnects=1 snapshots=1 staleIntervals=1 staleMillis=563.570875
switchboard-sample-service iteration=737 checkout-v2=false
runtime-evidence iteration=737 monotonicNanos=815489428830 state=READY version=2 reconnects=1 snapshots=1 staleIntervals=1 staleMillis=563.570875
switchboard-sample-service iteration=738 checkout-v2=false
runtime-evidence iteration=738 monotonicNanos=815590403163 state=READY version=2 reconnects=1 snapshots=1 staleIntervals=1 staleMillis=563.570875
switchboard-sample-service iteration=739 checkout-v2=false
runtime-evidence iteration=739 monotonicNanos=815691524497 state=READY version=2 reconnects=1 snapshots=1 staleIntervals=1 staleMillis=563.570875
switchboard-sample-service iteration=740 checkout-v2=false
runtime-evidence iteration=740 monotonicNanos=815792550247 state=READY version=2 reconnects=1 snapshots=1 staleIntervals=1 staleMillis=563.570875
switchboard-sample-service iteration=741 checkout-v2=false
runtime-evidence iteration=741 monotonicNanos=815894514205 state=READY version=2 reconnects=1 snapshots=1 staleIntervals=1 staleMillis=563.570875
switchboard-sample-service iteration=742 checkout-v2=false
runtime-evidence iteration=742 monotonicNanos=815995580955 state=READY version=2 reconnects=1 snapshots=1 staleIntervals=1 staleMillis=563.570875
switchboard-sample-service iteration=743 checkout-v2=false
runtime-evidence iteration=743 monotonicNanos=816096797455 state=READY version=2 reconnects=1 snapshots=1 staleIntervals=1 staleMillis=563.570875
switchboard-sample-service iteration=744 checkout-v2=false
runtime-evidence iteration=744 monotonicNanos=816199722830 state=READY version=2 reconnects=1 snapshots=1 staleIntervals=1 staleMillis=563.570875
switchboard-sample-service iteration=745 checkout-v2=false
runtime-evidence iteration=745 monotonicNanos=816301141080 state=READY version=2 reconnects=1 snapshots=1 staleIntervals=1 staleMillis=563.570875
switchboard-sample-service iteration=746 checkout-v2=false
runtime-evidence iteration=746 monotonicNanos=816405240997 state=READY version=2 reconnects=1 snapshots=1 staleIntervals=1 staleMillis=563.570875
switchboard-sample-service iteration=747 checkout-v2=false
runtime-evidence iteration=747 monotonicNanos=816507548580 state=READY version=2 reconnects=1 snapshots=1 staleIntervals=1 staleMillis=563.570875
switchboard-sample-service iteration=748 checkout-v2=false
runtime-evidence iteration=748 monotonicNanos=816608797872 state=READY version=2 reconnects=1 snapshots=1 staleIntervals=1 staleMillis=563.570875
switchboard-sample-service iteration=749 checkout-v2=false
runtime-evidence iteration=749 monotonicNanos=816713342289 state=READY version=2 reconnects=1 snapshots=1 staleIntervals=1 staleMillis=563.570875
switchboard-sample-service iteration=750 checkout-v2=false
runtime-evidence iteration=750 monotonicNanos=816817577955 state=READY version=2 reconnects=1 snapshots=1 staleIntervals=1 staleMillis=563.570875
switchboard-sample-service iteration=751 checkout-v2=false
runtime-evidence iteration=751 monotonicNanos=816919206789 state=READY version=2 reconnects=1 snapshots=1 staleIntervals=1 staleMillis=563.570875
switchboard-sample-service iteration=752 checkout-v2=false
runtime-evidence iteration=752 monotonicNanos=817020434622 state=READY version=2 reconnects=1 snapshots=1 staleIntervals=1 staleMillis=563.570875
switchboard-sample-service iteration=753 checkout-v2=false
runtime-evidence iteration=753 monotonicNanos=817121957706 state=READY version=2 reconnects=1 snapshots=1 staleIntervals=1 staleMillis=563.570875
switchboard-sample-service iteration=754 checkout-v2=false
runtime-evidence iteration=754 monotonicNanos=817224405789 state=READY version=2 reconnects=1 snapshots=1 staleIntervals=1 staleMillis=563.570875
switchboard-sample-service iteration=755 checkout-v2=false
runtime-evidence iteration=755 monotonicNanos=817325680789 state=READY version=2 reconnects=1 snapshots=1 staleIntervals=1 staleMillis=563.570875
switchboard-sample-service iteration=756 checkout-v2=false
runtime-evidence iteration=756 monotonicNanos=817426639331 state=READY version=2 reconnects=1 snapshots=1 staleIntervals=1 staleMillis=563.570875
switchboard-sample-service iteration=757 checkout-v2=false
runtime-evidence iteration=757 monotonicNanos=817527940747 state=READY version=2 reconnects=1 snapshots=1 staleIntervals=1 staleMillis=563.570875
switchboard-sample-service iteration=758 checkout-v2=false
runtime-evidence iteration=758 monotonicNanos=817629918664 state=READY version=2 reconnects=1 snapshots=1 staleIntervals=1 staleMillis=563.570875
switchboard-sample-service iteration=759 checkout-v2=false
runtime-evidence iteration=759 monotonicNanos=817732362623 state=READY version=2 reconnects=1 snapshots=1 staleIntervals=1 staleMillis=563.570875
switchboard-sample-service iteration=760 checkout-v2=false
runtime-evidence iteration=760 monotonicNanos=817834307581 state=READY version=2 reconnects=1 snapshots=1 staleIntervals=1 staleMillis=563.570875
switchboard-sample-service iteration=761 checkout-v2=false
runtime-evidence iteration=761 monotonicNanos=817937499539 state=READY version=2 reconnects=1 snapshots=1 staleIntervals=1 staleMillis=563.570875
switchboard-sample-service iteration=762 checkout-v2=false
runtime-evidence iteration=762 monotonicNanos=818038732373 state=READY version=2 reconnects=1 snapshots=1 staleIntervals=1 staleMillis=563.570875
switchboard-sample-service iteration=763 checkout-v2=false
runtime-evidence iteration=763 monotonicNanos=818141925581 state=READY version=2 reconnects=1 snapshots=1 staleIntervals=1 staleMillis=563.570875
switchboard-sample-service iteration=764 checkout-v2=false
runtime-evidence iteration=764 monotonicNanos=818245315539 state=READY version=2 reconnects=1 snapshots=1 staleIntervals=1 staleMillis=563.570875
switchboard-sample-service iteration=765 checkout-v2=false
runtime-evidence iteration=765 monotonicNanos=818348933165 state=READY version=2 reconnects=1 snapshots=1 staleIntervals=1 staleMillis=563.570875
switchboard-sample-service iteration=766 checkout-v2=false
runtime-evidence iteration=766 monotonicNanos=818451367790 state=READY version=2 reconnects=1 snapshots=1 staleIntervals=1 staleMillis=563.570875
switchboard-sample-service iteration=767 checkout-v2=false
runtime-evidence iteration=767 monotonicNanos=818553560081 state=READY version=2 reconnects=1 snapshots=1 staleIntervals=1 staleMillis=563.570875
switchboard-sample-service iteration=768 checkout-v2=false
runtime-evidence iteration=768 monotonicNanos=818655432081 state=READY version=2 reconnects=1 snapshots=1 staleIntervals=1 staleMillis=563.570875
switchboard-sample-service iteration=769 checkout-v2=false
runtime-evidence iteration=769 monotonicNanos=818758434081 state=READY version=2 reconnects=1 snapshots=1 staleIntervals=1 staleMillis=563.570875
switchboard-sample-service iteration=770 checkout-v2=false
runtime-evidence iteration=770 monotonicNanos=818859489915 state=READY version=2 reconnects=1 snapshots=1 staleIntervals=1 staleMillis=563.570875
switchboard-sample-service iteration=771 checkout-v2=false
runtime-evidence iteration=771 monotonicNanos=818960937415 state=READY version=2 reconnects=1 snapshots=1 staleIntervals=1 staleMillis=563.570875
switchboard-sample-service iteration=772 checkout-v2=false
runtime-evidence iteration=772 monotonicNanos=819062589457 state=READY version=2 reconnects=1 snapshots=1 staleIntervals=1 staleMillis=563.570875
switchboard-sample-service iteration=773 checkout-v2=false
runtime-evidence iteration=773 monotonicNanos=819163879915 state=READY version=2 reconnects=1 snapshots=1 staleIntervals=1 staleMillis=563.570875
switchboard-sample-service iteration=774 checkout-v2=false
runtime-evidence iteration=774 monotonicNanos=819265052123 state=READY version=2 reconnects=1 snapshots=1 staleIntervals=1 staleMillis=563.570875
switchboard-sample-service iteration=775 checkout-v2=false
runtime-evidence iteration=775 monotonicNanos=819367131415 state=READY version=2 reconnects=1 snapshots=1 staleIntervals=1 staleMillis=563.570875
switchboard-sample-service iteration=776 checkout-v2=false
runtime-evidence iteration=776 monotonicNanos=819468474998 state=READY version=2 reconnects=1 snapshots=1 staleIntervals=1 staleMillis=563.570875
switchboard-sample-service iteration=777 checkout-v2=false
runtime-evidence iteration=777 monotonicNanos=819569650873 state=READY version=2 reconnects=1 snapshots=1 staleIntervals=1 staleMillis=563.570875
switchboard-sample-service iteration=778 checkout-v2=false
runtime-evidence iteration=778 monotonicNanos=819670737415 state=READY version=2 reconnects=1 snapshots=1 staleIntervals=1 staleMillis=563.570875
switchboard-sample-service iteration=779 checkout-v2=false
runtime-evidence iteration=779 monotonicNanos=819773824165 state=READY version=2 reconnects=1 snapshots=1 staleIntervals=1 staleMillis=563.570875
switchboard-sample-service iteration=780 checkout-v2=false
runtime-evidence iteration=780 monotonicNanos=819877301207 state=READY version=2 reconnects=1 snapshots=1 staleIntervals=1 staleMillis=563.570875
switchboard-sample-service iteration=781 checkout-v2=false
runtime-evidence iteration=781 monotonicNanos=819978615207 state=READY version=2 reconnects=1 snapshots=1 staleIntervals=1 staleMillis=563.570875
switchboard-sample-service iteration=782 checkout-v2=false
runtime-evidence iteration=782 monotonicNanos=820079371540 state=READY version=2 reconnects=1 snapshots=1 staleIntervals=1 staleMillis=563.570875
switchboard-sample-service iteration=783 checkout-v2=false
runtime-evidence iteration=783 monotonicNanos=820182160374 state=READY version=2 reconnects=1 snapshots=1 staleIntervals=1 staleMillis=563.570875
switchboard-sample-service iteration=784 checkout-v2=false
runtime-evidence iteration=784 monotonicNanos=820285355082 state=READY version=2 reconnects=1 snapshots=1 staleIntervals=1 staleMillis=563.570875
switchboard-sample-service iteration=785 checkout-v2=false
runtime-evidence iteration=785 monotonicNanos=820387189749 state=READY version=2 reconnects=1 snapshots=1 staleIntervals=1 staleMillis=563.570875
switchboard-sample-service iteration=786 checkout-v2=false
runtime-evidence iteration=786 monotonicNanos=820488587832 state=READY version=2 reconnects=1 snapshots=1 staleIntervals=1 staleMillis=563.570875
switchboard-sample-service iteration=787 checkout-v2=false
runtime-evidence iteration=787 monotonicNanos=820601697791 state=READY version=2 reconnects=1 snapshots=1 staleIntervals=1 staleMillis=563.570875
switchboard-sample-service iteration=788 checkout-v2=false
runtime-evidence iteration=788 monotonicNanos=820702873249 state=READY version=2 reconnects=1 snapshots=1 staleIntervals=1 staleMillis=563.570875
switchboard-sample-service iteration=789 checkout-v2=false
runtime-evidence iteration=789 monotonicNanos=820805172291 state=READY version=2 reconnects=1 snapshots=1 staleIntervals=1 staleMillis=563.570875
switchboard-sample-service iteration=790 checkout-v2=false
runtime-evidence iteration=790 monotonicNanos=820906684332 state=READY version=2 reconnects=1 snapshots=1 staleIntervals=1 staleMillis=563.570875
switchboard-sample-service iteration=791 checkout-v2=false
runtime-evidence iteration=791 monotonicNanos=821008333207 state=READY version=2 reconnects=1 snapshots=1 staleIntervals=1 staleMillis=563.570875
switchboard-sample-service iteration=792 checkout-v2=false
runtime-evidence iteration=792 monotonicNanos=821110947874 state=READY version=2 reconnects=1 snapshots=1 staleIntervals=1 staleMillis=563.570875
switchboard-sample-service iteration=793 checkout-v2=false
runtime-evidence iteration=793 monotonicNanos=821211989124 state=READY version=2 reconnects=1 snapshots=1 staleIntervals=1 staleMillis=563.570875
switchboard-sample-service iteration=794 checkout-v2=false
runtime-evidence iteration=794 monotonicNanos=821314041541 state=READY version=2 reconnects=1 snapshots=1 staleIntervals=1 staleMillis=563.570875
switchboard-sample-service iteration=795 checkout-v2=false
runtime-evidence iteration=795 monotonicNanos=821414556999 state=READY version=2 reconnects=1 snapshots=1 staleIntervals=1 staleMillis=563.570875
switchboard-sample-service iteration=796 checkout-v2=false
runtime-evidence iteration=796 monotonicNanos=821516585999 state=READY version=2 reconnects=1 snapshots=1 staleIntervals=1 staleMillis=563.570875
switchboard-sample-service iteration=797 checkout-v2=false
runtime-evidence iteration=797 monotonicNanos=821617501416 state=READY version=2 reconnects=1 snapshots=1 staleIntervals=1 staleMillis=563.570875
switchboard-sample-service iteration=798 checkout-v2=false
runtime-evidence iteration=798 monotonicNanos=821718553041 state=READY version=2 reconnects=1 snapshots=1 staleIntervals=1 staleMillis=563.570875
switchboard-sample-service iteration=799 checkout-v2=false
runtime-evidence iteration=799 monotonicNanos=821819717583 state=READY version=2 reconnects=1 snapshots=1 staleIntervals=1 staleMillis=563.570875
switchboard-sample-service iteration=800 checkout-v2=false
runtime-evidence iteration=800 monotonicNanos=821921716833 state=READY version=2 reconnects=1 snapshots=1 staleIntervals=1 staleMillis=563.570875
switchboard-sample-service iteration=801 checkout-v2=false
runtime-evidence iteration=801 monotonicNanos=822022902000 state=READY version=2 reconnects=1 snapshots=1 staleIntervals=1 staleMillis=563.570875
switchboard-sample-service iteration=802 checkout-v2=false
runtime-evidence iteration=802 monotonicNanos=822126413375 state=READY version=2 reconnects=1 snapshots=1 staleIntervals=1 staleMillis=563.570875
switchboard-sample-service iteration=803 checkout-v2=false
runtime-evidence iteration=803 monotonicNanos=822230751750 state=READY version=2 reconnects=1 snapshots=1 staleIntervals=1 staleMillis=563.570875
switchboard-sample-service iteration=804 checkout-v2=false
runtime-evidence iteration=804 monotonicNanos=822333558541 state=READY version=2 reconnects=1 snapshots=1 staleIntervals=1 staleMillis=563.570875
switchboard-sample-service iteration=805 checkout-v2=false
runtime-evidence iteration=805 monotonicNanos=822434902250 state=READY version=2 reconnects=1 snapshots=1 staleIntervals=1 staleMillis=563.570875
switchboard-sample-service iteration=806 checkout-v2=false
runtime-evidence iteration=806 monotonicNanos=822536565000 state=READY version=2 reconnects=1 snapshots=1 staleIntervals=1 staleMillis=563.570875
switchboard-sample-service iteration=807 checkout-v2=false
runtime-evidence iteration=807 monotonicNanos=822637433292 state=READY version=2 reconnects=1 snapshots=1 staleIntervals=1 staleMillis=563.570875
switchboard-sample-service iteration=808 checkout-v2=false
runtime-evidence iteration=808 monotonicNanos=822742894167 state=READY version=2 reconnects=1 snapshots=1 staleIntervals=1 staleMillis=563.570875
switchboard-sample-service iteration=809 checkout-v2=false
runtime-evidence iteration=809 monotonicNanos=822844785167 state=READY version=2 reconnects=1 snapshots=1 staleIntervals=1 staleMillis=563.570875
switchboard-sample-service iteration=810 checkout-v2=false
runtime-evidence iteration=810 monotonicNanos=822945917125 state=READY version=2 reconnects=1 snapshots=1 staleIntervals=1 staleMillis=563.570875
switchboard-sample-service iteration=811 checkout-v2=false
runtime-evidence iteration=811 monotonicNanos=823046703208 state=READY version=2 reconnects=1 snapshots=1 staleIntervals=1 staleMillis=563.570875
switchboard-sample-service iteration=812 checkout-v2=false
runtime-evidence iteration=812 monotonicNanos=823150906667 state=READY version=2 reconnects=1 snapshots=1 staleIntervals=1 staleMillis=563.570875
switchboard-sample-service iteration=813 checkout-v2=false
runtime-evidence iteration=813 monotonicNanos=823253110459 state=READY version=2 reconnects=1 snapshots=1 staleIntervals=1 staleMillis=563.570875
switchboard-sample-service iteration=814 checkout-v2=false
runtime-evidence iteration=814 monotonicNanos=823353819375 state=READY version=2 reconnects=1 snapshots=1 staleIntervals=1 staleMillis=563.570875
switchboard-sample-service iteration=815 checkout-v2=false
runtime-evidence iteration=815 monotonicNanos=823456097834 state=READY version=2 reconnects=1 snapshots=1 staleIntervals=1 staleMillis=563.570875
switchboard-sample-service iteration=816 checkout-v2=false
runtime-evidence iteration=816 monotonicNanos=823557842459 state=READY version=2 reconnects=1 snapshots=1 staleIntervals=1 staleMillis=563.570875
switchboard-sample-service iteration=817 checkout-v2=false
runtime-evidence iteration=817 monotonicNanos=823659714042 state=READY version=2 reconnects=1 snapshots=1 staleIntervals=1 staleMillis=563.570875
switchboard-sample-service iteration=818 checkout-v2=false
runtime-evidence iteration=818 monotonicNanos=823762224209 state=READY version=2 reconnects=1 snapshots=1 staleIntervals=1 staleMillis=563.570875
switchboard-sample-service iteration=819 checkout-v2=false
runtime-evidence iteration=819 monotonicNanos=823863530042 state=READY version=2 reconnects=1 snapshots=1 staleIntervals=1 staleMillis=563.570875
switchboard-sample-service iteration=820 checkout-v2=false
runtime-evidence iteration=820 monotonicNanos=823964576959 state=READY version=2 reconnects=1 snapshots=1 staleIntervals=1 staleMillis=563.570875
switchboard-sample-service iteration=821 checkout-v2=false
runtime-evidence iteration=821 monotonicNanos=824065509876 state=READY version=2 reconnects=1 snapshots=1 staleIntervals=1 staleMillis=563.570875
switchboard-sample-service iteration=822 checkout-v2=false
runtime-evidence iteration=822 monotonicNanos=824167804751 state=READY version=2 reconnects=1 snapshots=1 staleIntervals=1 staleMillis=563.570875
switchboard-sample-service iteration=823 checkout-v2=false
runtime-evidence iteration=823 monotonicNanos=824269589709 state=READY version=2 reconnects=1 snapshots=1 staleIntervals=1 staleMillis=563.570875
switchboard-sample-service iteration=824 checkout-v2=false
runtime-evidence iteration=824 monotonicNanos=824372826126 state=READY version=2 reconnects=1 snapshots=1 staleIntervals=1 staleMillis=563.570875
switchboard-sample-service iteration=825 checkout-v2=false
runtime-evidence iteration=825 monotonicNanos=824475799167 state=READY version=2 reconnects=1 snapshots=1 staleIntervals=1 staleMillis=563.570875
switchboard-sample-service iteration=826 checkout-v2=false
runtime-evidence iteration=826 monotonicNanos=824577899126 state=READY version=2 reconnects=1 snapshots=1 staleIntervals=1 staleMillis=563.570875
switchboard-sample-service iteration=827 checkout-v2=false
runtime-evidence iteration=827 monotonicNanos=824679628834 state=READY version=2 reconnects=1 snapshots=1 staleIntervals=1 staleMillis=563.570875
switchboard-sample-service iteration=828 checkout-v2=false
runtime-evidence iteration=828 monotonicNanos=824781871751 state=READY version=2 reconnects=1 snapshots=1 staleIntervals=1 staleMillis=563.570875
switchboard-sample-service iteration=829 checkout-v2=false
runtime-evidence iteration=829 monotonicNanos=824883611251 state=READY version=2 reconnects=1 snapshots=1 staleIntervals=1 staleMillis=563.570875
switchboard-sample-service iteration=830 checkout-v2=false
runtime-evidence iteration=830 monotonicNanos=824986347043 state=READY version=2 reconnects=1 snapshots=1 staleIntervals=1 staleMillis=563.570875
switchboard-sample-service iteration=831 checkout-v2=false
runtime-evidence iteration=831 monotonicNanos=825088249918 state=READY version=2 reconnects=1 snapshots=1 staleIntervals=1 staleMillis=563.570875
switchboard-sample-service iteration=832 checkout-v2=false
runtime-evidence iteration=832 monotonicNanos=825190279209 state=READY version=2 reconnects=1 snapshots=1 staleIntervals=1 staleMillis=563.570875
switchboard-sample-service iteration=833 checkout-v2=false
runtime-evidence iteration=833 monotonicNanos=825291641418 state=READY version=2 reconnects=1 snapshots=1 staleIntervals=1 staleMillis=563.570875
switchboard-sample-service iteration=834 checkout-v2=false
runtime-evidence iteration=834 monotonicNanos=825393709335 state=READY version=2 reconnects=1 snapshots=1 staleIntervals=1 staleMillis=563.570875
switchboard-sample-service iteration=835 checkout-v2=false
runtime-evidence iteration=835 monotonicNanos=825497821043 state=READY version=2 reconnects=1 snapshots=1 staleIntervals=1 staleMillis=563.570875
switchboard-sample-service iteration=836 checkout-v2=false
runtime-evidence iteration=836 monotonicNanos=825603977418 state=READY version=2 reconnects=1 snapshots=1 staleIntervals=1 staleMillis=563.570875
switchboard-sample-service iteration=837 checkout-v2=false
runtime-evidence iteration=837 monotonicNanos=825705027168 state=READY version=2 reconnects=1 snapshots=1 staleIntervals=1 staleMillis=563.570875
switchboard-sample-service iteration=838 checkout-v2=false
runtime-evidence iteration=838 monotonicNanos=825806563710 state=READY version=2 reconnects=1 snapshots=1 staleIntervals=1 staleMillis=563.570875
switchboard-sample-service iteration=839 checkout-v2=false
runtime-evidence iteration=839 monotonicNanos=825909189918 state=READY version=2 reconnects=1 snapshots=1 staleIntervals=1 staleMillis=563.570875
switchboard-sample-service iteration=840 checkout-v2=false
runtime-evidence iteration=840 monotonicNanos=826011552168 state=READY version=2 reconnects=1 snapshots=1 staleIntervals=1 staleMillis=563.570875
switchboard-sample-service iteration=841 checkout-v2=false
runtime-evidence iteration=841 monotonicNanos=826112962627 state=READY version=2 reconnects=1 snapshots=1 staleIntervals=1 staleMillis=563.570875
switchboard-sample-service iteration=842 checkout-v2=false
runtime-evidence iteration=842 monotonicNanos=826215669960 state=READY version=2 reconnects=1 snapshots=1 staleIntervals=1 staleMillis=563.570875
switchboard-sample-service iteration=843 checkout-v2=false
runtime-evidence iteration=843 monotonicNanos=826316709460 state=READY version=2 reconnects=1 snapshots=1 staleIntervals=1 staleMillis=563.570875
switchboard-sample-service iteration=844 checkout-v2=false
runtime-evidence iteration=844 monotonicNanos=826417731960 state=READY version=2 reconnects=1 snapshots=1 staleIntervals=1 staleMillis=563.570875
switchboard-sample-service iteration=845 checkout-v2=false
runtime-evidence iteration=845 monotonicNanos=826519817543 state=READY version=2 reconnects=1 snapshots=1 staleIntervals=1 staleMillis=563.570875
switchboard-sample-service iteration=846 checkout-v2=false
runtime-evidence iteration=846 monotonicNanos=826620677627 state=READY version=2 reconnects=1 snapshots=1 staleIntervals=1 staleMillis=563.570875
switchboard-sample-service iteration=847 checkout-v2=false
runtime-evidence iteration=847 monotonicNanos=826721731835 state=READY version=2 reconnects=1 snapshots=1 staleIntervals=1 staleMillis=563.570875
switchboard-sample-service iteration=848 checkout-v2=false
runtime-evidence iteration=848 monotonicNanos=826822794919 state=READY version=2 reconnects=1 snapshots=1 staleIntervals=1 staleMillis=563.570875
switchboard-sample-service iteration=849 checkout-v2=false
runtime-evidence iteration=849 monotonicNanos=826924857544 state=READY version=2 reconnects=1 snapshots=1 staleIntervals=1 staleMillis=563.570875
switchboard-sample-service iteration=850 checkout-v2=false
runtime-evidence iteration=850 monotonicNanos=827026522419 state=READY version=2 reconnects=1 snapshots=1 staleIntervals=1 staleMillis=563.570875
switchboard-sample-service iteration=851 checkout-v2=false
runtime-evidence iteration=851 monotonicNanos=827128172627 state=READY version=2 reconnects=1 snapshots=1 staleIntervals=1 staleMillis=563.570875
switchboard-sample-service iteration=852 checkout-v2=false
runtime-evidence iteration=852 monotonicNanos=827231488460 state=READY version=2 reconnects=1 snapshots=1 staleIntervals=1 staleMillis=563.570875
switchboard-sample-service iteration=853 checkout-v2=false
runtime-evidence iteration=853 monotonicNanos=827333060502 state=READY version=2 reconnects=1 snapshots=1 staleIntervals=1 staleMillis=563.570875
switchboard-sample-service iteration=854 checkout-v2=false
runtime-evidence iteration=854 monotonicNanos=827435793294 state=READY version=2 reconnects=1 snapshots=1 staleIntervals=1 staleMillis=563.570875
switchboard-sample-service iteration=855 checkout-v2=false
runtime-evidence iteration=855 monotonicNanos=827538689711 state=READY version=2 reconnects=1 snapshots=1 staleIntervals=1 staleMillis=563.570875
switchboard-sample-service iteration=856 checkout-v2=false
runtime-evidence iteration=856 monotonicNanos=827639769711 state=READY version=2 reconnects=1 snapshots=1 staleIntervals=1 staleMillis=563.570875
switchboard-sample-service iteration=857 checkout-v2=false
runtime-evidence iteration=857 monotonicNanos=827741597419 state=READY version=2 reconnects=1 snapshots=1 staleIntervals=1 staleMillis=563.570875
switchboard-sample-service iteration=858 checkout-v2=false
runtime-evidence iteration=858 monotonicNanos=827842743336 state=READY version=2 reconnects=1 snapshots=1 staleIntervals=1 staleMillis=563.570875
switchboard-sample-service iteration=859 checkout-v2=false
runtime-evidence iteration=859 monotonicNanos=827944332877 state=READY version=2 reconnects=1 snapshots=1 staleIntervals=1 staleMillis=563.570875
switchboard-sample-service iteration=860 checkout-v2=false
runtime-evidence iteration=860 monotonicNanos=828045656086 state=READY version=2 reconnects=1 snapshots=1 staleIntervals=1 staleMillis=563.570875
switchboard-sample-service iteration=861 checkout-v2=false
runtime-evidence iteration=861 monotonicNanos=828147453919 state=READY version=2 reconnects=1 snapshots=1 staleIntervals=1 staleMillis=563.570875
switchboard-sample-service iteration=862 checkout-v2=false
runtime-evidence iteration=862 monotonicNanos=828249980711 state=READY version=2 reconnects=1 snapshots=1 staleIntervals=1 staleMillis=563.570875
switchboard-sample-service iteration=863 checkout-v2=false
runtime-evidence iteration=863 monotonicNanos=828352597169 state=READY version=2 reconnects=1 snapshots=1 staleIntervals=1 staleMillis=563.570875
switchboard-sample-service iteration=864 checkout-v2=false
runtime-evidence iteration=864 monotonicNanos=828455287211 state=READY version=2 reconnects=1 snapshots=1 staleIntervals=1 staleMillis=563.570875
switchboard-sample-service iteration=865 checkout-v2=false
runtime-evidence iteration=865 monotonicNanos=828557135836 state=READY version=2 reconnects=1 snapshots=1 staleIntervals=1 staleMillis=563.570875
switchboard-sample-service iteration=866 checkout-v2=false
runtime-evidence iteration=866 monotonicNanos=828658858336 state=READY version=2 reconnects=1 snapshots=1 staleIntervals=1 staleMillis=563.570875
switchboard-sample-service iteration=867 checkout-v2=false
runtime-evidence iteration=867 monotonicNanos=828761263253 state=READY version=2 reconnects=1 snapshots=1 staleIntervals=1 staleMillis=563.570875
switchboard-sample-service iteration=868 checkout-v2=false
runtime-evidence iteration=868 monotonicNanos=828863196961 state=READY version=2 reconnects=1 snapshots=1 staleIntervals=1 staleMillis=563.570875
switchboard-sample-service iteration=869 checkout-v2=false
runtime-evidence iteration=869 monotonicNanos=828964735378 state=READY version=2 reconnects=1 snapshots=1 staleIntervals=1 staleMillis=563.570875
switchboard-sample-service iteration=870 checkout-v2=false
runtime-evidence iteration=870 monotonicNanos=829065881711 state=READY version=2 reconnects=1 snapshots=1 staleIntervals=1 staleMillis=563.570875
switchboard-sample-service iteration=871 checkout-v2=false
runtime-evidence iteration=871 monotonicNanos=829166604961 state=READY version=2 reconnects=1 snapshots=1 staleIntervals=1 staleMillis=563.570875
switchboard-sample-service iteration=872 checkout-v2=false
runtime-evidence iteration=872 monotonicNanos=829267968003 state=READY version=2 reconnects=1 snapshots=1 staleIntervals=1 staleMillis=563.570875
switchboard-sample-service iteration=873 checkout-v2=false
runtime-evidence iteration=873 monotonicNanos=829368540920 state=READY version=2 reconnects=1 snapshots=1 staleIntervals=1 staleMillis=563.570875
switchboard-sample-service iteration=874 checkout-v2=false
runtime-evidence iteration=874 monotonicNanos=829469582795 state=READY version=2 reconnects=1 snapshots=1 staleIntervals=1 staleMillis=563.570875
switchboard-sample-service iteration=875 checkout-v2=false
runtime-evidence iteration=875 monotonicNanos=829570834712 state=READY version=2 reconnects=1 snapshots=1 staleIntervals=1 staleMillis=563.570875
switchboard-sample-service iteration=876 checkout-v2=false
runtime-evidence iteration=876 monotonicNanos=829671951962 state=READY version=2 reconnects=1 snapshots=1 staleIntervals=1 staleMillis=563.570875
switchboard-sample-service iteration=877 checkout-v2=false
runtime-evidence iteration=877 monotonicNanos=829776059253 state=READY version=2 reconnects=1 snapshots=1 staleIntervals=1 staleMillis=563.570875
switchboard-sample-service iteration=878 checkout-v2=false
runtime-evidence iteration=878 monotonicNanos=829878451253 state=READY version=2 reconnects=1 snapshots=1 staleIntervals=1 staleMillis=563.570875
switchboard-sample-service iteration=879 checkout-v2=false
runtime-evidence iteration=879 monotonicNanos=829980197920 state=READY version=2 reconnects=1 snapshots=1 staleIntervals=1 staleMillis=563.570875
switchboard-sample-service iteration=880 checkout-v2=false
runtime-evidence iteration=880 monotonicNanos=830082566378 state=READY version=2 reconnects=1 snapshots=1 staleIntervals=1 staleMillis=563.570875
switchboard-sample-service iteration=881 checkout-v2=false
runtime-evidence iteration=881 monotonicNanos=830184550462 state=READY version=2 reconnects=1 snapshots=1 staleIntervals=1 staleMillis=563.570875
switchboard-sample-service iteration=882 checkout-v2=false
runtime-evidence iteration=882 monotonicNanos=830287856795 state=READY version=2 reconnects=1 snapshots=1 staleIntervals=1 staleMillis=563.570875
switchboard-sample-service iteration=883 checkout-v2=false
runtime-evidence iteration=883 monotonicNanos=830389705920 state=READY version=2 reconnects=1 snapshots=1 staleIntervals=1 staleMillis=563.570875
switchboard-sample-service iteration=884 checkout-v2=false
runtime-evidence iteration=884 monotonicNanos=830490781337 state=READY version=2 reconnects=1 snapshots=1 staleIntervals=1 staleMillis=563.570875
switchboard-sample-service iteration=885 checkout-v2=false
runtime-evidence iteration=885 monotonicNanos=830592173337 state=READY version=2 reconnects=1 snapshots=1 staleIntervals=1 staleMillis=563.570875
switchboard-sample-service iteration=886 checkout-v2=false
runtime-evidence iteration=886 monotonicNanos=830693650379 state=READY version=2 reconnects=1 snapshots=1 staleIntervals=1 staleMillis=563.570875
switchboard-sample-service iteration=887 checkout-v2=false
runtime-evidence iteration=887 monotonicNanos=830795056087 state=READY version=2 reconnects=1 snapshots=1 staleIntervals=1 staleMillis=563.570875
switchboard-sample-service iteration=888 checkout-v2=false
runtime-evidence iteration=888 monotonicNanos=830897046462 state=READY version=2 reconnects=1 snapshots=1 staleIntervals=1 staleMillis=563.570875
switchboard-sample-service iteration=889 checkout-v2=false
runtime-evidence iteration=889 monotonicNanos=830999889129 state=READY version=2 reconnects=1 snapshots=1 staleIntervals=1 staleMillis=563.570875
switchboard-sample-service iteration=890 checkout-v2=false
runtime-evidence iteration=890 monotonicNanos=831102293004 state=READY version=2 reconnects=1 snapshots=1 staleIntervals=1 staleMillis=563.570875
switchboard-sample-service iteration=891 checkout-v2=false
runtime-evidence iteration=891 monotonicNanos=831205434754 state=READY version=2 reconnects=1 snapshots=1 staleIntervals=1 staleMillis=563.570875
switchboard-sample-service iteration=892 checkout-v2=false
runtime-evidence iteration=892 monotonicNanos=831307175004 state=READY version=2 reconnects=1 snapshots=1 staleIntervals=1 staleMillis=563.570875
switchboard-sample-service iteration=893 checkout-v2=false
runtime-evidence iteration=893 monotonicNanos=831409230546 state=READY version=2 reconnects=1 snapshots=1 staleIntervals=1 staleMillis=563.570875
switchboard-sample-service iteration=894 checkout-v2=false
runtime-evidence iteration=894 monotonicNanos=831511736671 state=READY version=2 reconnects=1 snapshots=1 staleIntervals=1 staleMillis=563.570875
switchboard-sample-service iteration=895 checkout-v2=false
runtime-evidence iteration=895 monotonicNanos=831612965212 state=READY version=2 reconnects=1 snapshots=1 staleIntervals=1 staleMillis=563.570875
switchboard-sample-service iteration=896 checkout-v2=false
runtime-evidence iteration=896 monotonicNanos=831714860838 state=READY version=2 reconnects=1 snapshots=1 staleIntervals=1 staleMillis=563.570875
switchboard-sample-service iteration=897 checkout-v2=false
runtime-evidence iteration=897 monotonicNanos=831816197879 state=READY version=2 reconnects=1 snapshots=1 staleIntervals=1 staleMillis=563.570875
switchboard-sample-service iteration=898 checkout-v2=false
runtime-evidence iteration=898 monotonicNanos=831918359338 state=READY version=2 reconnects=1 snapshots=1 staleIntervals=1 staleMillis=563.570875
switchboard-sample-service iteration=899 checkout-v2=false
runtime-evidence iteration=899 monotonicNanos=832019873296 state=READY version=2 reconnects=1 snapshots=1 staleIntervals=1 staleMillis=563.570875
switchboard-sample-service iteration=900 checkout-v2=false
runtime-evidence iteration=900 monotonicNanos=832122524588 state=READY version=2 reconnects=1 snapshots=1 staleIntervals=1 staleMillis=563.570875
switchboard-sample-service iteration=901 checkout-v2=false
runtime-evidence iteration=901 monotonicNanos=832224953213 state=READY version=2 reconnects=1 snapshots=1 staleIntervals=1 staleMillis=563.570875
switchboard-sample-service iteration=902 checkout-v2=false
runtime-evidence iteration=902 monotonicNanos=832327696088 state=READY version=2 reconnects=1 snapshots=1 staleIntervals=1 staleMillis=563.570875
switchboard-sample-service iteration=903 checkout-v2=false
runtime-evidence iteration=903 monotonicNanos=832430263588 state=READY version=2 reconnects=1 snapshots=1 staleIntervals=1 staleMillis=563.570875
switchboard-sample-service iteration=904 checkout-v2=false
runtime-evidence iteration=904 monotonicNanos=832532065546 state=READY version=2 reconnects=1 snapshots=1 staleIntervals=1 staleMillis=563.570875
switchboard-sample-service iteration=905 checkout-v2=false
runtime-evidence iteration=905 monotonicNanos=832632783130 state=READY version=2 reconnects=1 snapshots=1 staleIntervals=1 staleMillis=563.570875
switchboard-sample-service iteration=906 checkout-v2=false
runtime-evidence iteration=906 monotonicNanos=832735944505 state=READY version=2 reconnects=1 snapshots=1 staleIntervals=1 staleMillis=563.570875
switchboard-sample-service iteration=907 checkout-v2=false
runtime-evidence iteration=907 monotonicNanos=832839704171 state=READY version=2 reconnects=1 snapshots=1 staleIntervals=1 staleMillis=563.570875
switchboard-sample-service iteration=908 checkout-v2=false
runtime-evidence iteration=908 monotonicNanos=832942140421 state=READY version=2 reconnects=1 snapshots=1 staleIntervals=1 staleMillis=563.570875
switchboard-sample-service iteration=909 checkout-v2=false
runtime-evidence iteration=909 monotonicNanos=833043975880 state=READY version=2 reconnects=1 snapshots=1 staleIntervals=1 staleMillis=563.570875
switchboard-sample-service iteration=910 checkout-v2=false
runtime-evidence iteration=910 monotonicNanos=833150449838 state=READY version=2 reconnects=1 snapshots=1 staleIntervals=1 staleMillis=563.570875
switchboard-sample-service iteration=911 checkout-v2=false
runtime-evidence iteration=911 monotonicNanos=833252586172 state=READY version=2 reconnects=1 snapshots=1 staleIntervals=1 staleMillis=563.570875
switchboard-sample-service iteration=912 checkout-v2=false
runtime-evidence iteration=912 monotonicNanos=833353786297 state=READY version=2 reconnects=1 snapshots=1 staleIntervals=1 staleMillis=563.570875
switchboard-sample-service iteration=913 checkout-v2=false
runtime-evidence iteration=913 monotonicNanos=833454994922 state=READY version=2 reconnects=1 snapshots=1 staleIntervals=1 staleMillis=563.570875
switchboard-sample-service iteration=914 checkout-v2=false
runtime-evidence iteration=914 monotonicNanos=833556896213 state=READY version=2 reconnects=1 snapshots=1 staleIntervals=1 staleMillis=563.570875
switchboard-sample-service iteration=915 checkout-v2=false
runtime-evidence iteration=915 monotonicNanos=833658947963 state=READY version=2 reconnects=1 snapshots=1 staleIntervals=1 staleMillis=563.570875
switchboard-sample-service iteration=916 checkout-v2=false
runtime-evidence iteration=916 monotonicNanos=833760381880 state=READY version=2 reconnects=1 snapshots=1 staleIntervals=1 staleMillis=563.570875
switchboard-sample-service iteration=917 checkout-v2=false
runtime-evidence iteration=917 monotonicNanos=833862354797 state=READY version=2 reconnects=1 snapshots=1 staleIntervals=1 staleMillis=563.570875
switchboard-sample-service iteration=918 checkout-v2=false
runtime-evidence iteration=918 monotonicNanos=833963922172 state=READY version=2 reconnects=1 snapshots=1 staleIntervals=1 staleMillis=563.570875
switchboard-sample-service iteration=919 checkout-v2=false
runtime-evidence iteration=919 monotonicNanos=834065889464 state=READY version=2 reconnects=1 snapshots=1 staleIntervals=1 staleMillis=563.570875
switchboard-sample-service iteration=920 checkout-v2=false
runtime-evidence iteration=920 monotonicNanos=834167908589 state=READY version=2 reconnects=1 snapshots=1 staleIntervals=1 staleMillis=563.570875
switchboard-sample-service iteration=921 checkout-v2=false
runtime-evidence iteration=921 monotonicNanos=834270470255 state=READY version=2 reconnects=1 snapshots=1 staleIntervals=1 staleMillis=563.570875
switchboard-sample-service iteration=922 checkout-v2=false
runtime-evidence iteration=922 monotonicNanos=834371884505 state=READY version=2 reconnects=1 snapshots=1 staleIntervals=1 staleMillis=563.570875
switchboard-sample-service iteration=923 checkout-v2=false
runtime-evidence iteration=923 monotonicNanos=834476564089 state=READY version=2 reconnects=1 snapshots=1 staleIntervals=1 staleMillis=563.570875
switchboard-sample-service iteration=924 checkout-v2=false
runtime-evidence iteration=924 monotonicNanos=834577759214 state=READY version=2 reconnects=1 snapshots=1 staleIntervals=1 staleMillis=563.570875
switchboard-sample-service iteration=925 checkout-v2=false
runtime-evidence iteration=925 monotonicNanos=834680304797 state=READY version=2 reconnects=1 snapshots=1 staleIntervals=1 staleMillis=563.570875
switchboard-sample-service iteration=926 checkout-v2=false
runtime-evidence iteration=926 monotonicNanos=834784026214 state=READY version=2 reconnects=1 snapshots=1 staleIntervals=1 staleMillis=563.570875
switchboard-sample-service iteration=927 checkout-v2=false
runtime-evidence iteration=927 monotonicNanos=834888112922 state=READY version=2 reconnects=1 snapshots=1 staleIntervals=1 staleMillis=563.570875
switchboard-sample-service iteration=928 checkout-v2=false
runtime-evidence iteration=928 monotonicNanos=834994366839 state=READY version=2 reconnects=1 snapshots=1 staleIntervals=1 staleMillis=563.570875
switchboard-sample-service iteration=929 checkout-v2=false
runtime-evidence iteration=929 monotonicNanos=835095598297 state=READY version=2 reconnects=1 snapshots=1 staleIntervals=1 staleMillis=563.570875
switchboard-sample-service iteration=930 checkout-v2=false
runtime-evidence iteration=930 monotonicNanos=835197261214 state=READY version=2 reconnects=1 snapshots=1 staleIntervals=1 staleMillis=563.570875
switchboard-sample-service iteration=931 checkout-v2=false
runtime-evidence iteration=931 monotonicNanos=835298572548 state=READY version=2 reconnects=1 snapshots=1 staleIntervals=1 staleMillis=563.570875
switchboard-sample-service iteration=932 checkout-v2=false
runtime-evidence iteration=932 monotonicNanos=835415509381 state=READY version=2 reconnects=1 snapshots=1 staleIntervals=1 staleMillis=563.570875
switchboard-sample-service iteration=933 checkout-v2=false
runtime-evidence iteration=933 monotonicNanos=835517756881 state=READY version=2 reconnects=1 snapshots=1 staleIntervals=1 staleMillis=563.570875
switchboard-sample-service iteration=934 checkout-v2=false
runtime-evidence iteration=934 monotonicNanos=835618582298 state=READY version=2 reconnects=1 snapshots=1 staleIntervals=1 staleMillis=563.570875
switchboard-sample-service iteration=935 checkout-v2=false
runtime-evidence iteration=935 monotonicNanos=835719130089 state=READY version=2 reconnects=1 snapshots=1 staleIntervals=1 staleMillis=563.570875
switchboard-sample-service iteration=936 checkout-v2=false
runtime-evidence iteration=936 monotonicNanos=835821056298 state=READY version=2 reconnects=1 snapshots=1 staleIntervals=1 staleMillis=563.570875
switchboard-sample-service iteration=937 checkout-v2=false
runtime-evidence iteration=937 monotonicNanos=835922783340 state=READY version=2 reconnects=1 snapshots=1 staleIntervals=1 staleMillis=563.570875
switchboard-sample-service iteration=938 checkout-v2=false
runtime-evidence iteration=938 monotonicNanos=836023610631 state=READY version=2 reconnects=1 snapshots=1 staleIntervals=1 staleMillis=563.570875
switchboard-sample-service iteration=939 checkout-v2=false
runtime-evidence iteration=939 monotonicNanos=836124502965 state=READY version=2 reconnects=1 snapshots=1 staleIntervals=1 staleMillis=563.570875
switchboard-sample-service iteration=940 checkout-v2=false
runtime-evidence iteration=940 monotonicNanos=836227309506 state=READY version=2 reconnects=1 snapshots=1 staleIntervals=1 staleMillis=563.570875
switchboard-sample-service iteration=941 checkout-v2=false
runtime-evidence iteration=941 monotonicNanos=836329501965 state=READY version=2 reconnects=1 snapshots=1 staleIntervals=1 staleMillis=563.570875
switchboard-sample-service iteration=942 checkout-v2=false
runtime-evidence iteration=942 monotonicNanos=836430900131 state=READY version=2 reconnects=1 snapshots=1 staleIntervals=1 staleMillis=563.570875
switchboard-sample-service iteration=943 checkout-v2=false
runtime-evidence iteration=943 monotonicNanos=836533324507 state=READY version=2 reconnects=1 snapshots=1 staleIntervals=1 staleMillis=563.570875
switchboard-sample-service iteration=944 checkout-v2=false
runtime-evidence iteration=944 monotonicNanos=836635753382 state=READY version=2 reconnects=1 snapshots=1 staleIntervals=1 staleMillis=563.570875
switchboard-sample-service iteration=945 checkout-v2=false
runtime-evidence iteration=945 monotonicNanos=836738225840 state=READY version=2 reconnects=1 snapshots=1 staleIntervals=1 staleMillis=563.570875
switchboard-sample-service iteration=946 checkout-v2=false
runtime-evidence iteration=946 monotonicNanos=836839616548 state=READY version=2 reconnects=1 snapshots=1 staleIntervals=1 staleMillis=563.570875
switchboard-sample-service iteration=947 checkout-v2=false
runtime-evidence iteration=947 monotonicNanos=836940858590 state=READY version=2 reconnects=1 snapshots=1 staleIntervals=1 staleMillis=563.570875
switchboard-sample-service iteration=948 checkout-v2=false
runtime-evidence iteration=948 monotonicNanos=837042584298 state=READY version=2 reconnects=1 snapshots=1 staleIntervals=1 staleMillis=563.570875
switchboard-sample-service iteration=949 checkout-v2=false
runtime-evidence iteration=949 monotonicNanos=837145125798 state=READY version=2 reconnects=1 snapshots=1 staleIntervals=1 staleMillis=563.570875
switchboard-sample-service iteration=950 checkout-v2=false
runtime-evidence iteration=950 monotonicNanos=837248796049 state=READY version=2 reconnects=1 snapshots=1 staleIntervals=1 staleMillis=563.570875
switchboard-sample-service iteration=951 checkout-v2=false
runtime-evidence iteration=951 monotonicNanos=837350555840 state=READY version=2 reconnects=1 snapshots=1 staleIntervals=1 staleMillis=563.570875
switchboard-sample-service iteration=952 checkout-v2=false
runtime-evidence iteration=952 monotonicNanos=837454874257 state=READY version=2 reconnects=1 snapshots=1 staleIntervals=1 staleMillis=563.570875
switchboard-sample-service iteration=953 checkout-v2=false
runtime-evidence iteration=953 monotonicNanos=837557758549 state=READY version=2 reconnects=1 snapshots=1 staleIntervals=1 staleMillis=563.570875
switchboard-sample-service iteration=954 checkout-v2=false
runtime-evidence iteration=954 monotonicNanos=837662352424 state=READY version=2 reconnects=1 snapshots=1 staleIntervals=1 staleMillis=563.570875
switchboard-sample-service iteration=955 checkout-v2=false
runtime-evidence iteration=955 monotonicNanos=837764186215 state=READY version=2 reconnects=1 snapshots=1 staleIntervals=1 staleMillis=563.570875
switchboard-sample-service iteration=956 checkout-v2=false
runtime-evidence iteration=956 monotonicNanos=837867226382 state=READY version=2 reconnects=1 snapshots=1 staleIntervals=1 staleMillis=563.570875
switchboard-sample-service iteration=957 checkout-v2=false
runtime-evidence iteration=957 monotonicNanos=837970313632 state=READY version=2 reconnects=1 snapshots=1 staleIntervals=1 staleMillis=563.570875
switchboard-sample-service iteration=958 checkout-v2=false
runtime-evidence iteration=958 monotonicNanos=838071619007 state=READY version=2 reconnects=1 snapshots=1 staleIntervals=1 staleMillis=563.570875
switchboard-sample-service iteration=959 checkout-v2=false
runtime-evidence iteration=959 monotonicNanos=838175128424 state=READY version=2 reconnects=1 snapshots=1 staleIntervals=1 staleMillis=563.570875
switchboard-sample-service iteration=960 checkout-v2=false
runtime-evidence iteration=960 monotonicNanos=838283751632 state=READY version=2 reconnects=1 snapshots=1 staleIntervals=1 staleMillis=563.570875
switchboard-sample-service iteration=961 checkout-v2=false
runtime-evidence iteration=961 monotonicNanos=838384719382 state=READY version=2 reconnects=1 snapshots=1 staleIntervals=1 staleMillis=563.570875
switchboard-sample-service iteration=962 checkout-v2=false
runtime-evidence iteration=962 monotonicNanos=838486898007 state=READY version=2 reconnects=1 snapshots=1 staleIntervals=1 staleMillis=563.570875
switchboard-sample-service iteration=963 checkout-v2=false
runtime-evidence iteration=963 monotonicNanos=838588306674 state=READY version=2 reconnects=1 snapshots=1 staleIntervals=1 staleMillis=563.570875
switchboard-sample-service iteration=964 checkout-v2=false
runtime-evidence iteration=964 monotonicNanos=838689880966 state=READY version=2 reconnects=1 snapshots=1 staleIntervals=1 staleMillis=563.570875
switchboard-sample-service iteration=965 checkout-v2=false
runtime-evidence iteration=965 monotonicNanos=838790956216 state=READY version=2 reconnects=1 snapshots=1 staleIntervals=1 staleMillis=563.570875
switchboard-sample-service iteration=966 checkout-v2=false
runtime-evidence iteration=966 monotonicNanos=838893566216 state=READY version=2 reconnects=1 snapshots=1 staleIntervals=1 staleMillis=563.570875
switchboard-sample-service iteration=967 checkout-v2=false
runtime-evidence iteration=967 monotonicNanos=838994611591 state=READY version=2 reconnects=1 snapshots=1 staleIntervals=1 staleMillis=563.570875
switchboard-sample-service iteration=968 checkout-v2=false
runtime-evidence iteration=968 monotonicNanos=839095537174 state=READY version=2 reconnects=1 snapshots=1 staleIntervals=1 staleMillis=563.570875
switchboard-sample-service iteration=969 checkout-v2=false
runtime-evidence iteration=969 monotonicNanos=839198190799 state=READY version=2 reconnects=1 snapshots=1 staleIntervals=1 staleMillis=563.570875
switchboard-sample-service iteration=970 checkout-v2=false
runtime-evidence iteration=970 monotonicNanos=839302197299 state=READY version=2 reconnects=1 snapshots=1 staleIntervals=1 staleMillis=563.570875
switchboard-sample-service iteration=971 checkout-v2=false
runtime-evidence iteration=971 monotonicNanos=839403169633 state=READY version=2 reconnects=1 snapshots=1 staleIntervals=1 staleMillis=563.570875
switchboard-sample-service iteration=972 checkout-v2=false
runtime-evidence iteration=972 monotonicNanos=839504644383 state=READY version=2 reconnects=1 snapshots=1 staleIntervals=1 staleMillis=563.570875
switchboard-sample-service iteration=973 checkout-v2=false
runtime-evidence iteration=973 monotonicNanos=839606563966 state=READY version=2 reconnects=1 snapshots=1 staleIntervals=1 staleMillis=563.570875
switchboard-sample-service iteration=974 checkout-v2=false
runtime-evidence iteration=974 monotonicNanos=839708063466 state=READY version=2 reconnects=1 snapshots=1 staleIntervals=1 staleMillis=563.570875
switchboard-sample-service iteration=975 checkout-v2=false
runtime-evidence iteration=975 monotonicNanos=839809814300 state=READY version=2 reconnects=1 snapshots=1 staleIntervals=1 staleMillis=563.570875
switchboard-sample-service iteration=976 checkout-v2=false
runtime-evidence iteration=976 monotonicNanos=839910827675 state=READY version=2 reconnects=1 snapshots=1 staleIntervals=1 staleMillis=563.570875
switchboard-sample-service iteration=977 checkout-v2=false
runtime-evidence iteration=977 monotonicNanos=840012484841 state=READY version=2 reconnects=1 snapshots=1 staleIntervals=1 staleMillis=563.570875
switchboard-sample-service iteration=978 checkout-v2=false
runtime-evidence iteration=978 monotonicNanos=840113684883 state=READY version=2 reconnects=1 snapshots=1 staleIntervals=1 staleMillis=563.570875
switchboard-sample-service iteration=979 checkout-v2=false
runtime-evidence iteration=979 monotonicNanos=840214917092 state=READY version=2 reconnects=1 snapshots=1 staleIntervals=1 staleMillis=563.570875
switchboard-sample-service iteration=980 checkout-v2=false
runtime-evidence iteration=980 monotonicNanos=840317309925 state=READY version=2 reconnects=1 snapshots=1 staleIntervals=1 staleMillis=563.570875
switchboard-sample-service iteration=981 checkout-v2=false
runtime-evidence iteration=981 monotonicNanos=840419773008 state=READY version=2 reconnects=1 snapshots=1 staleIntervals=1 staleMillis=563.570875
switchboard-sample-service iteration=982 checkout-v2=false
runtime-evidence iteration=982 monotonicNanos=840521178550 state=READY version=2 reconnects=1 snapshots=1 staleIntervals=1 staleMillis=563.570875
switchboard-sample-service iteration=983 checkout-v2=false
runtime-evidence iteration=983 monotonicNanos=840630240883 state=READY version=2 reconnects=1 snapshots=1 staleIntervals=1 staleMillis=563.570875
switchboard-sample-service iteration=984 checkout-v2=false
runtime-evidence iteration=984 monotonicNanos=840737828717 state=READY version=2 reconnects=1 snapshots=1 staleIntervals=1 staleMillis=563.570875
switchboard-sample-service iteration=985 checkout-v2=false
runtime-evidence iteration=985 monotonicNanos=840842171717 state=READY version=2 reconnects=1 snapshots=1 staleIntervals=1 staleMillis=563.570875
switchboard-sample-service iteration=986 checkout-v2=false
runtime-evidence iteration=986 monotonicNanos=840943850884 state=READY version=2 reconnects=1 snapshots=1 staleIntervals=1 staleMillis=563.570875
switchboard-sample-service iteration=987 checkout-v2=false
runtime-evidence iteration=987 monotonicNanos=841044461550 state=READY version=2 reconnects=1 snapshots=1 staleIntervals=1 staleMillis=563.570875
switchboard-sample-service iteration=988 checkout-v2=false
runtime-evidence iteration=988 monotonicNanos=841146236592 state=READY version=2 reconnects=1 snapshots=1 staleIntervals=1 staleMillis=563.570875
switchboard-sample-service iteration=989 checkout-v2=false
runtime-evidence iteration=989 monotonicNanos=841248571884 state=READY version=2 reconnects=1 snapshots=1 staleIntervals=1 staleMillis=563.570875
switchboard-sample-service iteration=990 checkout-v2=false
runtime-evidence iteration=990 monotonicNanos=841351749175 state=READY version=2 reconnects=1 snapshots=1 staleIntervals=1 staleMillis=563.570875
switchboard-sample-service iteration=991 checkout-v2=false
runtime-evidence iteration=991 monotonicNanos=841453464342 state=READY version=2 reconnects=1 snapshots=1 staleIntervals=1 staleMillis=563.570875
switchboard-sample-service iteration=992 checkout-v2=false
runtime-evidence iteration=992 monotonicNanos=841554842217 state=READY version=2 reconnects=1 snapshots=1 staleIntervals=1 staleMillis=563.570875
switchboard-sample-service iteration=993 checkout-v2=false
runtime-evidence iteration=993 monotonicNanos=841656585926 state=READY version=2 reconnects=1 snapshots=1 staleIntervals=1 staleMillis=563.570875
switchboard-sample-service iteration=994 checkout-v2=false
runtime-evidence iteration=994 monotonicNanos=841758689217 state=READY version=2 reconnects=1 snapshots=1 staleIntervals=1 staleMillis=563.570875
switchboard-sample-service iteration=995 checkout-v2=false
runtime-evidence iteration=995 monotonicNanos=841861475801 state=READY version=2 reconnects=1 snapshots=1 staleIntervals=1 staleMillis=563.570875
switchboard-sample-service iteration=996 checkout-v2=false
runtime-evidence iteration=996 monotonicNanos=841962779217 state=READY version=2 reconnects=1 snapshots=1 staleIntervals=1 staleMillis=563.570875
switchboard-sample-service iteration=997 checkout-v2=false
runtime-evidence iteration=997 monotonicNanos=842065563259 state=READY version=2 reconnects=1 snapshots=1 staleIntervals=1 staleMillis=563.570875
switchboard-sample-service iteration=998 checkout-v2=false
runtime-evidence iteration=998 monotonicNanos=842167745593 state=READY version=2 reconnects=1 snapshots=1 staleIntervals=1 staleMillis=563.570875
switchboard-sample-service iteration=999 checkout-v2=false
runtime-evidence iteration=999 monotonicNanos=842271148426 state=READY version=2 reconnects=1 snapshots=1 staleIntervals=1 staleMillis=563.570875
switchboard-sample-service iteration=1000 checkout-v2=false
runtime-evidence iteration=1000 monotonicNanos=842372354093 state=READY version=2 reconnects=1 snapshots=1 staleIntervals=1 staleMillis=563.570875
switchboard-sample-service iteration=1001 checkout-v2=false
runtime-evidence iteration=1001 monotonicNanos=842474264593 state=READY version=2 reconnects=1 snapshots=1 staleIntervals=1 staleMillis=563.570875
switchboard-sample-service iteration=1002 checkout-v2=false
runtime-evidence iteration=1002 monotonicNanos=842577418134 state=READY version=2 reconnects=1 snapshots=1 staleIntervals=1 staleMillis=563.570875
switchboard-sample-service iteration=1003 checkout-v2=false
runtime-evidence iteration=1003 monotonicNanos=842678918551 state=READY version=2 reconnects=1 snapshots=1 staleIntervals=1 staleMillis=563.570875
switchboard-sample-service iteration=1004 checkout-v2=false
runtime-evidence iteration=1004 monotonicNanos=842781836509 state=READY version=2 reconnects=1 snapshots=1 staleIntervals=1 staleMillis=563.570875
switchboard-sample-service iteration=1005 checkout-v2=false
runtime-evidence iteration=1005 monotonicNanos=842886148301 state=READY version=2 reconnects=1 snapshots=1 staleIntervals=1 staleMillis=563.570875
switchboard-sample-service iteration=1006 checkout-v2=false
runtime-evidence iteration=1006 monotonicNanos=842988498260 state=READY version=2 reconnects=1 snapshots=1 staleIntervals=1 staleMillis=563.570875
switchboard-sample-service iteration=1007 checkout-v2=false
runtime-evidence iteration=1007 monotonicNanos=843090141635 state=READY version=2 reconnects=1 snapshots=1 staleIntervals=1 staleMillis=563.570875
switchboard-sample-service iteration=1008 checkout-v2=false
runtime-evidence iteration=1008 monotonicNanos=843192701218 state=READY version=2 reconnects=1 snapshots=1 staleIntervals=1 staleMillis=563.570875
switchboard-sample-service iteration=1009 checkout-v2=false
runtime-evidence iteration=1009 monotonicNanos=843294978301 state=READY version=2 reconnects=1 snapshots=1 staleIntervals=1 staleMillis=563.570875
switchboard-sample-service iteration=1010 checkout-v2=false
runtime-evidence iteration=1010 monotonicNanos=843397961551 state=READY version=2 reconnects=1 snapshots=1 staleIntervals=1 staleMillis=563.570875
switchboard-sample-service iteration=1011 checkout-v2=false
runtime-evidence iteration=1011 monotonicNanos=843498754885 state=READY version=2 reconnects=1 snapshots=1 staleIntervals=1 staleMillis=563.570875
switchboard-sample-service iteration=1012 checkout-v2=false
runtime-evidence iteration=1012 monotonicNanos=843601549343 state=READY version=2 reconnects=1 snapshots=1 staleIntervals=1 staleMillis=563.570875
switchboard-sample-service iteration=1013 checkout-v2=false
runtime-evidence iteration=1013 monotonicNanos=843703373802 state=READY version=2 reconnects=1 snapshots=1 staleIntervals=1 staleMillis=563.570875
switchboard-sample-service iteration=1014 checkout-v2=false
runtime-evidence iteration=1014 monotonicNanos=843804987010 state=READY version=2 reconnects=1 snapshots=1 staleIntervals=1 staleMillis=563.570875
switchboard-sample-service iteration=1015 checkout-v2=false
runtime-evidence iteration=1015 monotonicNanos=843906961593 state=READY version=2 reconnects=1 snapshots=1 staleIntervals=1 staleMillis=563.570875
switchboard-sample-service iteration=1016 checkout-v2=false
runtime-evidence iteration=1016 monotonicNanos=844008833135 state=READY version=2 reconnects=1 snapshots=1 staleIntervals=1 staleMillis=563.570875
switchboard-sample-service iteration=1017 checkout-v2=false
runtime-evidence iteration=1017 monotonicNanos=844110498718 state=READY version=2 reconnects=1 snapshots=1 staleIntervals=1 staleMillis=563.570875
switchboard-sample-service iteration=1018 checkout-v2=false
runtime-evidence iteration=1018 monotonicNanos=844211707593 state=READY version=2 reconnects=1 snapshots=1 staleIntervals=1 staleMillis=563.570875
switchboard-sample-service iteration=1019 checkout-v2=false
runtime-evidence iteration=1019 monotonicNanos=844312562927 state=READY version=2 reconnects=1 snapshots=1 staleIntervals=1 staleMillis=563.570875
switchboard-sample-service iteration=1020 checkout-v2=false
runtime-evidence iteration=1020 monotonicNanos=844413600219 state=READY version=2 reconnects=1 snapshots=1 staleIntervals=1 staleMillis=563.570875
switchboard-sample-service iteration=1021 checkout-v2=false
runtime-evidence iteration=1021 monotonicNanos=844514636927 state=READY version=2 reconnects=1 snapshots=1 staleIntervals=1 staleMillis=563.570875
switchboard-sample-service iteration=1022 checkout-v2=false
runtime-evidence iteration=1022 monotonicNanos=844616222052 state=READY version=2 reconnects=1 snapshots=1 staleIntervals=1 staleMillis=563.570875
switchboard-sample-service iteration=1023 checkout-v2=false
runtime-evidence iteration=1023 monotonicNanos=844718835510 state=READY version=2 reconnects=1 snapshots=1 staleIntervals=1 staleMillis=563.570875
switchboard-sample-service iteration=1024 checkout-v2=false
runtime-evidence iteration=1024 monotonicNanos=844822195635 state=READY version=2 reconnects=1 snapshots=1 staleIntervals=1 staleMillis=563.570875
switchboard-sample-service iteration=1025 checkout-v2=false
runtime-evidence iteration=1025 monotonicNanos=844924282677 state=READY version=2 reconnects=1 snapshots=1 staleIntervals=1 staleMillis=563.570875
switchboard-sample-service iteration=1026 checkout-v2=false
runtime-evidence iteration=1026 monotonicNanos=845025884636 state=READY version=2 reconnects=1 snapshots=1 staleIntervals=1 staleMillis=563.570875
switchboard-sample-service iteration=1027 checkout-v2=false
runtime-evidence iteration=1027 monotonicNanos=845127563552 state=READY version=2 reconnects=1 snapshots=1 staleIntervals=1 staleMillis=563.570875
switchboard-sample-service iteration=1028 checkout-v2=false
runtime-evidence iteration=1028 monotonicNanos=845229240011 state=READY version=2 reconnects=1 snapshots=1 staleIntervals=1 staleMillis=563.570875
switchboard-sample-service iteration=1029 checkout-v2=false
runtime-evidence iteration=1029 monotonicNanos=845331803802 state=READY version=2 reconnects=1 snapshots=1 staleIntervals=1 staleMillis=563.570875
switchboard-sample-service iteration=1030 checkout-v2=false
runtime-evidence iteration=1030 monotonicNanos=845434440552 state=READY version=2 reconnects=1 snapshots=1 staleIntervals=1 staleMillis=563.570875
switchboard-sample-service iteration=1031 checkout-v2=false
runtime-evidence iteration=1031 monotonicNanos=845543652302 state=READY version=2 reconnects=1 snapshots=1 staleIntervals=1 staleMillis=563.570875
switchboard-sample-service iteration=1032 checkout-v2=false
runtime-evidence iteration=1032 monotonicNanos=845644737386 state=READY version=2 reconnects=1 snapshots=1 staleIntervals=1 staleMillis=563.570875
switchboard-sample-service iteration=1033 checkout-v2=false
runtime-evidence iteration=1033 monotonicNanos=845748796928 state=READY version=2 reconnects=1 snapshots=1 staleIntervals=1 staleMillis=563.570875
switchboard-sample-service iteration=1034 checkout-v2=false
runtime-evidence iteration=1034 monotonicNanos=845852823428 state=READY version=2 reconnects=1 snapshots=1 staleIntervals=1 staleMillis=563.570875
switchboard-sample-service iteration=1035 checkout-v2=false
runtime-evidence iteration=1035 monotonicNanos=845955320469 state=READY version=2 reconnects=1 snapshots=1 staleIntervals=1 staleMillis=563.570875
switchboard-sample-service iteration=1036 checkout-v2=false
runtime-evidence iteration=1036 monotonicNanos=846056620844 state=READY version=2 reconnects=1 snapshots=1 staleIntervals=1 staleMillis=563.570875
switchboard-sample-service iteration=1037 checkout-v2=false
runtime-evidence iteration=1037 monotonicNanos=846158159011 state=READY version=2 reconnects=1 snapshots=1 staleIntervals=1 staleMillis=563.570875
switchboard-sample-service iteration=1038 checkout-v2=false
runtime-evidence iteration=1038 monotonicNanos=846260818969 state=READY version=2 reconnects=1 snapshots=1 staleIntervals=1 staleMillis=563.570875
switchboard-sample-service iteration=1039 checkout-v2=false
runtime-evidence iteration=1039 monotonicNanos=846361882386 state=READY version=2 reconnects=1 snapshots=1 staleIntervals=1 staleMillis=563.570875
switchboard-sample-service iteration=1040 checkout-v2=false
runtime-evidence iteration=1040 monotonicNanos=846464616970 state=READY version=2 reconnects=1 snapshots=1 staleIntervals=1 staleMillis=563.570875
switchboard-sample-service iteration=1041 checkout-v2=false
runtime-evidence iteration=1041 monotonicNanos=846566346970 state=READY version=2 reconnects=1 snapshots=1 staleIntervals=1 staleMillis=563.570875
switchboard-sample-service iteration=1042 checkout-v2=false
runtime-evidence iteration=1042 monotonicNanos=846668066261 state=READY version=2 reconnects=1 snapshots=1 staleIntervals=1 staleMillis=563.570875
switchboard-sample-service iteration=1043 checkout-v2=false
runtime-evidence iteration=1043 monotonicNanos=846772686386 state=READY version=2 reconnects=1 snapshots=1 staleIntervals=1 staleMillis=563.570875
switchboard-sample-service iteration=1044 checkout-v2=false
runtime-evidence iteration=1044 monotonicNanos=846875836136 state=READY version=2 reconnects=1 snapshots=1 staleIntervals=1 staleMillis=563.570875
switchboard-sample-service iteration=1045 checkout-v2=false
runtime-evidence iteration=1045 monotonicNanos=846980077553 state=READY version=2 reconnects=1 snapshots=1 staleIntervals=1 staleMillis=563.570875
switchboard-sample-service iteration=1046 checkout-v2=false
runtime-evidence iteration=1046 monotonicNanos=847082803428 state=READY version=2 reconnects=1 snapshots=1 staleIntervals=1 staleMillis=563.570875
switchboard-sample-service iteration=1047 checkout-v2=false
runtime-evidence iteration=1047 monotonicNanos=847183571595 state=READY version=2 reconnects=1 snapshots=1 staleIntervals=1 staleMillis=563.570875
switchboard-sample-service iteration=1048 checkout-v2=false
runtime-evidence iteration=1048 monotonicNanos=847284970012 state=READY version=2 reconnects=1 snapshots=1 staleIntervals=1 staleMillis=563.570875
switchboard-sample-service iteration=1049 checkout-v2=false
runtime-evidence iteration=1049 monotonicNanos=847388485428 state=READY version=2 reconnects=1 snapshots=1 staleIntervals=1 staleMillis=563.570875
switchboard-sample-service iteration=1050 checkout-v2=false
runtime-evidence iteration=1050 monotonicNanos=847490782137 state=READY version=2 reconnects=1 snapshots=1 staleIntervals=1 staleMillis=563.570875
switchboard-sample-service iteration=1051 checkout-v2=false
runtime-evidence iteration=1051 monotonicNanos=847592554137 state=READY version=2 reconnects=1 snapshots=1 staleIntervals=1 staleMillis=563.570875
switchboard-sample-service iteration=1052 checkout-v2=false
runtime-evidence iteration=1052 monotonicNanos=847694235595 state=READY version=2 reconnects=1 snapshots=1 staleIntervals=1 staleMillis=563.570875
switchboard-sample-service iteration=1053 checkout-v2=false
runtime-evidence iteration=1053 monotonicNanos=847796293262 state=READY version=2 reconnects=1 snapshots=1 staleIntervals=1 staleMillis=563.570875
switchboard-sample-service iteration=1054 checkout-v2=false
runtime-evidence iteration=1054 monotonicNanos=847899753970 state=READY version=2 reconnects=1 snapshots=1 staleIntervals=1 staleMillis=563.570875
switchboard-sample-service iteration=1055 checkout-v2=false
runtime-evidence iteration=1055 monotonicNanos=848002176304 state=READY version=2 reconnects=1 snapshots=1 staleIntervals=1 staleMillis=563.570875
switchboard-sample-service iteration=1056 checkout-v2=false
runtime-evidence iteration=1056 monotonicNanos=848103700845 state=READY version=2 reconnects=1 snapshots=1 staleIntervals=1 staleMillis=563.570875
switchboard-sample-service iteration=1057 checkout-v2=false
runtime-evidence iteration=1057 monotonicNanos=848206192887 state=READY version=2 reconnects=1 snapshots=1 staleIntervals=1 staleMillis=563.570875
switchboard-sample-service iteration=1058 checkout-v2=false
runtime-evidence iteration=1058 monotonicNanos=848311146929 state=READY version=2 reconnects=1 snapshots=1 staleIntervals=1 staleMillis=563.570875
switchboard-sample-service iteration=1059 checkout-v2=false
runtime-evidence iteration=1059 monotonicNanos=848413522262 state=READY version=2 reconnects=1 snapshots=1 staleIntervals=1 staleMillis=563.570875
switchboard-sample-service iteration=1060 checkout-v2=false
runtime-evidence iteration=1060 monotonicNanos=848515168012 state=READY version=2 reconnects=1 snapshots=1 staleIntervals=1 staleMillis=563.570875
switchboard-sample-service iteration=1061 checkout-v2=false
runtime-evidence iteration=1061 monotonicNanos=848616568262 state=READY version=2 reconnects=1 snapshots=1 staleIntervals=1 staleMillis=563.570875
switchboard-sample-service iteration=1062 checkout-v2=false
runtime-evidence iteration=1062 monotonicNanos=848718136721 state=READY version=2 reconnects=1 snapshots=1 staleIntervals=1 staleMillis=563.570875
switchboard-sample-service iteration=1063 checkout-v2=false
runtime-evidence iteration=1063 monotonicNanos=848819883804 state=READY version=2 reconnects=1 snapshots=1 staleIntervals=1 staleMillis=563.570875
switchboard-sample-service iteration=1064 checkout-v2=false
runtime-evidence iteration=1064 monotonicNanos=848920914971 state=READY version=2 reconnects=1 snapshots=1 staleIntervals=1 staleMillis=563.570875
switchboard-sample-service iteration=1065 checkout-v2=false
runtime-evidence iteration=1065 monotonicNanos=849022861054 state=READY version=2 reconnects=1 snapshots=1 staleIntervals=1 staleMillis=563.570875
switchboard-sample-service iteration=1066 checkout-v2=false
runtime-evidence iteration=1066 monotonicNanos=849123643721 state=READY version=2 reconnects=1 snapshots=1 staleIntervals=1 staleMillis=563.570875
switchboard-sample-service iteration=1067 checkout-v2=false
runtime-evidence iteration=1067 monotonicNanos=849224846846 state=READY version=2 reconnects=1 snapshots=1 staleIntervals=1 staleMillis=563.570875
switchboard-sample-service iteration=1068 checkout-v2=false
runtime-evidence iteration=1068 monotonicNanos=849326617471 state=READY version=2 reconnects=1 snapshots=1 staleIntervals=1 staleMillis=563.570875
switchboard-sample-service iteration=1069 checkout-v2=false
runtime-evidence iteration=1069 monotonicNanos=849430407221 state=READY version=2 reconnects=1 snapshots=1 staleIntervals=1 staleMillis=563.570875
switchboard-sample-service iteration=1070 checkout-v2=false
runtime-evidence iteration=1070 monotonicNanos=849532071554 state=READY version=2 reconnects=1 snapshots=1 staleIntervals=1 staleMillis=563.570875
switchboard-sample-service iteration=1071 checkout-v2=false
runtime-evidence iteration=1071 monotonicNanos=849634825304 state=READY version=2 reconnects=1 snapshots=1 staleIntervals=1 staleMillis=563.570875
switchboard-sample-service iteration=1072 checkout-v2=false
runtime-evidence iteration=1072 monotonicNanos=849738883304 state=READY version=2 reconnects=1 snapshots=1 staleIntervals=1 staleMillis=563.570875
switchboard-sample-service iteration=1073 checkout-v2=false
runtime-evidence iteration=1073 monotonicNanos=849842153180 state=READY version=2 reconnects=1 snapshots=1 staleIntervals=1 staleMillis=563.570875
switchboard-sample-service iteration=1074 checkout-v2=false
runtime-evidence iteration=1074 monotonicNanos=849943975971 state=READY version=2 reconnects=1 snapshots=1 staleIntervals=1 staleMillis=563.570875
switchboard-sample-service iteration=1075 checkout-v2=false
runtime-evidence iteration=1075 monotonicNanos=850045655888 state=READY version=2 reconnects=1 snapshots=1 staleIntervals=1 staleMillis=563.570875
switchboard-sample-service iteration=1076 checkout-v2=false
runtime-evidence iteration=1076 monotonicNanos=850148449555 state=READY version=2 reconnects=1 snapshots=1 staleIntervals=1 staleMillis=563.570875
switchboard-sample-service iteration=1077 checkout-v2=false
runtime-evidence iteration=1077 monotonicNanos=850250978930 state=READY version=2 reconnects=1 snapshots=1 staleIntervals=1 staleMillis=563.570875
switchboard-sample-service iteration=1078 checkout-v2=false
runtime-evidence iteration=1078 monotonicNanos=850352810180 state=READY version=2 reconnects=1 snapshots=1 staleIntervals=1 staleMillis=563.570875
switchboard-sample-service iteration=1079 checkout-v2=false
runtime-evidence iteration=1079 monotonicNanos=850453902513 state=READY version=2 reconnects=1 snapshots=1 staleIntervals=1 staleMillis=563.570875
switchboard-sample-service iteration=1080 checkout-v2=false
runtime-evidence iteration=1080 monotonicNanos=850557639472 state=READY version=2 reconnects=1 snapshots=1 staleIntervals=1 staleMillis=563.570875
switchboard-sample-service iteration=1081 checkout-v2=false
runtime-evidence iteration=1081 monotonicNanos=850658993013 state=READY version=2 reconnects=1 snapshots=1 staleIntervals=1 staleMillis=563.570875
switchboard-sample-service iteration=1082 checkout-v2=false
runtime-evidence iteration=1082 monotonicNanos=850761859430 state=READY version=2 reconnects=1 snapshots=1 staleIntervals=1 staleMillis=563.570875
switchboard-sample-service iteration=1083 checkout-v2=false
runtime-evidence iteration=1083 monotonicNanos=850864366097 state=READY version=2 reconnects=1 snapshots=1 staleIntervals=1 staleMillis=563.570875
switchboard-sample-service iteration=1084 checkout-v2=false
runtime-evidence iteration=1084 monotonicNanos=850966761097 state=READY version=2 reconnects=1 snapshots=1 staleIntervals=1 staleMillis=563.570875
switchboard-sample-service iteration=1085 checkout-v2=false
runtime-evidence iteration=1085 monotonicNanos=851068505722 state=READY version=2 reconnects=1 snapshots=1 staleIntervals=1 staleMillis=563.570875
switchboard-sample-service iteration=1086 checkout-v2=false
runtime-evidence iteration=1086 monotonicNanos=851169523930 state=READY version=2 reconnects=1 snapshots=1 staleIntervals=1 staleMillis=563.570875
switchboard-sample-service iteration=1087 checkout-v2=false
runtime-evidence iteration=1087 monotonicNanos=851270662472 state=READY version=2 reconnects=1 snapshots=1 staleIntervals=1 staleMillis=563.570875
switchboard-sample-service iteration=1088 checkout-v2=false
runtime-evidence iteration=1088 monotonicNanos=851371530180 state=READY version=2 reconnects=1 snapshots=1 staleIntervals=1 staleMillis=563.570875
switchboard-sample-service iteration=1089 checkout-v2=false
runtime-evidence iteration=1089 monotonicNanos=851472825639 state=READY version=2 reconnects=1 snapshots=1 staleIntervals=1 staleMillis=563.570875
switchboard-sample-service iteration=1090 checkout-v2=false
runtime-evidence iteration=1090 monotonicNanos=851574668514 state=READY version=2 reconnects=1 snapshots=1 staleIntervals=1 staleMillis=563.570875
switchboard-sample-service iteration=1091 checkout-v2=false
runtime-evidence iteration=1091 monotonicNanos=851676367555 state=READY version=2 reconnects=1 snapshots=1 staleIntervals=1 staleMillis=563.570875
switchboard-sample-service iteration=1092 checkout-v2=false
runtime-evidence iteration=1092 monotonicNanos=851780963639 state=READY version=2 reconnects=1 snapshots=1 staleIntervals=1 staleMillis=563.570875
switchboard-sample-service iteration=1093 checkout-v2=false
runtime-evidence iteration=1093 monotonicNanos=851883443847 state=READY version=2 reconnects=1 snapshots=1 staleIntervals=1 staleMillis=563.570875
switchboard-sample-service iteration=1094 checkout-v2=false
runtime-evidence iteration=1094 monotonicNanos=851986941264 state=READY version=2 reconnects=1 snapshots=1 staleIntervals=1 staleMillis=563.570875
switchboard-sample-service iteration=1095 checkout-v2=false
runtime-evidence iteration=1095 monotonicNanos=852088641306 state=READY version=2 reconnects=1 snapshots=1 staleIntervals=1 staleMillis=563.570875
switchboard-sample-service iteration=1096 checkout-v2=false
runtime-evidence iteration=1096 monotonicNanos=852195421264 state=READY version=2 reconnects=1 snapshots=1 staleIntervals=1 staleMillis=563.570875
switchboard-sample-service iteration=1097 checkout-v2=false
runtime-evidence iteration=1097 monotonicNanos=852297621306 state=READY version=2 reconnects=1 snapshots=1 staleIntervals=1 staleMillis=563.570875
switchboard-sample-service iteration=1098 checkout-v2=false
runtime-evidence iteration=1098 monotonicNanos=852399082389 state=READY version=2 reconnects=1 snapshots=1 staleIntervals=1 staleMillis=563.570875
switchboard-sample-service iteration=1099 checkout-v2=false
runtime-evidence iteration=1099 monotonicNanos=852506967472 state=READY version=2 reconnects=1 snapshots=1 staleIntervals=1 staleMillis=563.570875
switchboard-sample-service iteration=1100 checkout-v2=false
runtime-evidence iteration=1100 monotonicNanos=852608718389 state=READY version=2 reconnects=1 snapshots=1 staleIntervals=1 staleMillis=563.570875
switchboard-sample-service iteration=1101 checkout-v2=false
runtime-evidence iteration=1101 monotonicNanos=852714623848 state=READY version=2 reconnects=1 snapshots=1 staleIntervals=1 staleMillis=563.570875
switchboard-sample-service iteration=1102 checkout-v2=false
runtime-evidence iteration=1102 monotonicNanos=852816265264 state=READY version=2 reconnects=1 snapshots=1 staleIntervals=1 staleMillis=563.570875
switchboard-sample-service iteration=1103 checkout-v2=false
runtime-evidence iteration=1103 monotonicNanos=852942737639 state=READY version=2 reconnects=1 snapshots=1 staleIntervals=1 staleMillis=563.570875
switchboard-sample-service iteration=1104 checkout-v2=false
runtime-evidence iteration=1104 monotonicNanos=853045614806 state=READY version=2 reconnects=1 snapshots=1 staleIntervals=1 staleMillis=563.570875
switchboard-sample-service iteration=1105 checkout-v2=false
runtime-evidence iteration=1105 monotonicNanos=853147033639 state=READY version=2 reconnects=1 snapshots=1 staleIntervals=1 staleMillis=563.570875
switchboard-sample-service iteration=1106 checkout-v2=false
runtime-evidence iteration=1106 monotonicNanos=853250253014 state=READY version=2 reconnects=1 snapshots=1 staleIntervals=1 staleMillis=563.570875
switchboard-sample-service iteration=1107 checkout-v2=false
runtime-evidence iteration=1107 monotonicNanos=853353901140 state=READY version=2 reconnects=1 snapshots=1 staleIntervals=1 staleMillis=563.570875
switchboard-sample-service iteration=1108 checkout-v2=false
runtime-evidence iteration=1108 monotonicNanos=853459121223 state=READY version=2 reconnects=1 snapshots=1 staleIntervals=1 staleMillis=563.570875
switchboard-sample-service iteration=1109 checkout-v2=false
runtime-evidence iteration=1109 monotonicNanos=853560762140 state=READY version=2 reconnects=1 snapshots=1 staleIntervals=1 staleMillis=563.570875
switchboard-sample-service iteration=1110 checkout-v2=false
runtime-evidence iteration=1110 monotonicNanos=853661453515 state=READY version=2 reconnects=1 snapshots=1 staleIntervals=1 staleMillis=563.570875
switchboard-sample-service iteration=1111 checkout-v2=false
runtime-evidence iteration=1111 monotonicNanos=853763037098 state=READY version=2 reconnects=1 snapshots=1 staleIntervals=1 staleMillis=563.570875
switchboard-sample-service iteration=1112 checkout-v2=false
runtime-evidence iteration=1112 monotonicNanos=853864846556 state=READY version=2 reconnects=1 snapshots=1 staleIntervals=1 staleMillis=563.570875
switchboard-sample-service iteration=1113 checkout-v2=false
runtime-evidence iteration=1113 monotonicNanos=853966671723 state=READY version=2 reconnects=1 snapshots=1 staleIntervals=1 staleMillis=563.570875
switchboard-sample-service iteration=1114 checkout-v2=false
runtime-evidence iteration=1114 monotonicNanos=854067419223 state=READY version=2 reconnects=1 snapshots=1 staleIntervals=1 staleMillis=563.570875
switchboard-sample-service iteration=1115 checkout-v2=false
runtime-evidence iteration=1115 monotonicNanos=854168784557 state=READY version=2 reconnects=1 snapshots=1 staleIntervals=1 staleMillis=563.570875
switchboard-sample-service iteration=1116 checkout-v2=false
runtime-evidence iteration=1116 monotonicNanos=854270680182 state=READY version=2 reconnects=1 snapshots=1 staleIntervals=1 staleMillis=563.570875
switchboard-sample-service iteration=1117 checkout-v2=false
runtime-evidence iteration=1117 monotonicNanos=854372782723 state=READY version=2 reconnects=1 snapshots=1 staleIntervals=1 staleMillis=563.570875
switchboard-sample-service iteration=1118 checkout-v2=false
runtime-evidence iteration=1118 monotonicNanos=854477180848 state=READY version=2 reconnects=1 snapshots=1 staleIntervals=1 staleMillis=563.570875
switchboard-sample-service iteration=1119 checkout-v2=false
runtime-evidence iteration=1119 monotonicNanos=854578870890 state=READY version=2 reconnects=1 snapshots=1 staleIntervals=1 staleMillis=563.570875
switchboard-sample-service iteration=1120 checkout-v2=false
runtime-evidence iteration=1120 monotonicNanos=854683505057 state=READY version=2 reconnects=1 snapshots=1 staleIntervals=1 staleMillis=563.570875
switchboard-sample-service iteration=1121 checkout-v2=false
runtime-evidence iteration=1121 monotonicNanos=854784813390 state=READY version=2 reconnects=1 snapshots=1 staleIntervals=1 staleMillis=563.570875
switchboard-sample-service iteration=1122 checkout-v2=false
runtime-evidence iteration=1122 monotonicNanos=854886841599 state=READY version=2 reconnects=1 snapshots=1 staleIntervals=1 staleMillis=563.570875
switchboard-sample-service iteration=1123 checkout-v2=false
runtime-evidence iteration=1123 monotonicNanos=854988885015 state=READY version=2 reconnects=1 snapshots=1 staleIntervals=1 staleMillis=563.570875
switchboard-sample-service iteration=1124 checkout-v2=false
runtime-evidence iteration=1124 monotonicNanos=855089491974 state=READY version=2 reconnects=1 snapshots=1 staleIntervals=1 staleMillis=563.570875
switchboard-sample-service iteration=1125 checkout-v2=false
runtime-evidence iteration=1125 monotonicNanos=855191066390 state=READY version=2 reconnects=1 snapshots=1 staleIntervals=1 staleMillis=563.570875
switchboard-sample-service iteration=1126 checkout-v2=false
runtime-evidence iteration=1126 monotonicNanos=855294145224 state=READY version=2 reconnects=1 snapshots=1 staleIntervals=1 staleMillis=563.570875
switchboard-sample-service iteration=1127 checkout-v2=false
runtime-evidence iteration=1127 monotonicNanos=855397335265 state=READY version=2 reconnects=1 snapshots=1 staleIntervals=1 staleMillis=563.570875
switchboard-sample-service iteration=1128 checkout-v2=false
runtime-evidence iteration=1128 monotonicNanos=855500152307 state=READY version=2 reconnects=1 snapshots=1 staleIntervals=1 staleMillis=563.570875
switchboard-sample-service iteration=1129 checkout-v2=false
runtime-evidence iteration=1129 monotonicNanos=855604868724 state=READY version=2 reconnects=1 snapshots=1 staleIntervals=1 staleMillis=563.570875
switchboard-sample-service iteration=1130 checkout-v2=false
runtime-evidence iteration=1130 monotonicNanos=855705625391 state=READY version=2 reconnects=1 snapshots=1 staleIntervals=1 staleMillis=563.570875
switchboard-sample-service iteration=1131 checkout-v2=false
runtime-evidence iteration=1131 monotonicNanos=855806511349 state=READY version=2 reconnects=1 snapshots=1 staleIntervals=1 staleMillis=563.570875
switchboard-sample-service iteration=1132 checkout-v2=false
runtime-evidence iteration=1132 monotonicNanos=855908041099 state=READY version=2 reconnects=1 snapshots=1 staleIntervals=1 staleMillis=563.570875
switchboard-sample-service iteration=1133 checkout-v2=false
runtime-evidence iteration=1133 monotonicNanos=856010559724 state=READY version=2 reconnects=1 snapshots=1 staleIntervals=1 staleMillis=563.570875
switchboard-sample-service iteration=1134 checkout-v2=false
runtime-evidence iteration=1134 monotonicNanos=856112512516 state=READY version=2 reconnects=1 snapshots=1 staleIntervals=1 staleMillis=563.570875
switchboard-sample-service iteration=1135 checkout-v2=false
runtime-evidence iteration=1135 monotonicNanos=856214575849 state=READY version=2 reconnects=1 snapshots=1 staleIntervals=1 staleMillis=563.570875
switchboard-sample-service iteration=1136 checkout-v2=false
runtime-evidence iteration=1136 monotonicNanos=856315982183 state=READY version=2 reconnects=1 snapshots=1 staleIntervals=1 staleMillis=563.570875
switchboard-sample-service iteration=1137 checkout-v2=false
runtime-evidence iteration=1137 monotonicNanos=856432344016 state=READY version=2 reconnects=1 snapshots=1 staleIntervals=1 staleMillis=563.570875
switchboard-sample-service iteration=1138 checkout-v2=false
runtime-evidence iteration=1138 monotonicNanos=856533952891 state=READY version=2 reconnects=1 snapshots=1 staleIntervals=1 staleMillis=563.570875
switchboard-sample-service iteration=1139 checkout-v2=false
runtime-evidence iteration=1139 monotonicNanos=856637336766 state=READY version=2 reconnects=1 snapshots=1 staleIntervals=1 staleMillis=563.570875
switchboard-sample-service iteration=1140 checkout-v2=false
runtime-evidence iteration=1140 monotonicNanos=856739196933 state=READY version=2 reconnects=1 snapshots=1 staleIntervals=1 staleMillis=563.570875
switchboard-sample-service iteration=1141 checkout-v2=false
runtime-evidence iteration=1141 monotonicNanos=856844506391 state=READY version=2 reconnects=1 snapshots=1 staleIntervals=1 staleMillis=563.570875
switchboard-sample-service iteration=1142 checkout-v2=false
runtime-evidence iteration=1142 monotonicNanos=856949684183 state=READY version=2 reconnects=1 snapshots=1 staleIntervals=1 staleMillis=563.570875
switchboard-sample-service iteration=1143 checkout-v2=false
runtime-evidence iteration=1143 monotonicNanos=857050981933 state=READY version=2 reconnects=1 snapshots=1 staleIntervals=1 staleMillis=563.570875
switchboard-sample-service iteration=1144 checkout-v2=false
runtime-evidence iteration=1144 monotonicNanos=857152816641 state=READY version=2 reconnects=1 snapshots=1 staleIntervals=1 staleMillis=563.570875
switchboard-sample-service iteration=1145 checkout-v2=false
runtime-evidence iteration=1145 monotonicNanos=857254484058 state=READY version=2 reconnects=1 snapshots=1 staleIntervals=1 staleMillis=563.570875
switchboard-sample-service iteration=1146 checkout-v2=false
runtime-evidence iteration=1146 monotonicNanos=857355568600 state=READY version=2 reconnects=1 snapshots=1 staleIntervals=1 staleMillis=563.570875
switchboard-sample-service iteration=1147 checkout-v2=false
runtime-evidence iteration=1147 monotonicNanos=857457319266 state=READY version=2 reconnects=1 snapshots=1 staleIntervals=1 staleMillis=563.570875
switchboard-sample-service iteration=1148 checkout-v2=false
runtime-evidence iteration=1148 monotonicNanos=857559140892 state=READY version=2 reconnects=1 snapshots=1 staleIntervals=1 staleMillis=563.570875
switchboard-sample-service iteration=1149 checkout-v2=false
runtime-evidence iteration=1149 monotonicNanos=857661056100 state=READY version=2 reconnects=1 snapshots=1 staleIntervals=1 staleMillis=563.570875
switchboard-sample-service iteration=1150 checkout-v2=false
runtime-evidence iteration=1150 monotonicNanos=857761677350 state=READY version=2 reconnects=1 snapshots=1 staleIntervals=1 staleMillis=563.570875
switchboard-sample-service iteration=1151 checkout-v2=false
runtime-evidence iteration=1151 monotonicNanos=857865762517 state=READY version=2 reconnects=1 snapshots=1 staleIntervals=1 staleMillis=563.570875
switchboard-sample-service iteration=1152 checkout-v2=false
runtime-evidence iteration=1152 monotonicNanos=857967200058 state=READY version=2 reconnects=1 snapshots=1 staleIntervals=1 staleMillis=563.570875
switchboard-sample-service iteration=1153 checkout-v2=false
runtime-evidence iteration=1153 monotonicNanos=858068633850 state=READY version=2 reconnects=1 snapshots=1 staleIntervals=1 staleMillis=563.570875
switchboard-sample-service iteration=1154 checkout-v2=false
runtime-evidence iteration=1154 monotonicNanos=858172803267 state=READY version=2 reconnects=1 snapshots=1 staleIntervals=1 staleMillis=563.570875
switchboard-sample-service iteration=1155 checkout-v2=false
runtime-evidence iteration=1155 monotonicNanos=858274408975 state=READY version=2 reconnects=1 snapshots=1 staleIntervals=1 staleMillis=563.570875
switchboard-sample-service iteration=1156 checkout-v2=false
runtime-evidence iteration=1156 monotonicNanos=858375407225 state=READY version=2 reconnects=1 snapshots=1 staleIntervals=1 staleMillis=563.570875
switchboard-sample-service iteration=1157 checkout-v2=false
runtime-evidence iteration=1157 monotonicNanos=858480164559 state=READY version=2 reconnects=1 snapshots=1 staleIntervals=1 staleMillis=563.570875
switchboard-sample-service iteration=1158 checkout-v2=false
runtime-evidence iteration=1158 monotonicNanos=858582077267 state=READY version=2 reconnects=1 snapshots=1 staleIntervals=1 staleMillis=563.570875
switchboard-sample-service iteration=1159 checkout-v2=false
runtime-evidence iteration=1159 monotonicNanos=858685543642 state=READY version=2 reconnects=1 snapshots=1 staleIntervals=1 staleMillis=563.570875
switchboard-sample-service iteration=1160 checkout-v2=false
runtime-evidence iteration=1160 monotonicNanos=858791099809 state=READY version=2 reconnects=1 snapshots=1 staleIntervals=1 staleMillis=563.570875
switchboard-sample-service iteration=1161 checkout-v2=false
runtime-evidence iteration=1161 monotonicNanos=858892521184 state=READY version=2 reconnects=1 snapshots=1 staleIntervals=1 staleMillis=563.570875
switchboard-sample-service iteration=1162 checkout-v2=false
runtime-evidence iteration=1162 monotonicNanos=858993922017 state=READY version=2 reconnects=1 snapshots=1 staleIntervals=1 staleMillis=563.570875
switchboard-sample-service iteration=1163 checkout-v2=false
runtime-evidence iteration=1163 monotonicNanos=859096141726 state=READY version=2 reconnects=1 snapshots=1 staleIntervals=1 staleMillis=563.570875
switchboard-sample-service iteration=1164 checkout-v2=false
runtime-evidence iteration=1164 monotonicNanos=859198590059 state=READY version=2 reconnects=1 snapshots=1 staleIntervals=1 staleMillis=563.570875
switchboard-sample-service iteration=1165 checkout-v2=false
runtime-evidence iteration=1165 monotonicNanos=859300115684 state=READY version=2 reconnects=1 snapshots=1 staleIntervals=1 staleMillis=563.570875
switchboard-sample-service iteration=1166 checkout-v2=false
runtime-evidence iteration=1166 monotonicNanos=859401539726 state=READY version=2 reconnects=1 snapshots=1 staleIntervals=1 staleMillis=563.570875
switchboard-sample-service iteration=1167 checkout-v2=false
runtime-evidence iteration=1167 monotonicNanos=859502922851 state=READY version=2 reconnects=1 snapshots=1 staleIntervals=1 staleMillis=563.570875
switchboard-sample-service iteration=1168 checkout-v2=false
runtime-evidence iteration=1168 monotonicNanos=859607806601 state=READY version=2 reconnects=1 snapshots=1 staleIntervals=1 staleMillis=563.570875
switchboard-sample-service iteration=1169 checkout-v2=false
runtime-evidence iteration=1169 monotonicNanos=859711344101 state=READY version=2 reconnects=1 snapshots=1 staleIntervals=1 staleMillis=563.570875
switchboard-sample-service iteration=1170 checkout-v2=false
runtime-evidence iteration=1170 monotonicNanos=859813839809 state=READY version=2 reconnects=1 snapshots=1 staleIntervals=1 staleMillis=563.570875
switchboard-sample-service iteration=1171 checkout-v2=false
runtime-evidence iteration=1171 monotonicNanos=859916865393 state=READY version=2 reconnects=1 snapshots=1 staleIntervals=1 staleMillis=563.570875
switchboard-sample-service iteration=1172 checkout-v2=false
runtime-evidence iteration=1172 monotonicNanos=860017464559 state=READY version=2 reconnects=1 snapshots=1 staleIntervals=1 staleMillis=563.570875
switchboard-sample-service iteration=1173 checkout-v2=false
runtime-evidence iteration=1173 monotonicNanos=860119825143 state=READY version=2 reconnects=1 snapshots=1 staleIntervals=1 staleMillis=563.570875
switchboard-sample-service iteration=1174 checkout-v2=false
runtime-evidence iteration=1174 monotonicNanos=860221085059 state=READY version=2 reconnects=1 snapshots=1 staleIntervals=1 staleMillis=563.570875
switchboard-sample-service iteration=1175 checkout-v2=false
runtime-evidence iteration=1175 monotonicNanos=860323042601 state=READY version=2 reconnects=1 snapshots=1 staleIntervals=1 staleMillis=563.570875
switchboard-sample-service iteration=1176 checkout-v2=false
runtime-evidence iteration=1176 monotonicNanos=860425775310 state=READY version=2 reconnects=1 snapshots=1 staleIntervals=1 staleMillis=563.570875
switchboard-sample-service iteration=1177 checkout-v2=false
runtime-evidence iteration=1177 monotonicNanos=860530480310 state=READY version=2 reconnects=1 snapshots=1 staleIntervals=1 staleMillis=563.570875
switchboard-sample-service iteration=1178 checkout-v2=false
runtime-evidence iteration=1178 monotonicNanos=860632561518 state=READY version=2 reconnects=1 snapshots=1 staleIntervals=1 staleMillis=563.570875
switchboard-sample-service iteration=1179 checkout-v2=false
runtime-evidence iteration=1179 monotonicNanos=860735125935 state=READY version=2 reconnects=1 snapshots=1 staleIntervals=1 staleMillis=563.570875
switchboard-sample-service iteration=1180 checkout-v2=false
runtime-evidence iteration=1180 monotonicNanos=860839133560 state=READY version=2 reconnects=1 snapshots=1 staleIntervals=1 staleMillis=563.570875
switchboard-sample-service iteration=1181 checkout-v2=false
runtime-evidence iteration=1181 monotonicNanos=860942192726 state=READY version=2 reconnects=1 snapshots=1 staleIntervals=1 staleMillis=563.570875
switchboard-sample-service iteration=1182 checkout-v2=false
runtime-evidence iteration=1182 monotonicNanos=861043722143 state=READY version=2 reconnects=1 snapshots=1 staleIntervals=1 staleMillis=563.570875
switchboard-sample-service iteration=1183 checkout-v2=false
runtime-evidence iteration=1183 monotonicNanos=861144646977 state=READY version=2 reconnects=1 snapshots=1 staleIntervals=1 staleMillis=563.570875
switchboard-sample-service iteration=1184 checkout-v2=false
runtime-evidence iteration=1184 monotonicNanos=861245472143 state=READY version=2 reconnects=1 snapshots=1 staleIntervals=1 staleMillis=563.570875
switchboard-sample-service iteration=1185 checkout-v2=false
runtime-evidence iteration=1185 monotonicNanos=861346493518 state=READY version=2 reconnects=1 snapshots=1 staleIntervals=1 staleMillis=563.570875
switchboard-sample-service iteration=1186 checkout-v2=false
runtime-evidence iteration=1186 monotonicNanos=861447651977 state=READY version=2 reconnects=1 snapshots=1 staleIntervals=1 staleMillis=563.570875
switchboard-sample-service iteration=1187 checkout-v2=false
runtime-evidence iteration=1187 monotonicNanos=861549298893 state=READY version=2 reconnects=1 snapshots=1 staleIntervals=1 staleMillis=563.570875
switchboard-sample-service iteration=1188 checkout-v2=false
runtime-evidence iteration=1188 monotonicNanos=861650496643 state=READY version=2 reconnects=1 snapshots=1 staleIntervals=1 staleMillis=563.570875
switchboard-sample-service iteration=1189 checkout-v2=false
runtime-evidence iteration=1189 monotonicNanos=861751600102 state=READY version=2 reconnects=1 snapshots=1 staleIntervals=1 staleMillis=563.570875
switchboard-sample-service iteration=1190 checkout-v2=false
runtime-evidence iteration=1190 monotonicNanos=861853812310 state=READY version=2 reconnects=1 snapshots=1 staleIntervals=1 staleMillis=563.570875
switchboard-sample-service iteration=1191 checkout-v2=false
runtime-evidence iteration=1191 monotonicNanos=861954770769 state=READY version=2 reconnects=1 snapshots=1 staleIntervals=1 staleMillis=563.570875
switchboard-sample-service iteration=1192 checkout-v2=false
runtime-evidence iteration=1192 monotonicNanos=862055635810 state=READY version=2 reconnects=1 snapshots=1 staleIntervals=1 staleMillis=563.570875
switchboard-sample-service iteration=1193 checkout-v2=false
runtime-evidence iteration=1193 monotonicNanos=862157026769 state=READY version=2 reconnects=1 snapshots=1 staleIntervals=1 staleMillis=563.570875
switchboard-sample-service iteration=1194 checkout-v2=false
runtime-evidence iteration=1194 monotonicNanos=862259305894 state=READY version=2 reconnects=1 snapshots=1 staleIntervals=1 staleMillis=563.570875
switchboard-sample-service iteration=1195 checkout-v2=false
runtime-evidence iteration=1195 monotonicNanos=862361114935 state=READY version=2 reconnects=1 snapshots=1 staleIntervals=1 staleMillis=563.570875
switchboard-sample-service iteration=1196 checkout-v2=false
runtime-evidence iteration=1196 monotonicNanos=862462489186 state=READY version=2 reconnects=1 snapshots=1 staleIntervals=1 staleMillis=563.570875
switchboard-sample-service iteration=1197 checkout-v2=false
runtime-evidence iteration=1197 monotonicNanos=862563509519 state=READY version=2 reconnects=1 snapshots=1 staleIntervals=1 staleMillis=563.570875
switchboard-sample-service iteration=1198 checkout-v2=false
runtime-evidence iteration=1198 monotonicNanos=862664795144 state=READY version=2 reconnects=1 snapshots=1 staleIntervals=1 staleMillis=563.570875
switchboard-sample-service iteration=1199 checkout-v2=false
runtime-evidence iteration=1199 monotonicNanos=862767146519 state=READY version=2 reconnects=1 snapshots=1 staleIntervals=1 staleMillis=563.570875
switchboard-sample-service iteration=1200 checkout-v2=false
runtime-evidence iteration=1200 monotonicNanos=862870612561 state=READY version=2 reconnects=1 snapshots=1 staleIntervals=1 staleMillis=563.570875
